# x_m, y_m, w_tr_right_m, w_tr_left_m
-24.351039841813403, 99.46950592774826, 0.8124560390584067, 0.7476217532772511
-24.338000754141227, 99.40324692787904, 0.8124560390584067, 0.7476217532772511
-24.325237642792885, 99.336955416216, 0.8124560390584067, 0.7476217532772511
-24.312742420533095, 99.27063234350048, 0.8124560390584067, 0.7476217532772511
-24.30050700012655, 99.20427866047383, 0.8124560390584067, 0.7476217532772511
-24.288523294337992, 99.13789531787751, 0.8124560390584067, 0.7476217532772511
-24.276783215932106, 99.07148326645272, 0.8124560390584067, 0.7476217532772511
-24.265278677673585, 99.00504345694083, 0.8124560390584067, 0.7476217532772511
-24.254001592327178, 98.9385768400833, 0.8124560390584067, 0.7476217532772511
-24.242943872657573, 98.87208436662141, 0.8124560390584067, 0.7476217532772511
-24.232097431429455, 98.80556698729644, 0.8124560390584067, 0.7476217532772511
-24.221454181407577, 98.7390256528499, 0.8124560390584067, 0.7476217532772511
-24.211006035356622, 98.67246131402305, 0.8124560390584067, 0.7476217532772511
-24.200744906041294, 98.6058749215572, 0.8124560390584067, 0.7476217532772511
-24.190662706226316, 98.53926742619379, 0.8124560390584067, 0.7476217532772511
-24.180751348676388, 98.47263977867414, 0.8124560390584067, 0.7476217532772511
-24.17100274615622, 98.40599292973958, 0.8124560390584067, 0.7476217532772511
-24.161408811430526, 98.33932783013145, 0.8124560390584067, 0.7476217532772511
-24.15196145726401, 98.27264543059118, 0.8124560390584067, 0.7476217532772511
-24.142652596421385, 98.20594668186004, 0.8124560390584067, 0.7476217532772511
-24.133474141667353, 98.13923253467941, 0.8124560390584067, 0.7476217532772511
-24.124418005766625, 98.07250393979068, 0.8124560390584067, 0.7476217532772511
-24.11547610148391, 98.00576184793513, 0.8124560390584067, 0.7476217532772511
-24.10664034158392, 97.93900720985417, 0.8124560390584067, 0.7476217532772511
-24.097902638831357, 97.87224097628909, 0.8124560390584067, 0.7476217532772511
-24.089254905990938, 97.8054640979813, 0.8124560390584067, 0.7476217532772511
-24.080689055827367, 97.73867752567213, 0.8124560390584067, 0.7476217532772511
-24.072197001105344, 97.67188221010294, 0.8124560390584067, 0.7476217532772511
-24.063770654589593, 97.60507910201505, 0.8124560390584067, 0.7476217532772511
-24.055401929044812, 97.53826915214984, 0.8124560390584067, 0.7476217532772511
-24.047082737235726, 97.47145331124871, 0.8124560390584067, 0.7476217532772511
-24.038804991927016, 97.4046325300529, 0.8124560390584067, 0.7476217532772511
-24.030560605883412, 97.33780775930384, 0.8124560390584067, 0.7476217532772511
-24.022341491869614, 97.27097994974285, 0.8124560390584067, 0.7476217532772511
-24.014139562650335, 97.2041500521113, 0.8124560390584067, 0.7476217532772511
-24.00594673099029, 97.13731901715055, 0.8124560390584067, 0.7476217532772511
-23.997754909654166, 97.07048779560192, 0.8124560390584067, 0.7476217532772511
-23.98955601140669, 97.00365733820676, 0.8124560390584067, 0.7476217532772511
-23.98134194901257, 96.93682859570647, 0.8124560390584067, 0.7476217532772511
-23.973104635236506, 96.87000251884237, 0.8124560390584067, 0.7476217532772511
-23.964835982843212, 96.8031800583558, 0.8124560390584067, 0.7476217532772511
-23.956527904597394, 96.73636216498812, 0.8124560390584067, 0.7476217532772511
-23.948172313263758, 96.66954978948067, 0.8124560390584067, 0.7476217532772511
-23.939761121607027, 96.60274388257483, 0.8124560390584067, 0.7476217532772511
-23.931286242391895, 96.53594539501196, 0.8124560390584067, 0.7476217532772511
-23.922739588383074, 96.46915527753336, 0.8124560390584067, 0.7476217532772511
-23.914113072345273, 96.40237448088043, 0.8124560390584067, 0.7476217532772511
-23.905398607043207, 96.3356039557945, 0.8124560390584067, 0.7476217532772511
-23.89658810524157, 96.26884465301688, 0.8124560390584067, 0.7476217532772511
-23.88767347970509, 96.20209752328903, 0.8124560390584067, 0.7476217532772511
-23.87864664319846, 96.13536351735222, 0.8124560390584067, 0.7476217532772511
-23.869499508486392, 96.06864358594781, 0.8124560390584067, 0.7476217532772511
-23.860223988333605, 96.00193867981716, 0.8124560390584067, 0.7476217532772511
-23.850811995504788, 95.93524974970161, 0.8124560390584067, 0.7476217532772511
-23.84125544276467, 95.86857774634254, 0.8124560390584067, 0.7476217532772511
-23.83154624287794, 95.80192362048129, 0.8124560390584067, 0.7476217532772511
-23.821676308609327, 95.73528832285919, 0.8124560390584067, 0.7476217532772511
-23.81163755272353, 95.66867280421762, 0.8124560390584067, 0.7476217532772511
-23.80142188798525, 95.60207801529789, 0.8124560390584067, 0.7476217532772511
-23.79102122715921, 95.53550490684142, 0.8124560390584067, 0.7476217532772511
-23.780427483010108, 95.46895442958952, 0.8124560390584067, 0.7476217532772511
-23.769632603050514, 95.40242754317468, 0.8124560390584067, 0.7476217532772511
-23.758630455536682, 95.33592569870308, 0.8124560390584067, 0.7476217532772511
-23.74741779515371, 95.26945108585066, 0.8124560390584067, 0.7476217532772511
-23.73599161457275, 95.20300595518859, 0.8124560390584067, 0.7476217532772511
-23.724348906464943, 95.13659255728795, 0.8124560390584067, 0.7476217532772511
-23.712486663501423, 95.07021314271985, 0.8124560390584067, 0.7476217532772511
-23.700401878353336, 95.00386996205542, 0.8124560390584067, 0.7476217532772511
-23.688091543691826, 94.93756526586577, 0.8124560390584067, 0.7476217532772511
-23.675552652188003, 94.87130130472195, 0.8124560390584067, 0.7476217532772511
-23.66278219651305, 94.8050803291952, 0.8124560390584067, 0.7476217532772511
-23.649777169338073, 94.73890458985647, 0.8124560390584067, 0.7476217532772511
-23.63653456333423, 94.67277633727703, 0.8124560390584067, 0.7476217532772511
-23.62305137117265, 94.60669782202785, 0.8124560390584067, 0.7476217532772511
-23.60932458552448, 94.54067129468015, 0.8124560390584067, 0.7476217532772511
-23.595351199060858, 94.47469900580496, 0.8124560390584067, 0.7476217532772511
-23.581128204452916, 94.40878320597345, 0.8124560390584067, 0.7476217532772511
-23.566652594371813, 94.3429261457567, 0.8124560390584067, 0.7476217532772511
-23.551921361488656, 94.2771300757258, 0.8124560390584067, 0.7476217532772511
-23.536931498474623, 94.21139724645191, 0.8124560390584067, 0.7476217532772511
-23.521679998000828, 94.1457299085061, 0.8124560390584067, 0.7476217532772511
-23.506163852738414, 94.0801303124595, 0.8124560390584067, 0.7476217532772511
-23.49038005535853, 94.01460070888321, 0.8124560390584067, 0.7476217532772511
-23.474325598532303, 93.94914334834834, 0.8124560390584067, 0.7476217532772511
-23.45799747493088, 93.88376048142601, 0.8124560390584067, 0.7476217532772511
-23.441392677225405, 93.81845435868735, 0.8124560390584067, 0.7476217532772511
-23.42450819808701, 93.75322723070342, 0.8124560390584067, 0.7476217532772511
-23.40734103018684, 93.68808134804539, 0.8124560390584067, 0.7476217532772511
-23.389888166196027, 93.6230189612843, 0.8124560390584067, 0.7476217532772511
-23.37214659878573, 93.55804232099133, 0.8124560390584067, 0.7476217532772511
-23.354113320627057, 93.49315367773755, 0.8124560390584067, 0.7476217532772511
-23.335785324391168, 93.42835528209406, 0.8124560390584067, 0.7476217532772511
-23.317159602749197, 93.363649384632, 0.8124560390584067, 0.7476217532772511
-23.2982331483723, 93.29903823592251, 0.8124560390584067, 0.7476217532772511
-23.279002953931585, 93.2345240865366, 0.8124560390584067, 0.7476217532772511
-23.259466012098223, 93.17010918704545, 0.8124560390584067, 0.7476217532772511
-23.239619315543333, 93.10579578802015, 0.8124560390584067, 0.7476217532772511
-23.21945985693806, 93.04158614003188, 0.8124560390584067, 0.7476217532772511
-23.198984628953546, 92.97748249365164, 0.8124560390584067, 0.7476217532772511
-23.178191611891958, 92.91348667829418, 0.8124560390584067, 0.7476217532772511
-23.157084016504875, 92.84959829294863, 0.8124560390584067, 0.7476217532772511
-23.13566677851496, 92.78581620102307, 0.8124560390584067, 0.7476217532772511
-23.11394483471274, 92.7221392654702, 0.8124560390584067, 0.7476217532772511
-23.091923121888765, 92.6585663492428, 0.8124560390584067, 0.7476217532772511
-23.069606576833575, 92.5950963152935, 0.8124560390584067, 0.7476217532772511
-23.04700013633774, 92.53172802657511, 0.8124560390584067, 0.7476217532772511
-23.02410873719178, 92.4684603460403, 0.8124560390584067, 0.7476217532772511
-23.000937316186242, 92.40529213664173, 0.8124560390584067, 0.7476217532772511
-22.977490810111686, 92.3422222613322, 0.8124560390584067, 0.7476217532772511
-22.953774155758637, 92.27924958306434, 0.8124560390584067, 0.7476217532772511
-22.929792289917664, 92.21637296479096, 0.8124560390584067, 0.7476217532772511
-22.90555014937929, 92.15359126946473, 0.8124560390584067, 0.7476217532772511
-22.88105267093407, 92.09090336003833, 0.8124560390584067, 0.7476217532772511
-22.85630479137255, 92.02830809946452, 0.8124560390584067, 0.7476217532772511
-22.83131144748527, 91.96580435069599, 0.8124560390584067, 0.7476217532772511
-22.80607757606278, 91.90339097668546, 0.8124560390584067, 0.7476217532772511
-22.78060811389562, 91.84106684038568, 0.8124560390584067, 0.7476217532772511
-22.75490799777434, 91.7788308047493, 0.8124560390584067, 0.7476217532772511
-22.728982164489484, 91.71668173272909, 0.8124560390584067, 0.7476217532772511
-22.70283555083159, 91.65461848727769, 0.8124560390584067, 0.7476217532772511
-22.676473093591216, 91.5926399313479, 0.8124560390584067, 0.7476217532772511
-22.649899729558896, 91.5307449278924, 0.8124560390584067, 0.7476217532772511
-22.623120395525188, 91.46893233986391, 0.8124560390584067, 0.7476217532772511
-22.59614002828062, 91.40720103021513, 0.8124560390584067, 0.7476217532772511
-22.568963564615746, 91.34554986189876, 0.8124560390584067, 0.7476217532772511
-22.541595941321102, 91.28397769786757, 0.8124560390584067, 0.7476217532772511
-22.514042095187254, 91.22248340107421, 0.8124560390584067, 0.7476217532772511
-22.48630696300473, 91.16106583447144, 0.8124560390584067, 0.7476217532772511
-22.458395481564082, 91.09972386101198, 0.8124560390584067, 0.7476217532772511
-22.43031258765585, 91.03845634364849, 0.8124560390584067, 0.7476217532772511
-22.40206321807058, 90.97726214533373, 0.8124560390584067, 0.7476217532772511
-22.37365230959882, 90.9161401290204, 0.8124560390584067, 0.7476217532772511
-22.345084799031113, 90.85508915766123, 0.8124560390584067, 0.7476217532772511
-22.316365623158003, 90.7941080942089, 0.8124560390584067, 0.7476217532772511
-22.28749971877004, 90.73319580161616, 0.8124560390584067, 0.7476217532772511
-22.258492022657762, 90.67235114283571, 0.8124560390584067, 0.7476217532772511
-22.229347471611725, 90.61157298082026, 0.8124560390584067, 0.7476217532772511
-22.20007100242245, 90.55086017852251, 0.8124560390584067, 0.7476217532772511
-22.170667551880516, 90.49021159889524, 0.8124560390584067, 0.7476217532772511
-22.141142056776445, 90.42962610489107, 0.8124560390584067, 0.7476217532772511
-22.111499024364925, 90.36910256477401, 0.8124560390584067, 0.7476217532772511
-22.08174106554483, 90.30863987025664, 0.8124560390584067, 0.7476217532772511
-22.05187026804673, 90.24823691952054, 0.8124560390584067, 0.7476217532772511
-22.021888719584307, 90.18789261074745, 0.8124560390584067, 0.7476217532772511
-21.99179850787127, 90.1276058421192, 0.8124560390584067, 0.7476217532772511
-21.961601720621314, 90.06737551181756, 0.8124560390584067, 0.7476217532772511
-21.931300445548143, 90.00720051802439, 0.8124560390584067, 0.7476217532772511
-21.90089677036544, 89.9470797589214, 0.8124560390584067, 0.7476217532772511
-21.87039278278691, 89.88701213269039, 0.8124560390584067, 0.7476217532772511
-21.839790570526244, 89.82699653751318, 0.8124560390584067, 0.7476217532772511
-21.809092221297142, 89.76703187157156, 0.8124560390584067, 0.7476217532772511
-21.778299822813302, 89.70711703304731, 0.8124560390584067, 0.7476217532772511
-21.74741546278842, 89.64725092012225, 0.8124560390584067, 0.7476217532772511
-21.71644122893619, 89.58743243097811, 0.8124560390584067, 0.7476217532772511
-21.685379208970314, 89.5276604637967, 0.8124560390584067, 0.7476217532772511
-21.654231490604477, 89.46793391675986, 0.8124560390584067, 0.7476217532772511
-21.623000161552394, 89.40825168804932, 0.8124560390584067, 0.7476217532772511
-21.59168730952774, 89.34861267584692, 0.8124560390584067, 0.7476217532772511
-21.560295022244226, 89.28901577833443, 0.8124560390584067, 0.7476217532772511
-21.528825387415548, 89.22945989369362, 0.8124560390584067, 0.7476217532772511
-21.497280492755397, 89.16994392010629, 0.8124560390584067, 0.7476217532772511
-21.46566242597748, 89.11046675575429, 0.8124560390584067, 0.7476217532772511
-21.433973274795477, 89.05102729881933, 0.8124560390584067, 0.7476217532772511
-21.402215126923096, 88.99162444748325, 0.8124560390584067, 0.7476217532772511
-21.370390070074038, 88.93225709992781, 0.8124560390584067, 0.7476217532772511
-21.338500191961984, 88.87292415433483, 0.8124560390584067, 0.7476217532772511
-21.306547580300645, 88.81362450888608, 0.8124560390584067, 0.7476217532772511
-21.274534322803714, 88.75435706176336, 0.8124560390584067, 0.7476217532772511
-21.242462507184875, 88.69512071114845, 0.8124560390584067, 0.7476217532772511
-21.21033422115784, 88.63591435522315, 0.8124560390584067, 0.7476217532772511
-21.178151552436308, 88.57673689216927, 0.8124560390584067, 0.7476217532772511
-21.14591658873396, 88.51758722016856, 0.8124560390584067, 0.7476217532772511
-21.11363141776451, 88.45846423740285, 0.8124560390584067, 0.7476217532772511
-21.081298127241638, 88.39936684205392, 0.8124560390584067, 0.7476217532772511
-21.04891880487905, 88.34029393230354, 0.8124560390584067, 0.7476217532772511
-21.016495538390444, 88.28124440633351, 0.8124560390584067, 0.7476217532772511
-20.984030415489514, 88.22221716232565, 0.8124560390584067, 0.7476217532772511
-20.95152552388995, 88.16321109846172, 0.8124560390584067, 0.7476217532772511
-20.918982951305455, 88.1042251129235, 0.8124560390584067, 0.7476217532772511
-20.886404785449734, 88.04525810389282, 0.8124560390584067, 0.7476217532772511
-20.85379311403647, 87.98630896955144, 0.8124560390584067, 0.7476217532772511
-20.821150024779364, 87.92737660808118, 0.8124560390584067, 0.7476217532772511
-20.788477605392117, 87.8684599176638, 0.8124560390584067, 0.7476217532772511
-20.755777943588424, 87.80955779648114, 0.8124560390584067, 0.7476217532772511
-20.723053127081975, 87.75066914271491, 0.8124560390584067, 0.7476217532772511
-20.690305243586472, 87.69179285454696, 0.8124560390584067, 0.7476217532772511
-20.65753638081561, 87.63292783015908, 0.8124560390584067, 0.7476217532772511
-20.624748626483086, 87.57407296773302, 0.8124560390584067, 0.7476217532772511
-20.591944068302602, 87.51522716545064, 0.8124560390584067, 0.7476217532772511
-20.559124793987838, 87.45638932149363, 0.8124560390584067, 0.7476217532772511
-20.526292891252513, 87.39755833404391, 0.8124560390584067, 0.7476217532772511
-20.49345044781031, 87.33873310128317, 0.8124560390584067, 0.7476217532772511
-20.460599551374926, 87.27991252139323, 0.8124560390584067, 0.7476217532772511
-20.427742289660063, 87.22109549255589, 0.8124560390584067, 0.7476217532772511
-20.394880750379414, 87.16228091295295, 0.8124560390584067, 0.7476217532772511
-20.362017021246682, 87.10346768076617, 0.8124560390584067, 0.7476217532772511
-20.329153189975546, 87.04465469417735, 0.8124560390584067, 0.7476217532772511
-20.296291344279723, 86.98584085136832, 0.8124560390584067, 0.7476217532772511
-20.2634335718729, 86.92702505052083, 0.8124560390584067, 0.7476217532772511
-20.230581960468772, 86.86820618981665, 0.8124560390584067, 0.7476217532772511
-20.197738597781044, 86.80938316743763, 0.8124560390584067, 0.7476217532772511
-20.164905571523402, 86.75055488156553, 0.8124560390584067, 0.7476217532772511
-20.13208496940955, 86.69172023038216, 0.8124560390584067, 0.7476217532772511
-20.09927887915318, 86.63287811206926, 0.8124560390584067, 0.7476217532772511
-20.06648938846799, 86.57402742480866, 0.8124560390584067, 0.7476217532772511
-20.033718585067675, 86.51516706678217, 0.8124560390584067, 0.7476217532772511
-20.00096855666594, 86.45629593617154, 0.8124560390584067, 0.7476217532772511
-19.968241390976477, 86.39741293115858, 0.8124560390584067, 0.7476217532772511
-19.93553917571297, 86.3385169499251, 0.8124560390584067, 0.7476217532772511
-19.902863998589137, 86.27960689065284, 0.8124560390584067, 0.7476217532772511
-19.870217947318665, 86.22068165152368, 0.8124560390584067, 0.7476217532772511
-19.837603109615245, 86.1617401307193, 0.8124560390584067, 0.7476217532772511
-19.805021573192576, 86.10278122642154, 0.8124560390584067, 0.7476217532772511
-19.77247542576437, 86.04380383681222, 0.8124560390584067, 0.7476217532772511
-19.7399667550443, 85.98480686007309, 0.8124560390584067, 0.7476217532772511
-19.707497648746077, 85.92578919438597, 0.8124560390584067, 0.7476217532772511
-19.675070194583398, 85.86674973793264, 0.8124560390584067, 0.7476217532772511
-19.64268648026995, 85.80768738889489, 0.8124560390584067, 0.7476217532772511
-19.61034859351943, 85.74860104545446, 0.8124560390584067, 0.7476217532772511
-19.57805862204555, 85.68948960579327, 0.8124560390584067, 0.7476217532772511
-19.545818653561994, 85.63035196809298, 0.8124560390584067, 0.7476217532772511
-19.513630775782463, 85.57118703053547, 0.8124560390584067, 0.7476217532772511
-19.481497076420645, 85.51199369130245, 0.8124560390584067, 0.7476217532772511
-19.44941964319025, 85.4527708485758, 0.8124560390584067, 0.7476217532772511
-19.417400563804964, 85.39351740053722, 0.8124560390584067, 0.7476217532772511
-19.38544192597849, 85.3342322453686, 0.8124560390584067, 0.7476217532772511
-19.35354581742452, 85.27491428125165, 0.8124560390584067, 0.7476217532772511
-19.32171432585676, 85.2155624063682, 0.8124560390584067, 0.7476217532772511
-19.289949538988896, 85.15617551890003, 0.8124560390584067, 0.7476217532772511
-19.258253544534625, 85.09675251702892, 0.8124560390584067, 0.7476217532772511
-19.226628430207647, 85.03729229893666, 0.8124560390584067, 0.7476217532772511
-19.195076283721658, 84.97779376280508, 0.8124560390584067, 0.7476217532772511
-19.16359919279036, 84.91825580681596, 0.8124560390584067, 0.7476217532772511
-19.13219924512744, 84.85867732915104, 0.8124560390584067, 0.7476217532772511
-19.1008785284466, 84.79905722799215, 0.8124560390584067, 0.7476217532772511
-19.069639130461535, 84.7393944015211, 0.8124560390584067, 0.7476217532772511
-19.03848303061713, 84.67968781198526, 0.8124560390584067, 0.7476217532772511
-19.007410979931706, 84.61993714852565, 0.8124560390584067, 0.7476217532772511
-18.976422950997947, 84.56014256089905, 0.8124560390584067, 0.7476217532772511
-18.94551890405412, 84.5003042061727, 0.8124560390584067, 0.7476217532772511
-18.914698799338478, 84.44042224141376, 0.8124560390584067, 0.7476217532772511
-18.883962597089294, 84.38049682368946, 0.8124560390584067, 0.7476217532772511
-18.853310257544837, 84.32052811006703, 0.8124560390584067, 0.7476217532772511
-18.82274174094336, 84.26051625761363, 0.8124560390584067, 0.7476217532772511
-18.79225700752315, 84.20046142339652, 0.8124560390584067, 0.7476217532772511
-18.761856017522447, 84.14036376448288, 0.8124560390584067, 0.7476217532772511
-18.731538731179526, 84.08022343793994, 0.8124560390584067, 0.7476217532772511
-18.701305108732658, 84.02004060083492, 0.8124560390584067, 0.7476217532772511
-18.671155110420102, 83.959815410235, 0.8124560390584067, 0.7476217532772511
-18.64108869648012, 83.89954802320742, 0.8124560390584067, 0.7476217532772511
-18.61110582715099, 83.83923859681937, 0.8124560390584067, 0.7476217532772511
-18.581206462670956, 83.77888728813807, 0.8124560390584067, 0.7476217532772511
-18.5513905632783, 83.71849425423072, 0.8124560390584067, 0.7476217532772511
-18.521658089211282, 83.65805965216455, 0.8124560390584067, 0.7476217532772511
-18.492009000708165, 83.59758363900674, 0.8124560390584067, 0.7476217532772511
-18.46244325800722, 83.53706637182455, 0.8124560390584067, 0.7476217532772511
-18.432960821346704, 83.47650800768514, 0.8124560390584067, 0.7476217532772511
-18.40356165096489, 83.41590870365576, 0.8124560390584067, 0.7476217532772511
-18.374245707100034, 83.35526861680357, 0.8124560390584067, 0.7476217532772511
-18.34501294999041, 83.29458790419585, 0.8124560390584067, 0.7476217532772511
-18.315863339874277, 83.23386672289978, 0.8124560390584067, 0.7476217532772511
-18.286796836989904, 83.17310522998253, 0.8124560390584067, 0.7476217532772511
-18.257813401575554, 83.11230358251137, 0.8124560390584067, 0.7476217532772511
-18.228912993869496, 83.0514619375535, 0.8124560390584067, 0.7476217532772511
-18.200095574109984, 82.99058045217609, 0.8124560390584067, 0.7476217532772511
-18.171361102535293, 82.9296592834464, 0.8124560390584067, 0.7476217532772511
-18.142709539383688, 82.8686985884316, 0.8124560390584067, 0.7476217532772511
-18.11414084489343, 82.80769852419893, 0.8124560390584067, 0.7476217532772511
-18.08565497930278, 82.74665924781557, 0.8124560390584067, 0.7476217532772511
-18.05725190285002, 82.68558091634878, 0.8124560390584067, 0.7476217532772511
-18.028931575773395, 82.62446368686572, 0.8124560390584067, 0.7476217532772511
-18.000693958311178, 82.56330771643364, 0.8124560390584067, 0.7476217532772511
-17.97253901070164, 82.50211316211976, 0.8124560390584067, 0.7476217532772511
-17.94446669318304, 82.44088018099121, 0.8124560390584067, 0.7476217532772511
-17.91647696599364, 82.37960893011528, 0.8124560390584067, 0.7476217532772511
-17.888569789371715, 82.31829956655918, 0.8124560390584067, 0.7476217532772511
-17.860745123555514, 82.25695224739006, 0.8124560390584067, 0.7476217532772511
-17.83300292878332, 82.19556712967518, 0.8124560390584067, 0.7476217532772511
-17.80534316529339, 82.13414437048175, 0.8124560390584067, 0.7476217532772511
-17.77776579332398, 82.07268412687695, 0.8124560390584067, 0.7476217532772511
-17.75027077311337, 82.01118655592803, 0.8124560390584067, 0.7476217532772511
-17.72285806489982, 81.94965181470218, 0.8124560390584067, 0.7476217532772511
-17.695527628921596, 81.8880800602666, 0.8124560390584067, 0.7476217532772511
-17.668279425416955, 81.82647144968853, 0.8124560390584067, 0.7476217532772511
-17.641113414624172, 81.76482614003514, 0.8124560390584067, 0.7476217532772511
-17.614029556781507, 81.70314428837366, 0.8124560390584067, 0.7476217532772511
-17.587027812127225, 81.64142605177135, 0.8124560390584067, 0.7476217532772511
-17.56010814089959, 81.57967158729532, 0.8124560390584067, 0.7476217532772511
-17.53327050333688, 81.51788105201287, 0.8124560390584067, 0.7476217532772511
-17.50651485967734, 81.45605460299116, 0.8124560390584067, 0.7476217532772511
-17.47984117015924, 81.39419239729742, 0.8124560390584067, 0.7476217532772511
-17.453249395020855, 81.33229459199887, 0.8124560390584067, 0.7476217532772511
-17.42673949450045, 81.27036134416272, 0.8124560390584067, 0.7476217532772511
-17.400311428836275, 81.20839281085614, 0.8124560390584067, 0.7476217532772511
-17.373965158266614, 81.1463891491464, 0.8124560390584067, 0.7476217532772511
-17.34770064302971, 81.08435051610063, 0.8124560390584067, 0.7476217532772511
-17.321517843363857, 81.02227706878617, 0.8124560390584067, 0.7476217532772511
-17.29541671950729, 80.96016896427011, 0.8124560390584067, 0.7476217532772511
-17.269397231698292, 80.8980263596197, 0.8124560390584067, 0.7476217532772511
-17.243459340175118, 80.83584941190213, 0.8124560390584067, 0.7476217532772511
-17.21760300517604, 80.77363827818468, 0.8124560390584067, 0.7476217532772511
-17.19182818693933, 80.7113931155345, 0.8124560390584067, 0.7476217532772511
-17.16613484570324, 80.64911408101885, 0.8124560390584067, 0.7476217532772511
-17.140522941706042, 80.58680133170486, 0.8124560390584067, 0.7476217532772511
-17.114992435185997, 80.52445502465982, 0.8124560390584067, 0.7476217532772511
-17.089543286381364, 80.46207531695087, 0.8124560390584067, 0.7476217532772511
-17.064175455530428, 80.3996623656453, 0.8124560390584067, 0.7476217532772511
-17.038888902871438, 80.33721632781027, 0.8124560390584067, 0.7476217532772511
-17.013683588642664, 80.27473736051299, 0.8124560390584067, 0.7476217532772511
-16.98855947308236, 80.21222562082067, 0.8124560390584067, 0.7476217532772511
-16.963516516428815, 80.14968126580057, 0.8124560390584067, 0.7476217532772511
-16.93855467892027, 80.08710445251985, 0.8124560390584067, 0.7476217532772511
-16.913673920795002, 80.02449533804572, 0.8124560390584067, 0.7476217532772511
-16.888874202291277, 79.96185407944542, 0.8124560390584067, 0.7476217532772511
-16.86415548364736, 79.89918083378618, 0.8124560390584067, 0.7476217532772511
-16.83951772510151, 79.83647575813512, 0.8124560390584067, 0.7476217532772511
-16.814960886891992, 79.77373900955953, 0.8124560390584067, 0.7476217532772511
-16.79048492925708, 79.71097074512662, 0.8124560390584067, 0.7476217532772511
-16.766089812435027, 79.64817112190354, 0.8124560390584067, 0.7476217532772511
-16.741775496664104, 79.58534029695755, 0.8124560390584067, 0.7476217532772511
-16.71754194218258, 79.52247842735586, 0.8124560390584067, 0.7476217532772511
-16.69338910922872, 79.45958567016567, 0.8124560390584067, 0.7476217532772511
-16.66931695804078, 79.39666218245418, 0.8124560390584067, 0.7476217532772511
-16.64532544885703, 79.33370812128864, 0.8124560390584067, 0.7476217532772511
-16.621414541915737, 79.2707236437362, 0.8124560390584067, 0.7476217532772511
-16.597584197455163, 79.20770890686414, 0.8124560390584067, 0.7476217532772511
-16.573834375713577, 79.14466406773963, 0.8124560390584067, 0.7476217532772511
-16.55016503692924, 79.08158928342985, 0.8124560390584067, 0.7476217532772511
-16.526576141340424, 79.0184847110021, 0.8124560390584067, 0.7476217532772511
-16.503067649185382, 78.95535050752352, 0.8124560390584067, 0.7476217532772511
-16.47963952070239, 78.8921868300613, 0.8124560390584067, 0.7476217532772511
-16.456291716129705, 78.82899383568272, 0.8124560390584067, 0.7476217532772511
-16.433024195705595, 78.76577168145496, 0.8124560390584067, 0.7476217532772511
-16.409836919668326, 78.70252052444522, 0.8124560390584067, 0.7476217532772511
-16.38672984825617, 78.63924052172077, 0.8124560390584067, 0.7476217532772511
-16.363702941707377, 78.5759318303487, 0.8124560390584067, 0.7476217532772511
-16.34075616026022, 78.51259460739632, 0.8124560390584067, 0.7476217532772511
-16.31788946415297, 78.44922900993083, 0.8124560390584067, 0.7476217532772511
-16.29510281362388, 78.38583519501941, 0.8124560390584067, 0.7476217532772511
-16.272396168911225, 78.32241331972929, 0.8124560390584067, 0.7476217532772511
-16.249769490253268, 78.25896354112768, 0.8124560390584067, 0.7476217532772511
-16.227222737888262, 78.19548601628178, 0.8124560390584067, 0.7476217532772511
-16.20475587205449, 78.13198090225882, 0.8124560390584067, 0.7476217532772511
-16.18236885299021, 78.068448356126, 0.8124560390584067, 0.7476217532772511
-16.160061640933684, 78.00488853495051, 0.8124560390584067, 0.7476217532772511
-16.13783419612318, 77.94130159579959, 0.8124560390584067, 0.7476217532772511
-16.115686478796963, 77.87768769574045, 0.8124560390584067, 0.7476217532772511
-16.093618449193293, 77.81404699184029, 0.8124560390584067, 0.7476217532772511
-16.071630067550444, 77.75037964116629, 0.8124560390584067, 0.7476217532772511
-16.04972127637698, 77.68668580447861, 0.8124560390584067, 0.7476217532772511
-16.02789153856579, 77.62296574243634, 0.8124560390584067, 0.7476217532772511
-16.00613979372824, 77.55921982469256, 0.8124560390584067, 0.7476217532772511
-15.984464954992063, 77.49544842641667, 0.8124560390584067, 0.7476217532772511
-15.962865935484981, 77.43165192277806, 0.8124560390584067, 0.7476217532772511
-15.94134164833473, 77.36783068894617, 0.8124560390584067, 0.7476217532772511
-15.919891006669033, 77.30398510009037, 0.8124560390584067, 0.7476217532772511
-15.898512923615607, 77.24011553138004, 0.8124560390584067, 0.7476217532772511
-15.877206312302198, 77.17622235798461, 0.8124560390584067, 0.7476217532772511
-15.855970085856516, 77.11230595507345, 0.8124560390584067, 0.7476217532772511
-15.834803157406299, 77.04836669781601, 0.8124560390584067, 0.7476217532772511
-15.813704440079265, 76.98440496138161, 0.8124560390584067, 0.7476217532772511
-15.792672847003153, 76.92042112093974, 0.8124560390584067, 0.7476217532772511
-15.771707291305676, 76.85641555165968, 0.8124560390584067, 0.7476217532772511
-15.750806686114574, 76.79238862871094, 0.8124560390584067, 0.7476217532772511
-15.729969944557563, 76.72834072726283, 0.8124560390584067, 0.7476217532772511
-15.70919597976238, 76.66427222248483, 0.8124560390584067, 0.7476217532772511
-15.688483704856745, 76.60018348954627, 0.8124560390584067, 0.7476217532772511
-15.66783203296838, 76.53607490361655, 0.8124560390584067, 0.7476217532772511
-15.647239877225026, 76.47194683986511, 0.8124560390584067, 0.7476217532772511
-15.626706150754405, 76.40779967346134, 0.8124560390584067, 0.7476217532772511
-15.606229766684239, 76.34363377957462, 0.8124560390584067, 0.7476217532772511
-15.58580963814226, 76.27944953337433, 0.8124560390584067, 0.7476217532772511
-15.565444678256194, 76.21524731002992, 0.8124560390584067, 0.7476217532772511
-15.545133800153765, 76.15102748471074, 0.8124560390584067, 0.7476217532772511
-15.524875916962708, 76.08679043258623, 0.8124560390584067, 0.7476217532772511
-15.504669941810734, 76.02253652882571, 0.8124560390584067, 0.7476217532772511
-15.484514787825587, 75.95826614859865, 0.8124560390584067, 0.7476217532772511
-15.464409368134984, 75.89397966707442, 0.8124560390584067, 0.7476217532772511
-15.444352595866663, 75.82967745942247, 0.8124560390584067, 0.7476217532772511
-15.424343384148337, 75.7653599008121, 0.8124560390584067, 0.7476217532772511
-15.404380646107743, 75.7010273664128, 0.8124560390584067, 0.7476217532772511
-15.384463294872601, 75.6366802313939, 0.8124560390584067, 0.7476217532772511
-15.364590243570644, 75.57231887092483, 0.8124560390584067, 0.7476217532772511
-15.344760405329597, 75.50794366017499, 0.8124560390584067, 0.7476217532772511
-15.324972693277187, 75.44355497431376, 0.8124560390584067, 0.7476217532772511
-15.30522602054114, 75.37915318851054, 0.8124560390584067, 0.7476217532772511
-15.285519300249184, 75.31473867793476, 0.8124560390584067, 0.7476217532772511
-15.265851445529046, 75.25031181775576, 0.8124560390584067, 0.7476217532772511
-15.246221369508453, 75.18587298314299, 0.8124560390584067, 0.7476217532772511
-15.226627985315133, 75.12142254926582, 0.8124560390584067, 0.7476217532772511
-15.207070206076809, 75.05696089129364, 0.8124560390584067, 0.7476217532772511
-15.187546944921216, 74.9924883843959, 0.8124560390584067, 0.7476217532772511
-15.168057114976072, 74.92800540374193, 0.8124560390584067, 0.7476217532772511
-15.148599629369112, 74.86351232450117, 0.8124560390584067, 0.7476217532772511
-15.129173401228055, 74.79900952184299, 0.8124560390584067, 0.7476217532772511
-15.109777343680637, 74.73449737093682, 0.8124560390584067, 0.7476217532772511
-15.090410369854578, 74.66997624695203, 0.8124560390584067, 0.7476217532772511
-15.071071392877606, 74.60544652505801, 0.8124560390584067, 0.7476217532772511
-15.05175932587745, 74.5409085804242, 0.8124560390584067, 0.7476217532772511
-15.032473081981838, 74.47636278821996, 0.8124560390584067, 0.7476217532772511
-15.013211574318493, 74.4118095236147, 0.8124560390584067, 0.7476217532772511
-14.993973716015146, 74.34724916177782, 0.8124560390584067, 0.7476217532772511
-14.974758420199521, 74.2826820778787, 0.8124560390584067, 0.7476217532772511
-14.955564599999349, 74.21810864708678, 0.8124560390584067, 0.7476217532772511
-14.936391168542354, 74.1535292445714, 0.8124560390584067, 0.7476217532772511
-14.917237038956262, 74.088944245502, 0.8124560390584067, 0.7476217532772511
-14.898101124368804, 74.02435402504798, 0.8124560390584067, 0.7476217532772511
-14.878982337907704, 73.9597589583787, 0.8124560390584067, 0.7476217532772511
-14.85987959270069, 73.89515942066359, 0.8124560390584067, 0.7476217532772511
-14.840791801875486, 73.83055578707203, 0.8124560390584067, 0.7476217532772511
-14.821717878559824, 73.76594843277343, 0.8124560390584067, 0.7476217532772511
-14.802656870897758, 73.7013376854575, 0.8124560390584067, 0.7476217532772511
-14.783608584047721, 73.63672360660321, 0.8124560390584067, 0.7476217532772511
-14.764573086837338, 73.572106164968, 0.8124560390584067, 0.7476217532772511
-14.745550448363156, 73.50748532921466, 0.8124560390584067, 0.7476217532772511
-14.726540737721743, 73.44286106800602, 0.8124560390584067, 0.7476217532772511
-14.70754402400965, 73.37823335000489, 0.8124560390584067, 0.7476217532772511
-14.688560376323426, 73.31360214387409, 0.8124560390584067, 0.7476217532772511
-14.669589863759647, 73.24896741827652, 0.8124560390584067, 0.7476217532772511
-14.650632555414855, 73.18432914187491, 0.8124560390584067, 0.7476217532772511
-14.631688520385609, 73.11968728333213, 0.8124560390584067, 0.7476217532772511
-14.612757827768469, 73.05504181131096, 0.8124560390584067, 0.7476217532772511
-14.593840546659989, 72.99039269447428, 0.8124560390584067, 0.7476217532772511
-14.574936746156729, 72.9257399014849, 0.8124560390584067, 0.7476217532772511
-14.556046495355242, 72.86108340100562, 0.8124560390584067, 0.7476217532772511
-14.537169863352085, 72.7964231616993, 0.8124560390584067, 0.7476217532772511
-14.518306919243818, 72.7317591522287, 0.8124560390584067, 0.7476217532772511
-14.499457732126993, 72.66709134125672, 0.8124560390584067, 0.7476217532772511
-14.480622371098173, 72.60241969744614, 0.8124560390584067, 0.7476217532772511
-14.461800905253908, 72.53774418945979, 0.8124560390584067, 0.7476217532772511
-14.44299340369076, 72.4730647859605, 0.8124560390584067, 0.7476217532772511
-14.424199935505285, 72.40838145561109, 0.8124560390584067, 0.7476217532772511
-14.405420569794032, 72.34369416707436, 0.8124560390584067, 0.7476217532772511
-14.38665537565357, 72.2790028890132, 0.8124560390584067, 0.7476217532772511
-14.367904422180445, 72.21430759009036, 0.8124560390584067, 0.7476217532772511
-14.349167778471227, 72.14960823896872, 0.8124560390584067, 0.7476217532772511
-14.33044551362246, 72.08490480431107, 0.8124560390584067, 0.7476217532772511
-14.311737696730706, 72.02019725478024, 0.8124560390584067, 0.7476217532772511
-14.293044396892517, 71.95548555903906, 0.8124560390584067, 0.7476217532772511
-14.274365683204456, 71.89076968575034, 0.8124560390584067, 0.7476217532772511
-14.255701624763079, 71.82604960357693, 0.8124560390584067, 0.7476217532772511
-14.23705229066494, 71.76132528118163, 0.8124560390584067, 0.7476217532772511
-14.218417750006596, 71.69659668722728, 0.8124560390584067, 0.7476217532772511
-14.19979807188461, 71.6318637903767, 0.8124560390584067, 0.7476217532772511
-14.181193325395526, 71.56712655929272, 0.8124560390584067, 0.7476217532772511
-14.162603579635915, 71.50238496263813, 0.8124560390584067, 0.7476217532772511
-14.14402890370232, 71.43763896907579, 0.8124560390584067, 0.7476217532772511
-14.125469366691307, 71.37288854726849, 0.8124560390584067, 0.7476217532772511
-14.106925037699433, 71.3081336658791, 0.8124560390584067, 0.7476217532772511
-14.088395985823253, 71.24337429357043, 0.8124560390584067, 0.7476217532772511
-14.069882280159321, 71.17861039900528, 0.8124560390584067, 0.7476217532772511
-14.051383989804194, 71.11384195084648, 0.8124560390584067, 0.7476217532772511
-14.032901183854431, 71.04906891775686, 0.8124560390584067, 0.7476217532772511
-14.014433931406588, 70.98429126839923, 0.8124560390584067, 0.7476217532772511
-13.995982301557225, 70.91950897143647, 0.8124560390584067, 0.7476217532772511
-13.977546363402888, 70.85472199553132, 0.8124560390584067, 0.7476217532772511
-13.959126186040152, 70.78993030934667, 0.8124560390584067, 0.7476217532772511
-13.940721838565556, 70.72513388154532, 0.8124560390584067, 0.7476217532772511
-13.922333390075664, 70.66033268079008, 0.8124560390584067, 0.7476217532772511
-13.903960909667035, 70.59552667574378, 0.8124560390584067, 0.7476217532772511
-13.885604466436225, 70.53071583506927, 0.8124560390584067, 0.7476217532772511
-13.867264129479786, 70.46590012742936, 0.8124560390584067, 0.7476217532772511
-13.848939967894278, 70.40107952148686, 0.8124560390584067, 0.7476217532772511
-13.83063205077626, 70.3362539859046, 0.8124560390584067, 0.7476217532772511
-13.812340447222281, 70.27142348934541, 0.8124560390584067, 0.7476217532772511
-13.79406522632891, 70.2065880004721, 0.8124560390584067, 0.7476217532772511
-13.775806457192692, 70.14174748794753, 0.8124560390584067, 0.7476217532772511
-13.75756420891019, 70.07690192043448, 0.8124560390584067, 0.7476217532772511
-13.739338550577962, 70.01205126659579, 0.8124560390584067, 0.7476217532772511
-13.721129551292556, 69.94719549509429, 0.8124560390584067, 0.7476217532772511
-13.702937280158658, 69.88233457459175, 0.8124560390584067, 0.7476217532772511
-13.684761860746335, 69.81746846681499, 0.8124560390584067, 0.7476217532772511
-13.666603600905436, 69.75259711002676, 0.8124560390584067, 0.7476217532772511
-13.64846284742117, 69.68772043753216, 0.8124560390584067, 0.7476217532772511
-13.630339947078756, 69.6228383826364, 0.8124560390584067, 0.7476217532772511
-13.612235246663401, 69.55795087864458, 0.8124560390584067, 0.7476217532772511
-13.594149092960325, 69.49305785886189, 0.8124560390584067, 0.7476217532772511
-13.576081832754744, 69.4281592565935, 0.8124560390584067, 0.7476217532772511
-13.558033812831859, 69.36325500514454, 0.8124560390584067, 0.7476217532772511
-13.540005379976893, 69.29834503782014, 0.8124560390584067, 0.7476217532772511
-13.521996880975054, 69.23342928792549, 0.8124560390584067, 0.7476217532772511
-13.50400866261156, 69.16850768876576, 0.8124560390584067, 0.7476217532772511
-13.486041071671623, 69.1035801736461, 0.8124560390584067, 0.7476217532772511
-13.468094454940458, 69.03864667587162, 0.8124560390584067, 0.7476217532772511
-13.450169159203273, 68.9737071287475, 0.8124560390584067, 0.7476217532772511
-13.432265531245283, 68.90876146557889, 0.8124560390584067, 0.7476217532772511
-13.414383917851703, 68.84380961967096, 0.8124560390584067, 0.7476217532772511
-13.396524665807751, 68.77885152432887, 0.8124560390584067, 0.7476217532772511
-13.378688121898632, 68.71388711285775, 0.8124560390584067, 0.7476217532772511
-13.360874632909564, 68.64891631856278, 0.8124560390584067, 0.7476217532772511
-13.343084545625757, 68.58393907474908, 0.8124560390584067, 0.7476217532772511
-13.325318206832428, 68.51895531472185, 0.8124560390584067, 0.7476217532772511
-13.307575963314784, 68.45396497178618, 0.8124560390584067, 0.7476217532772511
-13.289858161858051, 68.38896797924731, 0.8124560390584067, 0.7476217532772511
-13.27216514924743, 68.32396427041031, 0.8124560390584067, 0.7476217532772511
-13.25449727226814, 68.2589537785804, 0.8124560390584067, 0.7476217532772511
-13.236854877705394, 68.19393643706272, 0.8124560390584067, 0.7476217532772511
-13.2192383123444, 68.12891217916237, 0.8124560390584067, 0.7476217532772511
-13.20164792297038, 68.0638809381846, 0.8124560390584067, 0.7476217532772511
-13.184084056368542, 67.99884264743447, 0.8124560390584067, 0.7476217532772511
-13.166547059324103, 67.9337972402172, 0.8124560390584067, 0.7476217532772511
-13.14903727862227, 67.86874464983794, 0.8124560390584067, 0.7476217532772511
-13.13155506104826, 67.80368480960179, 0.8124560390584067, 0.7476217532772511
-13.11410075338729, 67.73861765281399, 0.8124560390584067, 0.7476217532772511
-13.096674702424567, 67.6735431127796, 0.8124560390584067, 0.7476217532772511
-13.079277254945307, 67.60846112280385, 0.8124560390584067, 0.7476217532772511
-13.061908757734727, 67.54337161619186, 0.8124560390584067, 0.7476217532772511
-13.044569557578034, 67.47827452624878, 0.8124560390584067, 0.7476217532772511
-13.027260001260446, 67.4131697862798, 0.8124560390584067, 0.7476217532772511
-13.009980435567172, 67.34805732959003, 0.8124560390584067, 0.7476217532772511
-12.992731207283427, 67.28293708948463, 0.8124560390584067, 0.7476217532772511
-12.97551266319443, 67.21780899926883, 0.8124560390584067, 0.7476217532772511
-12.958325150085386, 67.15267299224769, 0.8124560390584067, 0.7476217532772511
-12.941169014741513, 67.0875290017264, 0.8124560390584067, 0.7476217532772511
-12.924044603948026, 67.02237696101011, 0.8124560390584067, 0.7476217532772511
-12.90695226449013, 66.95721680340398, 0.8124560390584067, 0.7476217532772511
-12.889892343153047, 66.89204846221317, 0.8124560390584067, 0.7476217532772511
-12.872865186721986, 66.82687187074283, 0.8124560390584067, 0.7476217532772511
-12.855871141982165, 66.76168696229811, 0.8124560390584067, 0.7476217532772511
-12.838910555718789, 66.69649367018417, 0.8124560390584067, 0.7476217532772511
-12.821983774717078, 66.63129192770616, 0.8124560390584067, 0.7476217532772511
-12.805091145762244, 66.56608166816925, 0.8124560390584067, 0.7476217532772511
-12.788233015639504, 66.50086282487858, 0.8124560390584067, 0.7476217532772511
-12.77140973113406, 66.4356353311393, 0.8124560390584067, 0.7476217532772511
-12.754621639031136, 66.37039912025655, 0.8124560390584067, 0.7476217532772511
-12.737869086115943, 66.30515412553555, 0.8124560390584067, 0.7476217532772511
-12.721152419173691, 66.2399002802814, 0.8124560390584067, 0.7476217532772511
-12.704471984989596, 66.17463751779924, 0.8124560390584067, 0.7476217532772511
-12.687828130348874, 66.1093657713943, 0.8124560390584067, 0.7476217532772511
-12.671221202036733, 66.04408497437166, 0.8124560390584067, 0.7476217532772511
-12.654651546423032, 65.97879506012917, 0.8124560390584067, 0.7476217532772511
-12.638119330714089, 65.91349600204647, 0.8124560390584067, 0.7476217532772511
-12.621624264155141, 65.84818787570096, 0.8124560390584067, 0.7476217532772511
-12.605165983865238, 65.78287077276538, 0.8124560390584067, 0.7476217532772511
-12.588744126963428, 65.71754478491269, 0.8124560390584067, 0.7476217532772511
-12.572358330568758, 65.65221000381571, 0.8124560390584067, 0.7476217532772511
-12.556008231800272, 65.58686652114729, 0.8124560390584067, 0.7476217532772511
-12.539693467777028, 65.52151442858032, 0.8124560390584067, 0.7476217532772511
-12.523413675618068, 65.45615381778767, 0.8124560390584067, 0.7476217532772511
-12.50716849244244, 65.39078478044217, 0.8124560390584067, 0.7476217532772511
-12.490957555369198, 65.32540740821673, 0.8124560390584067, 0.7476217532772511
-12.474780501517387, 65.26002179278419, 0.8124560390584067, 0.7476217532772511
-12.45863696800605, 65.19462802581738, 0.8124560390584067, 0.7476217532772511
-12.442526591954246, 65.12922619898922, 0.8124560390584067, 0.7476217532772511
-12.426449010481015, 65.06381640397255, 0.8124560390584067, 0.7476217532772511
-12.41040386070541, 64.99839873244024, 0.8124560390584067, 0.7476217532772511
-12.394390779746475, 64.93297327606516, 0.8124560390584067, 0.7476217532772511
-12.378409404723264, 64.86754012652013, 0.8124560390584067, 0.7476217532772511
-12.362459372754822, 64.80209937547806, 0.8124560390584067, 0.7476217532772511
-12.346540320960198, 64.73665111461182, 0.8124560390584067, 0.7476217532772511
-12.330651886458442, 64.67119543559421, 0.8124560390584067, 0.7476217532772511
-12.314793706368599, 64.60573243009817, 0.8124560390584067, 0.7476217532772511
-12.298965417809717, 64.54026218979652, 0.8124560390584067, 0.7476217532772511
-12.283166657900848, 64.47478480636212, 0.8124560390584067, 0.7476217532772511
-12.267397063761042, 64.40930037146789, 0.8124560390584067, 0.7476217532772511
-12.251656272509344, 64.34380897678665, 0.8124560390584067, 0.7476217532772511
-12.235943921264797, 64.27831071399122, 0.8124560390584067, 0.7476217532772511
-12.220259647146461, 64.21280567475455, 0.8124560390584067, 0.7476217532772511
-12.204603087273378, 64.14729395074946, 0.8124560390584067, 0.7476217532772511
-12.188973878764598, 64.08177563364879, 0.8124560390584067, 0.7476217532772511
-12.173371658739168, 64.01625081512546, 0.8124560390584067, 0.7476217532772511
-12.157796064316132, 63.950719586852294, 0.8124560390584067, 0.7476217532772511
-12.14224673261455, 63.88518204050219, 0.8124560390584067, 0.7476217532772511
-12.12672330075346, 63.81963826774796, 0.8124560390584067, 0.7476217532772511
-12.111225405851918, 63.75408836026252, 0.8124560390584067, 0.7476217532772511
-12.095752685028964, 63.6885324097187, 0.8124560390584067, 0.7476217532772511
-12.080304775403652, 63.622970507789375, 0.8124560390584067, 0.7476217532772511
-12.06488131409503, 63.55740274614742, 0.8124560390584067, 0.7476217532772511
-12.049481938222145, 63.491829216465675, 0.8124560390584067, 0.7476217532772511
-12.034106284904047, 63.426250010417014, 0.8124560390584067, 0.7476217532772511
-12.01875399125978, 63.36066521967429, 0.8124560390584067, 0.7476217532772511
-12.003424694408404, 63.295074935910414, 0.8124560390584067, 0.7476217532772511
-11.988118031468955, 63.229479250798214, 0.8124560390584067, 0.7476217532772511
-11.972833639560484, 63.16387825601053, 0.8124560390584067, 0.7476217532772511
-11.957571155802041, 63.09827204322026, 0.8124560390584067, 0.7476217532772511
-11.942330217312678, 63.03266070410027, 0.8124560390584067, 0.7476217532772511
-11.927110461211441, 62.967044330323425, 0.8124560390584067, 0.7476217532772511
-11.911911524617373, 62.90142301356256, 0.8124560390584067, 0.7476217532772511
-11.896733044649531, 62.835796845490556, 0.8124560390584067, 0.7476217532772511
-11.881574658426953, 62.77016591778026, 0.8124560390584067, 0.7476217532772511
-11.866436003068701, 62.70453032210459, 0.8124560390584067, 0.7476217532772511
-11.85131671569381, 62.638890150136355, 0.8124560390584067, 0.7476217532772511
-11.836216433421336, 62.573245493548434, 0.8124560390584067, 0.7476217532772511
-11.821134793370334, 62.50759644401371, 0.8124560390584067, 0.7476217532772511
-11.806071432659833, 62.441943093205005, 0.8124560390584067, 0.7476217532772511
-11.791025988408897, 62.37628553279521, 0.8124560390584067, 0.7476217532772511
-11.77599809773657, 62.3106238544572, 0.8124560390584067, 0.7476217532772511
-11.7609873977619, 62.24495814986383, 0.8124560390584067, 0.7476217532772511
-11.745993525603936, 62.17928851068793, 0.8124560390584067, 0.7476217532772511
-11.731016118381724, 62.11361502860241, 0.8124560390584067, 0.7476217532772511
-11.716054813545991, 62.0479377951893, 0.8124560390584067, 0.7476217532772511
-11.701109297654206, 61.98225688858343, 0.8124560390584067, 0.7476217532772511
-11.686179357890795, 61.91657235936437, 0.8124560390584067, 0.7476217532772511
-11.671264793770282, 61.85088425473527, 0.8124560390584067, 0.7476217532772511
-11.656365404807193, 61.78519262189925, 0.8124560390584067, 0.7476217532772511
-11.64148099051606, 61.71949750805944, 0.8124560390584067, 0.7476217532772511
-11.62661135041141, 61.653798960418996, 0.8124560390584067, 0.7476217532772511
-11.611756284007766, 61.58809702618102, 0.8124560390584067, 0.7476217532772511
-11.596915590819663, 61.5223917525487, 0.8124560390584067, 0.7476217532772511
-11.582089070361619, 61.45668318672512, 0.8124560390584067, 0.7476217532772511
-11.567276522148175, 61.39097137591349, 0.8124560390584067, 0.7476217532772511
-11.552477745693846, 61.32525636731686, 0.8124560390584067, 0.7476217532772511
-11.537692540513168, 61.25953820813844, 0.8124560390584067, 0.7476217532772511
-11.522920706120667, 61.19381694558131, 0.8124560390584067, 0.7476217532772511
-11.508162042030868, 61.128092626848634, 0.8124560390584067, 0.7476217532772511
-11.493416347758297, 61.06236529914354, 0.8124560390584067, 0.7476217532772511
-11.478683422817486, 60.996635009669184, 0.8124560390584067, 0.7476217532772511
-11.463963066722965, 60.93090180562869, 0.8124560390584067, 0.7476217532772511
-11.449255078989255, 60.86516573422519, 0.8124560390584067, 0.7476217532772511
-11.434559259130886, 60.7994268426618, 0.8124560390584067, 0.7476217532772511
-11.419875406662388, 60.733685178141684, 0.8124560390584067, 0.7476217532772511
-11.40520332109829, 60.667940787868005, 0.8124560390584067, 0.7476217532772511
-11.39054280195311, 60.602193719043846, 0.8124560390584067, 0.7476217532772511
-11.375893648741387, 60.53644401887237, 0.8124560390584067, 0.7476217532772511
-11.36125566097764, 60.47069173455671, 0.8124560390584067, 0.7476217532772511
-11.346628638176407, 60.40493691330001, 0.8124560390584067, 0.7476217532772511
-11.332012379852207, 60.3391796023054, 0.8124560390584067, 0.7476217532772511
-11.317406685519572, 60.273419848776015, 0.8124560390584067, 0.7476217532772511
-11.302811354693025, 60.20765769991498, 0.8124560390584067, 0.7476217532772511
-11.2882261868871, 60.14189320292547, 0.8124560390584067, 0.7476217532772511
-11.273650981616317, 60.0761264050106, 0.8124560390584067, 0.7476217532772511
-11.25908553839521, 60.01035735337348, 0.8124560390584067, 0.7476217532772511
-11.244529656738308, 59.94458609521729, 0.8124560390584067, 0.7476217532772511
-11.229983136160131, 59.878812677745124, 0.8124560390584067, 0.7476217532772511
-11.215445776175216, 59.81303714816016, 0.8124560390584067, 0.7476217532772511
-11.20091737629808, 59.74725955366551, 0.8124560390584067, 0.7476217532772511
-11.186397736043258, 59.6814799414643, 0.8124560390584067, 0.7476217532772511
-11.171886654925279, 59.615698358759715, 0.8124560390584067, 0.7476217532772511
-11.157383932458664, 59.54991485275484, 0.8124560390584067, 0.7476217532772511
-11.142889368157945, 59.484129470652825, 0.8124560390584067, 0.7476217532772511
-11.128402761537654, 59.418342259656825, 0.8124560390584067, 0.7476217532772511
-11.113923912112309, 59.35255326696997, 0.8124560390584067, 0.7476217532772511
-11.099452619396446, 59.28676253979539, 0.8124560390584067, 0.7476217532772511
-11.084988682904585, 59.2209701253362, 0.8124560390584067, 0.7476217532772511
-11.070531902151265, 59.15517607079559, 0.8124560390584067, 0.7476217532772511
-11.056082076651002, 59.08938042337667, 0.8124560390584067, 0.7476217532772511
-11.041639005918327, 59.02358323028256, 0.8124560390584067, 0.7476217532772511
-11.027202489467772, 58.95778453871641, 0.8124560390584067, 0.7476217532772511
-11.012772326813858, 58.891984395881344, 0.8124560390584067, 0.7476217532772511
-10.998348317471123, 58.826182848980544, 0.8124560390584067, 0.7476217532772511
-10.98393026095408, 58.760379945217075, 0.8124560390584067, 0.7476217532772511
-10.96951795677727, 58.69457573179413, 0.8124560390584067, 0.7476217532772511
-10.955111204455216, 58.62877025591484, 0.8124560390584067, 0.7476217532772511
-10.940709803502441, 58.56296356478232, 0.8124560390584067, 0.7476217532772511
-10.926313553433483, 58.49715570559973, 0.8124560390584067, 0.7476217532772511
-10.911922253762857, 58.431346725570165, 0.8124560390584067, 0.7476217532772511
-10.897535704005103, 58.36553667189681, 0.8124560390584067, 0.7476217532772511
-10.883153703674738, 58.299725591782774, 0.8124560390584067, 0.7476217532772511
-10.868776052286297, 58.23391353243122, 0.8124560390584067, 0.7476217532772511
-10.854402549354306, 58.16810054104525, 0.8124560390584067, 0.7476217532772511
-10.84003299439329, 58.102286664828014, 0.8124560390584067, 0.7476217532772511
-10.825667186917782, 58.036471950982666, 0.8124560390584067, 0.7476217532772511
-10.811304926442304, 57.970656446712304, 0.8124560390584067, 0.7476217532772511
-10.796946012481383, 57.90484019922011, 0.8124560390584067, 0.7476217532772511
-10.782590244549555, 57.839023255709186, 0.8124560390584067, 0.7476217532772511
-10.76823742216134, 57.77320566338268, 0.8124560390584067, 0.7476217532772511
-10.753887344831272, 57.707387469443766, 0.8124560390584067, 0.7476217532772511
-10.739539812073868, 57.6415687210955, 0.8124560390584067, 0.7476217532772511
-10.725194623403667, 57.57574946554108, 0.8124560390584067, 0.7476217532772511
-10.710851578335191, 57.509929749983634, 0.8124560390584067, 0.7476217532772511
-10.69651047638297, 57.44410962162628, 0.8124560390584067, 0.7476217532772511
-10.68217111706153, 57.3782891276722, 0.8124560390584067, 0.7476217532772511
-10.667833299885396, 57.312468315324445, 0.8124560390584067, 0.7476217532772511
-10.653496824369109, 57.24664723178625, 0.8124560390584067, 0.7476217532772511
-10.639161490027176, 57.180825924260674, 0.8124560390584067, 0.7476217532772511
-10.624827096374135, 57.11500443995087, 0.8124560390584067, 0.7476217532772511
-10.610493442924522, 57.04918282606004, 0.8124560390584067, 0.7476217532772511
-10.596160329192852, 56.983361129791234, 0.8124560390584067, 0.7476217532772511
-10.581827554693657, 56.91753939834764, 0.8124560390584067, 0.7476217532772511
-10.567494918941465, 56.85171767893236, 0.8124560390584067, 0.7476217532772511
-10.553162221450807, 56.78589601874857, 0.8124560390584067, 0.7476217532772511
-10.538829261736204, 56.72007446499938, 0.8124560390584067, 0.7476217532772511
-10.52449583931219, 56.65425306488794, 0.8124560390584067, 0.7476217532772511
-10.51016175369329, 56.58843186561737, 0.8124560390584067, 0.7476217532772511
-10.495826804394028, 56.522610914390825, 0.8124560390584067, 0.7476217532772511
-10.481490790928937, 56.456790258411424, 0.8124560390584067, 0.7476217532772511
-10.467153512812542, 56.39096994488233, 0.8124560390584067, 0.7476217532772511
-10.452814769559371, 56.325150021006635, 0.8124560390584067, 0.7476217532772511
-10.438474360683957, 56.25933053398754, 0.8124560390584067, 0.7476217532772511
-10.42413208570082, 56.19351153102811, 0.8124560390584067, 0.7476217532772511
-10.40978774412449, 56.127693059331534, 0.8124560390584067, 0.7476217532772511
-10.395441135469495, 56.06187516610093, 0.8124560390584067, 0.7476217532772511
-10.381092059250362, 55.99605789853942, 0.8124560390584067, 0.7476217532772511
-10.366740314981623, 55.930241303850174, 0.8124560390584067, 0.7476217532772511
-10.3523857021778, 55.864425429236306, 0.8124560390584067, 0.7476217532772511
-10.338028020353425, 55.798610321900966, 0.8124560390584067, 0.7476217532772511
-10.323667069023024, 55.732796029047286, 0.8124560390584067, 0.7476217532772511
-10.30930264770112, 55.66698259787839, 0.8124560390584067, 0.7476217532772511
-10.294934555902252, 55.60117007559742, 0.8124560390584067, 0.7476217532772511
-10.280562593140935, 55.535358509407516, 0.8124560390584067, 0.7476217532772511
-10.266186558931706, 55.46954794651183, 0.8124560390584067, 0.7476217532772511
-10.251806252789088, 55.40373843411348, 0.8124560390584067, 0.7476217532772511
-10.237421474227611, 55.33793001941561, 0.8124560390584067, 0.7476217532772511
-10.223032022761798, 55.272122749621325, 0.8124560390584067, 0.7476217532772511
-10.208637697906182, 55.20631667193381, 0.8124560390584067, 0.7476217532772511
-10.19423829917529, 55.14051183355618, 0.8124560390584067, 0.7476217532772511
-10.17983362608365, 55.074708281691585, 0.8124560390584067, 0.7476217532772511
-10.165423478145787, 55.00890606354314, 0.8124560390584067, 0.7476217532772511
-10.15100765487623, 54.94310522631398, 0.8124560390584067, 0.7476217532772511
-10.136585955789505, 54.877305817207265, 0.8124560390584067, 0.7476217532772511
-10.122158180400142, 54.81150788342613, 0.8124560390584067, 0.7476217532772511
-10.10772412822267, 54.74571147217369, 0.8124560390584067, 0.7476217532772511
-10.093283598771615, 54.6799166306531, 0.8124560390584067, 0.7476217532772511
-10.0788363915615, 54.61412340606748, 0.8124560390584067, 0.7476217532772511
-10.064382306106863, 54.548331845619984, 0.8124560390584067, 0.7476217532772511
-10.049921141922223, 54.48254199651373, 0.8124560390584067, 0.7476217532772511
-10.035452698522109, 54.41675390595187, 0.8124560390584067, 0.7476217532772511
-10.020976775421053, 54.35096762113754, 0.8124560390584067, 0.7476217532772511
-10.00649317213358, 54.28518318927389, 0.8124560390584067, 0.7476217532772511
-9.992001688174216, 54.21940065756402, 0.8124560390584067, 0.7476217532772511
-9.97750212540149, 54.15362007263465, 0.8124560390584067, 0.7476217532772511
-9.962994389787392, 54.0878414555087, 0.8124560390584067, 0.7476217532772511
-9.948478530586398, 54.0220647919728, 0.8124560390584067, 0.7476217532772511
-9.933954607482063, 53.95629006524884, 0.8124560390584067, 0.7476217532772511
-9.919422680157941, 53.89051725855872, 0.8124560390584067, 0.7476217532772511
-9.90488280829759, 53.824746355124326, 0.8124560390584067, 0.7476217532772511
-9.890335051584563, 53.75897733816757, 0.8124560390584067, 0.7476217532772511
-9.875779469702415, 53.69321019091031, 0.8124560390584067, 0.7476217532772511
-9.861216122334701, 53.62744489657446, 0.8124560390584067, 0.7476217532772511
-9.846645069164977, 53.56168143838191, 0.8124560390584067, 0.7476217532772511
-9.832066369876797, 53.49591979955455, 0.8124560390584067, 0.7476217532772511
-9.817480084153724, 53.4301599633143, 0.8124560390584067, 0.7476217532772511
-9.8028862716793, 53.364401912883025, 0.8124560390584067, 0.7476217532772511
-9.788284992137086, 53.2986456314826, 0.8124560390584067, 0.7476217532772511
-9.77367630521064, 53.23289110233495, 0.8124560390584067, 0.7476217532772511
-9.759060270583516, 53.16713830866198, 0.8124560390584067, 0.7476217532772511
-9.744436947939269, 53.10138723368554, 0.8124560390584067, 0.7476217532772511
-9.729806396961449, 53.035637860627546, 0.8124560390584067, 0.7476217532772511
-9.715168677333617, 52.9698901727099, 0.8124560390584067, 0.7476217532772511
-9.700523848739332, 52.9041441531545, 0.8124560390584067, 0.7476217532772511
-9.685871970862138, 52.83839978518321, 0.8124560390584067, 0.7476217532772511
-9.671213103385602, 52.77265705201794, 0.8124560390584067, 0.7476217532772511
-9.656547305993266, 52.70691593688056, 0.8124560390584067, 0.7476217532772511
-9.641874638368698, 52.64117642299301, 0.8124560390584067, 0.7476217532772511
-9.627195160195447, 52.57543849357713, 0.8124560390584067, 0.7476217532772511
-9.612508931157068, 52.509702131854866, 0.8124560390584067, 0.7476217532772511
-9.597816010937118, 52.443967321048085, 0.8124560390584067, 0.7476217532772511
-9.583116459219152, 52.37823404437866, 0.8124560390584067, 0.7476217532772511
-9.568410335686725, 52.31250228506852, 0.8124560390584067, 0.7476217532772511
-9.55369770002339, 52.246772026339535, 0.8124560390584067, 0.7476217532772511
-9.538978611912704, 52.18104325141361, 0.8124560390584067, 0.7476217532772511
-9.524253131038225, 52.11531594351262, 0.8124560390584067, 0.7476217532772511
-9.509521317083502, 52.04959008585848, 0.8124560390584067, 0.7476217532772511
-9.494783229732096, 51.98386566167309, 0.8124560390584067, 0.7476217532772511
-9.48003892866756, 51.91814265417831, 0.8124560390584067, 0.7476217532772511
-9.465288473573448, 51.85242104659605, 0.8124560390584067, 0.7476217532772511
-9.450531924133319, 51.78670082214821, 0.8124560390584067, 0.7476217532772511
-9.43576934003072, 51.72098196405667, 0.8124560390584067, 0.7476217532772511
-9.421000780949216, 51.65526445554333, 0.8124560390584067, 0.7476217532772511
-9.406226306572359, 51.58954827983008, 0.8124560390584067, 0.7476217532772511
-9.391445976583702, 51.523833420138835, 0.8124560390584067, 0.7476217532772511
-9.3766598506668, 51.45811985969144, 0.8124560390584067, 0.7476217532772511
-9.36186798850521, 51.39240758170984, 0.8124560390584067, 0.7476217532772511
-9.347070449782484, 51.32669656941589, 0.8124560390584067, 0.7476217532772511
-9.332267294182182, 51.2609868060315, 0.8124560390584067, 0.7476217532772511
-9.31745858138786, 51.19527827477857, 0.8124560390584067, 0.7476217532772511
-9.302644371083064, 51.129570958878965, 0.8124560390584067, 0.7476217532772511
-9.28782472295136, 51.06386484155461, 0.8124560390584067, 0.7476217532772511
-9.272999696676298, 50.99815990602738, 0.8124560390584067, 0.7476217532772511
-9.258169351941433, 50.932456135519175, 0.8124560390584067, 0.7476217532772511
-9.243333748430322, 50.86675351325189, 0.8124560390584067, 0.7476217532772511
-9.228492945826522, 50.801052022447415, 0.8124560390584067, 0.7476217532772511
-9.213647003813582, 50.735351646327636, 0.8124560390584067, 0.7476217532772511
-9.198795982075062, 50.669652368114455, 0.8124560390584067, 0.7476217532772511
-9.183939940294513, 50.60395417102975, 0.8124560390584067, 0.7476217532772511
-9.169078938155497, 50.53825703829544, 0.8124560390584067, 0.7476217532772511
-9.154213035341563, 50.47256095313341, 0.8124560390584067, 0.7476217532772511
-9.139342291536272, 50.40686589876554, 0.8124560390584067, 0.7476217532772511
-9.124466766423168, 50.341171858413716, 0.8124560390584067, 0.7476217532772511
-9.10958651968582, 50.27547881529985, 0.8124560390584067, 0.7476217532772511
-9.094701611007777, 50.20978675264585, 0.8124560390584067, 0.7476217532772511
-9.079812100072592, 50.14409565367356, 0.8124560390584067, 0.7476217532772511
-9.064918046563823, 50.07840550160492, 0.8124560390584067, 0.7476217532772511
-9.050019510165024, 50.01271627966182, 0.8124560390584067, 0.7476217532772511
-9.035116550559753, 49.947027971066106, 0.8124560390584067, 0.7476217532772511
-9.020209227431563, 49.88134055903973, 0.8124560390584067, 0.7476217532772511
-9.005297600464004, 49.81565402680454, 0.8124560390584067, 0.7476217532772511
-8.990381729340646, 49.74996835758245, 0.8124560390584067, 0.7476217532772511
-8.975461673745027, 49.68428353459536, 0.8124560390584067, 0.7476217532772511
-8.960537493360714, 49.61859954106515, 0.8124560390584067, 0.7476217532772511
-8.945609247871257, 49.552916360213715, 0.8124560390584067, 0.7476217532772511
-8.930676996960209, 49.48723397526294, 0.8124560390584067, 0.7476217532772511
-8.915740800311132, 49.42155236943474, 0.8124560390584067, 0.7476217532772511
-8.900800717607579, 49.355871525951, 0.8124560390584067, 0.7476217532772511
-8.885856808533102, 49.290191428033594, 0.8124560390584067, 0.7476217532772511
-8.870909132771256, 49.22451205890444, 0.8124560390584067, 0.7476217532772511
-8.855957750005599, 49.158833401785415, 0.8124560390584067, 0.7476217532772511
-8.84100271991969, 49.093155439898425, 0.8124560390584067, 0.7476217532772511
-8.826044102197075, 49.02747815646535, 0.8124560390584067, 0.7476217532772511
-8.811081956521315, 48.961801534708094, 0.8124560390584067, 0.7476217532772511
-8.796116342575965, 48.89612555784854, 0.8124560390584067, 0.7476217532772511
-8.78114732004458, 48.8304502091086, 0.8124560390584067, 0.7476217532772511
-8.766174948610711, 48.76477547171013, 0.8124560390584067, 0.7476217532772511
-8.75119928795792, 48.69910132887507, 0.8124560390584067, 0.7476217532772511
-8.736220397769758, 48.63342776382527, 0.8124560390584067, 0.7476217532772511
-8.72123833772978, 48.567754759782645, 0.8124560390584067, 0.7476217532772511
-8.706253167521547, 48.50208229996909, 0.8124560390584067, 0.7476217532772511
-8.691264946828603, 48.4364103676065, 0.8124560390584067, 0.7476217532772511
-8.676273735334512, 48.370738945916735, 0.8124560390584067, 0.7476217532772511
-8.661279592722828, 48.305068018121744, 0.8124560390584067, 0.7476217532772511
-8.646282578677102, 48.239397567443376, 0.8124560390584067, 0.7476217532772511
-8.631282752880896, 48.173727577103534, 0.8124560390584067, 0.7476217532772511
-8.61628017501776, 48.10805803032412, 0.8124560390584067, 0.7476217532772511
-8.60127490477125, 48.042388910327034, 0.8124560390584067, 0.7476217532772511
-8.586267001824924, 47.97672020033414, 0.8124560390584067, 0.7476217532772511
-8.571256525862333, 47.91105188356736, 0.8124560390584067, 0.7476217532772511
-8.556243536567036, 47.84538394324858, 0.8124560390584067, 0.7476217532772511
-8.541228093622586, 47.77971636259968, 0.8124560390584067, 0.7476217532772511
-8.52621025671254, 47.71404912484257, 0.8124560390584067, 0.7476217532772511
-8.511190085520449, 47.64838221319912, 0.8124560390584067, 0.7476217532772511
-8.49616763972987, 47.58271561089124, 0.8124560390584067, 0.7476217532772511
-8.481142979024366, 47.517049301140844, 0.8124560390584067, 0.7476217532772511
-8.466116163087479, 47.451383267169774, 0.8124560390584067, 0.7476217532772511
-8.451087251602772, 47.38571749219996, 0.8124560390584067, 0.7476217532772511
-8.4360563042538, 47.32005195945328, 0.8124560390584067, 0.7476217532772511
-8.421023380724115, 47.25438665215164, 0.8124560390584067, 0.7476217532772511
-8.405988540697278, 47.18872155351693, 0.8124560390584067, 0.7476217532772511
-8.390951843856836, 47.12305664677102, 0.8124560390584067, 0.7476217532772511
-8.375913349886353, 47.05739191513585, 0.8124560390584067, 0.7476217532772511
-8.360873118469378, 46.99172734183327, 0.8124560390584067, 0.7476217532772511
-8.345831209289468, 46.92606291008519, 0.8124560390584067, 0.7476217532772511
-8.330787682030177, 46.860398603113495, 0.8124560390584067, 0.7476217532772511
-8.315742596375063, 46.79473440414008, 0.8124560390584067, 0.7476217532772511
-8.30069601200768, 46.729070296386865, 0.8124560390584067, 0.7476217532772511
-8.285647988611583, 46.6634062630757, 0.8124560390584067, 0.7476217532772511
-8.270598585870328, 46.59774228742852, 0.8124560390584067, 0.7476217532772511
-8.255547863467465, 46.532078352667156, 0.8124560390584067, 0.7476217532772511
-8.240495881086558, 46.46641444201358, 0.8124560390584067, 0.7476217532772511
-8.225442698411157, 46.40075053868964, 0.8124560390584067, 0.7476217532772511
-8.210388375124817, 46.33508662591723, 0.8124560390584067, 0.7476217532772511
-8.195332971468106, 46.26942268709842, 0.8124560390584067, 0.7476217532772511
-8.180276559153382, 46.203758709346225, 0.8124560390584067, 0.7476217532772511
-8.16521922066651, 46.13809468325865, 0.8124560390584067, 0.7476217532772511
-8.150161038910557, 46.0724305995687, 0.8124560390584067, 0.7476217532772511
-8.135102096788572, 46.0067664490093, 0.8124560390584067, 0.7476217532772511
-8.120042477203633, 45.94110222231351, 0.8124560390584067, 0.7476217532772511
-8.104982263058789, 45.875437910214245, 0.8124560390584067, 0.7476217532772511
-8.089921537257103, 45.809773503444504, 0.8124560390584067, 0.7476217532772511
-8.074860382701637, 45.744108992737274, 0.8124560390584067, 0.7476217532772511
-8.059798882295452, 45.678444368825524, 0.8124560390584067, 0.7476217532772511
-8.044737118941612, 45.61277962244225, 0.8124560390584067, 0.7476217532772511
-8.029675175543169, 45.547114744320396, 0.8124560390584067, 0.7476217532772511
-8.014613135003195, 45.481449725192995, 0.8124560390584067, 0.7476217532772511
-7.9995510802247445, 45.41578455579297, 0.8124560390584067, 0.7476217532772511
-7.984489094110879, 45.35011922685333, 0.8124560390584067, 0.7476217532772511
-7.969427259564663, 45.28445372910706, 0.8124560390584067, 0.7476217532772511
-7.954365659489155, 45.21878805328714, 0.8124560390584067, 0.7476217532772511
-7.939304376787414, 45.15312219012652, 0.8124560390584067, 0.7476217532772511
-7.9242434943625035, 45.08745613035821, 0.8124560390584067, 0.7476217532772511
-7.909183095117485, 45.02178986471518, 0.8124560390584067, 0.7476217532772511
-7.894123261955416, 44.956123383930404, 0.8124560390584067, 0.7476217532772511
-7.879064077779362, 44.89045667873687, 0.8124560390584067, 0.7476217532772511
-7.8640056254923865, 44.82478973986757, 0.8124560390584067, 0.7476217532772511
-7.848947987997541, 44.759122558055445, 0.8124560390584067, 0.7476217532772511
-7.83389124819789, 44.69345512403349, 0.8124560390584067, 0.7476217532772511
-7.8188354889964975, 44.62778742853471, 0.8124560390584067, 0.7476217532772511
-7.803780793296422, 44.56211946229205, 0.8124560390584067, 0.7476217532772511
-7.7887272440007305, 44.49645121603854, 0.8124560390584067, 0.7476217532772511
-7.773674924012475, 44.43078268050708, 0.8124560390584067, 0.7476217532772511
-7.758623916234721, 44.36511384643072, 0.8124560390584067, 0.7476217532772511
-7.743574303570529, 44.2994447045424, 0.8124560390584067, 0.7476217532772511
-7.728526168922963, 44.23377524557514, 0.8124560390584067, 0.7476217532772511
-7.713479595195075, 44.16810546026186, 0.8124560390584067, 0.7476217532772511
-7.698434665289938, 44.1024353393356, 0.8124560390584067, 0.7476217532772511
-7.683391462110605, 44.0367648735293, 0.8124560390584067, 0.7476217532772511
-7.668350068560139, 43.97109405357595, 0.8124560390584067, 0.7476217532772511
-7.653310567541601, 43.90542287020854, 0.8124560390584067, 0.7476217532772511
-7.638273041958052, 43.83975131416003, 0.8124560390584067, 0.7476217532772511
-7.6232375747125545, 43.774079376163414, 0.8124560390584067, 0.7476217532772511
-7.608204248708168, 43.70840704695168, 0.8124560390584067, 0.7476217532772511
-7.593173146847952, 43.642734317257776, 0.8124560390584067, 0.7476217532772511
-7.57814435203497, 43.57706117781471, 0.8124560390584067, 0.7476217532772511
-7.563117947172282, 43.511387619355446, 0.8124560390584067, 0.7476217532772511
-7.548094015162946, 43.445713632612964, 0.8124560390584067, 0.7476217532772511
-7.533072638910031, 43.38003920832028, 0.8124560390584067, 0.7476217532772511
-7.518053901316591, 43.314364337210314, 0.8124560390584067, 0.7476217532772511
-7.503037885285689, 43.24868901001608, 0.8124560390584067, 0.7476217532772511
-7.4880246737203855, 43.18301321747056, 0.8124560390584067, 0.7476217532772511
-7.473014349523744, 43.11733695030671, 0.8124560390584067, 0.7476217532772511
-7.458006995598822, 43.05166019925753, 0.8124560390584067, 0.7476217532772511
-7.4430026948486825, 42.985982955056, 0.8124560390584067, 0.7476217532772511
-7.428001530176388, 42.92030520843511, 0.8124560390584067, 0.7476217532772511
-7.4130035844849935, 42.85462695012779, 0.8124560390584067, 0.7476217532772511
-7.398008940677568, 42.78894817086707, 0.8124560390584067, 0.7476217532772511
-7.383017681657166, 42.723268861385904, 0.8124560390584067, 0.7476217532772511
-7.368029890326853, 42.65758901241729, 0.8124560390584067, 0.7476217532772511
-7.3530456495896885, 42.59190861469419, 0.8124560390584067, 0.7476217532772511
-7.338065042348729, 42.526227658949594, 0.8124560390584067, 0.7476217532772511
-7.323088151507045, 42.46054613591649, 0.8124560390584067, 0.7476217532772511
-7.308115059967689, 42.394864036327824, 0.8124560390584067, 0.7476217532772511
-7.293145850633728, 42.32918135091661, 0.8124560390584067, 0.7476217532772511
-7.278180606408217, 42.263498070415814, 0.8124560390584067, 0.7476217532772511
-7.26321941019422, 42.197814185558414, 0.8124560390584067, 0.7476217532772511
-7.248262344894799, 42.13212968707739, 0.8124560390584067, 0.7476217532772511
-7.233309493413015, 42.06644456570572, 0.8124560390584067, 0.7476217532772511
-7.218360938651929, 42.00075881217641, 0.8124560390584067, 0.7476217532772511
-7.203416763514598, 41.93507241722238, 0.8124560390584067, 0.7476217532772511
-7.188477050904087, 41.86938537157666, 0.8124560390584067, 0.7476217532772511
-7.17354188372346, 41.80369766597224, 0.8124560390584067, 0.7476217532772511
-7.158611344875769, 41.73800929114204, 0.8124560390584067, 0.7476217532772511
-7.143685517264083, 41.672320237819086, 0.8124560390584067, 0.7476217532772511
-7.12876448379146, 41.60663049673636, 0.8124560390584067, 0.7476217532772511
-7.1138483273609605, 41.54094005862681, 0.8124560390584067, 0.7476217532772511
-7.0989371308756475, 41.47524891422345, 0.8124560390584067, 0.7476217532772511
-7.084030977238577, 41.40955705425923, 0.8124560390584067, 0.7476217532772511
-7.069129949352819, 41.34386446946715, 0.8124560390584067, 0.7476217532772511
-7.054234130121424, 41.27817115058016, 0.8124560390584067, 0.7476217532772511
-7.039343602447462, 41.21247708833129, 0.8124560390584067, 0.7476217532772511
-7.024458449233988, 41.14678227345347, 0.8124560390584067, 0.7476217532772511
-7.009578753384064, 41.0810866966797, 0.8124560390584067, 0.7476217532772511
-6.994704597800757, 41.01539034874297, 0.8124560390584067, 0.7476217532772511
-6.979836065387118, 40.94969322037624, 0.8124560390584067, 0.7476217532772511
-6.964973239046219, 40.88399530231252, 0.8124560390584067, 0.7476217532772511
-6.9501162016811096, 40.81829658528474, 0.8124560390584067, 0.7476217532772511
-6.935265036194856, 40.75259706002592, 0.8124560390584067, 0.7476217532772511
-6.920419825490525, 40.68689671726903, 0.8124560390584067, 0.7476217532772511
-6.905580652471169, 40.62119554774705, 0.8124560390584067, 0.7476217532772511
-6.890747600039852, 40.55549354219294, 0.8124560390584067, 0.7476217532772511
-6.875920751099635, 40.4897906913397, 0.8124560390584067, 0.7476217532772511
-6.861100188553579, 40.42408698592032, 0.8124560390584067, 0.7476217532772511
-6.846285995304748, 40.35838241666776, 0.8124560390584067, 0.7476217532772511
-6.831478254256195, 40.29267697431498, 0.8124560390584067, 0.7476217532772511
-6.816677048310992, 40.22697064959502, 0.8124560390584067, 0.7476217532772511
-6.80188246037219, 40.1612634332408, 0.8124560390584067, 0.7476217532772511
-6.787094573342857, 40.09555531598533, 0.8124560390584067, 0.7476217532772511
-6.77231347012605, 40.02984628856158, 0.8124560390584067, 0.7476217532772511
-6.757539233624829, 39.96413634170252, 0.8124560390584067, 0.7476217532772511
-6.742771946742263, 39.89842546614116, 0.8124560390584067, 0.7476217532772511
-6.728011692381401, 39.83271365261045, 0.8124560390584067, 0.7476217532772511
-6.713258553445315, 39.767000891843395, 0.8124560390584067, 0.7476217532772511
-6.6985126128370585, 39.70128717457295, 0.8124560390584067, 0.7476217532772511
-6.683773953459694, 39.635572491532095, 0.8124560390584067, 0.7476217532772511
-6.669042658216286, 39.56985683345383, 0.8124560390584067, 0.7476217532772511
-6.654318810009892, 39.504140191071116, 0.8124560390584067, 0.7476217532772511
-6.6396024917435765, 39.43842255511695, 0.8124560390584067, 0.7476217532772511
-6.624893786320396, 39.372703916324284, 0.8124560390584067, 0.7476217532772511
-6.610192776643416, 39.30698426542614, 0.8124560390584067, 0.7476217532772511
-6.5954995456156915, 39.24126359315545, 0.8124560390584067, 0.7476217532772511
-6.580814176140288, 39.17554189024522, 0.8124560390584067, 0.7476217532772511
-6.566136751120268, 39.109819147428425, 0.8124560390584067, 0.7476217532772511
-6.55146735345869, 39.04409535543805, 0.8124560390584067, 0.7476217532772511
-6.536806066058614, 38.978370505007064, 0.8124560390584067, 0.7476217532772511
-6.522152971823102, 38.91264458686847, 0.8124560390584067, 0.7476217532772511
-6.507508153655216, 38.8469175917552, 0.8124560390584067, 0.7476217532772511
-6.492871694458016, 38.78118951040028, 0.8124560390584067, 0.7476217532772511
-6.478243677134563, 38.71546033353667, 0.8124560390584067, 0.7476217532772511
-6.463624184587921, 38.64973005189736, 0.8124560390584067, 0.7476217532772511
-6.449013299721145, 38.58399865621531, 0.8124560390584067, 0.7476217532772511
-6.4344111054373005, 38.51826613722351, 0.8124560390584067, 0.7476217532772511
-6.4198176846394475, 38.45253248565495, 0.8124560390584067, 0.7476217532772511
-6.405233120230644, 38.38679769224259, 0.8124560390584067, 0.7476217532772511
-6.390657495113958, 38.321061747719426, 0.8124560390584067, 0.7476217532772511
-6.3760908854597265, 38.25532463316014, 0.8124560390584067, 0.7476217532772511
-6.361533323357299, 38.18958626640395, 0.8124560390584067, 0.7476217532772511
-6.346984823160666, 38.12384653984815, 0.8124560390584067, 0.7476217532772511
-6.332445399175388, 38.05810534582058, 0.8124560390584067, 0.7476217532772511
-6.317915065707028, 37.992362576649086, 0.8124560390584067, 0.7476217532772511
-6.30339383706114, 37.92661812466146, 0.8124560390584067, 0.7476217532772511
-6.288881727543292, 37.86087188218557, 0.8124560390584067, 0.7476217532772511
-6.274378751459037, 37.79512374154924, 0.8124560390584067, 0.7476217532772511
-6.25988492311394, 37.729373595080304, 0.8124560390584067, 0.7476217532772511
-6.2454002568135545, 37.66362133510657, 0.8124560390584067, 0.7476217532772511
-6.230924766863446, 37.59786685395589, 0.8124560390584067, 0.7476217532772511
-6.216458467569177, 37.53211004395612, 0.8124560390584067, 0.7476217532772511
-6.202001373236299, 37.46635079743504, 0.8124560390584067, 0.7476217532772511
-6.187553498170382, 37.40058900672054, 0.8124560390584067, 0.7476217532772511
-6.173114856676975, 37.33482456414038, 0.8124560390584067, 0.7476217532772511
-6.158685463061644, 37.269057362022444, 0.8124560390584067, 0.7476217532772511
-6.144265331629953, 37.203287292694576, 0.8124560390584067, 0.7476217532772511
-6.129854476687457, 37.13751424848459, 0.8124560390584067, 0.7476217532772511
-6.115452912539715, 37.07173812172029, 0.8124560390584067, 0.7476217532772511
-6.101060653492288, 37.00595880472953, 0.8124560390584067, 0.7476217532772511
-6.086677713850739, 36.94017618984016, 0.8124560390584067, 0.7476217532772511
-6.0723041079206235, 36.874390169379986, 0.8124560390584067, 0.7476217532772511
-6.057939850007506, 36.808600635676854, 0.8124560390584067, 0.7476217532772511
-6.043584954416945, 36.7428074810586, 0.8124560390584067, 0.7476217532772511
-6.029239435454497, 36.677010597853034, 0.8124560390584067, 0.7476217532772511
-6.014903307425727, 36.611209878388, 0.8124560390584067, 0.7476217532772511
-6.000576584636189, 36.545405214991334, 0.8124560390584067, 0.7476217532772511
-5.986259281391451, 36.479596499990876, 0.8124560390584067, 0.7476217532772511
-5.971951411997068, 36.413783625714444, 0.8124560390584067, 0.7476217532772511
-5.9576529907586, 36.34796648448987, 0.8124560390584067, 0.7476217532772511
-5.94336403198161, 36.282144968645, 0.8124560390584067, 0.7476217532772511
-5.929084549971653, 36.216318970507636, 0.8124560390584067, 0.7476217532772511
-5.914814559034292, 36.15048838240564, 0.8124560390584067, 0.7476217532772511
-5.90055407347509, 36.08465309666685, 0.8124560390584067, 0.7476217532772511
-5.886303107599601, 36.01881300561907, 0.8124560390584067, 0.7476217532772511
-5.87206167571339, 35.95296800159015, 0.8124560390584067, 0.7476217532772511
-5.857829792122012, 35.8871179769079, 0.8124560390584067, 0.7476217532772511
-5.843607471131033, 35.82126282390019, 0.8124560390584067, 0.7476217532772511
-5.829394727046006, 35.75540243489482, 0.8124560390584067, 0.7476217532772511
-5.815191574172498, 35.68953670221963, 0.8124560390584067, 0.7476217532772511
-5.800998026816067, 35.623665518202465, 0.8124560390584067, 0.7476217532772511
-5.786814099282269, 35.55778877517113, 0.8124560390584067, 0.7476217532772511
-5.772639805876668, 35.491906365453495, 0.8124560390584067, 0.7476217532772511
-5.758475160904824, 35.42601818137736, 0.8124560390584067, 0.7476217532772511
-5.744320178672294, 35.360124115270565, 0.8124560390584067, 0.7476217532772511
-5.730174873484641, 35.29422405946095, 0.8124560390584067, 0.7476217532772511
-5.716039259647424, 35.22831790627634, 0.8124560390584067, 0.7476217532772511
-5.701913351466205, 35.162405548044575, 0.8124560390584067, 0.7476217532772511
-5.687797163246539, 35.096486877093476, 0.8124560390584067, 0.7476217532772511
-5.67369070929399, 35.03056178575088, 0.8124560390584067, 0.7476217532772511
-5.659594003914118, 34.96463016634463, 0.8124560390584067, 0.7476217532772511
-5.64550706141248, 34.898691911202526, 0.8124560390584067, 0.7476217532772511
-5.631429896094641, 34.832746912652446, 0.8124560390584067, 0.7476217532772511
-5.617362521251507, 34.766795063409724, 0.8124560390584067, 0.7476217532772511
-5.603303913410114, 34.70083665218312, 0.8124560390584067, 0.7476217532772511
-5.589250057764363, 34.63487311022508, 0.8124560390584067, 0.7476217532772511
-5.575196403221004, 34.568906073623616, 0.8124560390584067, 0.7476217532772511
-5.561138398686794, 34.50293717846678, 0.8124560390584067, 0.7476217532772511
-5.547071493068484, 34.4369680608426, 0.8124560390584067, 0.7476217532772511
-5.532991135272825, 34.371000356839126, 0.8124560390584067, 0.7476217532772511
-5.518892774206571, 34.305035702544394, 0.8124560390584067, 0.7476217532772511
-5.504771858776472, 34.239075734046416, 0.8124560390584067, 0.7476217532772511
-5.490623837889284, 34.17312208743325, 0.8124560390584067, 0.7476217532772511
-5.4764441604517575, 34.10717639879293, 0.8124560390584067, 0.7476217532772511
-5.462228275370646, 34.0412403042135, 0.8124560390584067, 0.7476217532772511
-5.447971631552701, 33.97531543978298, 0.8124560390584067, 0.7476217532772511
-5.433669677904676, 33.90940344158941, 0.8124560390584067, 0.7476217532772511
-5.419317863333322, 33.84350594572083, 0.8124560390584067, 0.7476217532772511
-5.404911636745391, 33.777624588265276, 0.8124560390584067, 0.7476217532772511
-5.3904464470476405, 33.711761005310805, 0.8124560390584067, 0.7476217532772511
-5.375917743146815, 33.64591683294542, 0.8124560390584067, 0.7476217532772511
-5.361320973949676, 33.58009370725717, 0.8124560390584067, 0.7476217532772511
-5.346651588362968, 33.51429326433409, 0.8124560390584067, 0.7476217532772511
-5.331905035293445, 33.44851714026423, 0.8124560390584067, 0.7476217532772511
-5.317076763647866, 33.38276697113562, 0.8124560390584067, 0.7476217532772511
-5.302162222332975, 33.31704439303628, 0.8124560390584067, 0.7476217532772511
-5.287156860255531, 33.25135104205426, 0.8124560390584067, 0.7476217532772511
-5.27205612632228, 33.1856885542776, 0.8124560390584067, 0.7476217532772511
-5.256855469439979, 33.120058565794324, 0.8124560390584067, 0.7476217532772511
-5.241550338515383, 33.054462712692484, 0.8124560390584067, 0.7476217532772511
-5.226136182455238, 32.988902631060114, 0.8124560390584067, 0.7476217532772511
-5.210608450166303, 32.92337995698526, 0.8124560390584067, 0.7476217532772511
-5.194962590555324, 32.857896326555924, 0.8124560390584067, 0.7476217532772511
-5.179194052529057, 32.79245337586016, 0.8124560390584067, 0.7476217532772511
-5.163298284994255, 32.72705274098602, 0.8124560390584067, 0.7476217532772511
-5.147270736857668, 32.66169605802152, 0.8124560390584067, 0.7476217532772511
-5.131106857026052, 32.59638496305471, 0.8124560390584067, 0.7476217532772511
-5.114802094406156, 32.53112109217362, 0.8124560390584067, 0.7476217532772511
-5.098351897904735, 32.465906081466294, 0.8124560390584067, 0.7476217532772511
-5.081751716428538, 32.40074156702076, 0.8124560390584067, 0.7476217532772511
-5.0649969988843235, 32.335629184925054, 0.8124560390584067, 0.7476217532772511
-5.048083194178839, 32.27057057126722, 0.8124560390584067, 0.7476217532772511
-5.031005751218837, 32.205567362135284, 0.8124560390584067, 0.7476217532772511
-5.013760118911075, 32.14062119361731, 0.8124560390584067, 0.7476217532772511
-4.9963417461622965, 32.075733701801276, 0.8124560390584067, 0.7476217532772511
-4.978746081879264, 32.01090652277529, 0.8124560390584067, 0.7476217532772511
-4.960968574968724, 31.94614129262734, 0.8124560390584067, 0.7476217532772511
-4.943005577611426, 31.88143936650546, 0.8124560390584067, 0.7476217532772511
-4.9248719907786445, 31.816796330436176, 0.8124560390584067, 0.7476217532772511
-4.906600105625442, 31.75220236167913, 0.8124560390584067, 0.7476217532772511
-4.888222884557312, 31.68764742871892, 0.8124560390584067, 0.7476217532772511
-4.869773289979734, 31.623121500040092, 0.8124560390584067, 0.7476217532772511
-4.851284284298199, 31.558614544127238, 0.8124560390584067, 0.7476217532772511
-4.832788829918196, 31.49411652946494, 0.8124560390584067, 0.7476217532772511
-4.8143198892452075, 31.42961742453776, 0.8124560390584067, 0.7476217532772511
-4.795910424684724, 31.365107197830298, 0.8124560390584067, 0.7476217532772511
-4.777593398642229, 31.300575817827102, 0.8124560390584067, 0.7476217532772511
-4.759401773523211, 31.236013253012764, 0.8124560390584067, 0.7476217532772511
-4.741368511733159, 31.17140947187186, 0.8124560390584067, 0.7476217532772511
-4.723526575677556, 31.106754442888963, 0.8124560390584067, 0.7476217532772511
-4.705908927761894, 31.04203813454865, 0.8124560390584067, 0.7476217532772511
-4.688548530391655, 30.9772505153355, 0.8124560390584067, 0.7476217532772511
-4.671478345972329, 30.912381553734086, 0.8124560390584067, 0.7476217532772511
-4.6547313369094, 30.84742121822898, 0.8124560390584067, 0.7476217532772511
-4.638340465608357, 30.78235947730477, 0.8124560390584067, 0.7476217532772511
-4.622338694474687, 30.71718629944602, 0.8124560390584067, 0.7476217532772511
-4.606758985913876, 30.651891653137312, 0.8124560390584067, 0.7476217532772511
-4.591634302331412, 30.586465506863238, 0.8124560390584067, 0.7476217532772511
-4.576997606132782, 30.520897829108343, 0.8124560390584067, 0.7476217532772511
-4.562881859723469, 30.45517858835721, 0.8124560390584067, 0.7476217532772511
-4.549320025508967, 30.389297753094443, 0.8124560390584067, 0.7476217532772511
-4.536345065894757, 30.323245291804586, 0.8124560390584067, 0.7476217532772511
-4.52398994328633, 30.25701117297224, 0.8124560390584067, 0.7476217532772511
-4.512287620089168, 30.190585365081958, 0.8124560390584067, 0.7476217532772511
-4.501271058708765, 30.123957836618352, 0.8124560390584067, 0.7476217532772511
-4.4909732215505995, 30.057118556065944, 0.8124560390584067, 0.7476217532772511
-4.481427071020164, 29.990057491909354, 0.8124560390584067, 0.7476217532772511
-4.472665569522945, 29.922764612633152, 0.8124560390584067, 0.7476217532772511
-4.464721679464429, 29.8552298867219, 0.8124560390584067, 0.7476217532772511
-4.4576283987224, 29.78744344642511, 0.8124560390584067, 0.7476217532772511
-4.451422765959625, 29.71941407907994, 0.8124560390584067, 0.7476217532772511
-4.446149535954939, 29.65118619500833, 0.8124560390584067, 0.7476217532772511
-4.441854331913122, 29.582808213793324, 0.8124560390584067, 0.7476217532772511
-4.438582777038945, 29.51432855501792, 0.8124560390584067, 0.7476217532772511
-4.436380494537186, 29.445795638265174, 0.8124560390584067, 0.7476217532772511
-4.435293107612617, 29.37725788311809, 0.8124560390584067, 0.7476217532772511
-4.435366239470015, 29.308763709159706, 0.8124560390584067, 0.7476217532772511
-4.436645513314153, 29.240361535973065, 0.8124560390584067, 0.7476217532772511
-4.439176552349808, 29.172099783141164, 0.8124560390584067, 0.7476217532772511
-4.443004979781755, 29.104026870247054, 0.8124560390584067, 0.7476217532772511
-4.448176418814766, 29.036191216873743, 0.8124560390584067, 0.7476217532772511
-4.454736492653619, 28.96864124260428, 0.8124560390584067, 0.7476217532772511
-4.4627308245030886, 28.901425367021673, 0.8124560390584067, 0.7476217532772511
-4.472205037567949, 28.834592009708956, 0.8124560390584067, 0.7476217532772511
-4.4832047550529746, 28.76818959024917, 0.8124560390584067, 0.7476217532772511
-4.4957756001629425, 28.702266528225323, 0.8124560390584067, 0.7476217532772511
-4.509963196102626, 28.63687124322046, 0.8124560390584067, 0.7476217532772511
-4.5258131660768015, 28.572052154817584, 0.8124560390584067, 0.7476217532772511
-4.543371133290243, 28.507857682599745, 0.8124560390584067, 0.7476217532772511
-4.5626827209477225, 28.44433624614996, 0.8124560390584067, 0.7476217532772511
-4.58379355225402, 28.38153626505126, 0.8124560390584067, 0.7476217532772511
-4.6067464064493056, 28.319504471497925, 0.8124560390584067, 0.7476217532772511
-4.631524788592378, 28.25825242896681, 0.8124560390584067, 0.7476217532772511
-4.658056150926597, 28.197758443526997, 0.8124560390584067, 0.7476217532772511
-4.6862657466346205, 28.137999516494858, 0.8124560390584067, 0.7476217532772511
-4.716078828899101, 28.07895264918683, 0.8124560390584067, 0.7476217532772511
-4.747420650902686, 28.020594842919312, 0.8124560390584067, 0.7476217532772511
-4.780216465828037, 27.96290309900869, 0.8124560390584067, 0.7476217532772511
-4.8143915268578, 27.905854418771398, 0.8124560390584067, 0.7476217532772511
-4.84987108717464, 27.849425803523832, 0.8124560390584067, 0.7476217532772511
-4.886580248335235, 27.79359413849485, 0.8124560390584067, 0.7476217532772511
-4.924397987312007, 27.738300995110666, 0.8124560390584067, 0.7476217532772511
-4.963092472185476, 27.68340310753755, 0.8124560390584067, 0.7476217532772511
-5.002415571959807, 27.62874473107887, 0.8124560390584067, 0.7476217532772511
-5.042119155639182, 27.57417012103795, 0.8124560390584067, 0.7476217532772511
-5.081955092227764, 27.519523532718143, 0.8124560390584067, 0.7476217532772511
-5.121675250729737, 27.464649221422775, 0.8124560390584067, 0.7476217532772511
-5.161031500149271, 27.409391442455203, 0.8124560390584067, 0.7476217532772511
-5.199775709490535, 27.353594451118788, 0.8124560390584067, 0.7476217532772511
-5.237668842318818, 27.297110343963343, 0.8124560390584067, 0.7476217532772511
-5.27459328835761, 27.239895910049807, 0.8124560390584067, 0.7476217532772511
-5.3105179407934235, 27.181982520925164, 0.8124560390584067, 0.7476217532772511
-5.345413550057901, 27.123403149436015, 0.8124560390584067, 0.7476217532772511
-5.379250866582694, 27.064190768428965, 0.8124560390584067, 0.7476217532772511
-5.412000640799463, 27.004378350750606, 0.8124560390584067, 0.7476217532772511
-5.443633623139844, 26.94399886924754, 0.8124560390584067, 0.7476217532772511
-5.474120564035501, 26.88308529676636, 0.8124560390584067, 0.7476217532772511
-5.503432213918082, 26.821670606153663, 0.8124560390584067, 0.7476217532772511
-5.5315393232192305, 26.759787770256068, 0.8124560390584067, 0.7476217532772511
-5.55841264237061, 26.69746976192014, 0.8124560390584067, 0.7476217532772511
-5.584022921803859, 26.634749553992506, 0.8124560390584067, 0.7476217532772511
-5.6083409119506396, 26.57166011931975, 0.8124560390584067, 0.7476217532772511
-5.631337363242592, 26.50823443074847, 0.8124560390584067, 0.7476217532772511
-5.6529830261113805, 26.444505461125274, 0.8124560390584067, 0.7476217532772511
-5.673248650988645, 26.38050618329674, 0.8124560390584067, 0.7476217532772511
-5.692104988306042, 26.316269570109498, 0.8124560390584067, 0.7476217532772511
-5.70952294842552, 26.251828528224795, 0.8124560390584067, 0.7476217532772511
-5.72549382097634, 26.18720753057731, 0.8124560390584067, 0.7476217532772511
-5.740049040312763, 26.12241443666658, 0.8124560390584067, 0.7476217532772511
-5.753224733027575, 26.057455164162928, 0.8124560390584067, 0.7476217532772511
-5.7650570257135705, 25.99233563073668, 0.8124560390584067, 0.7476217532772511
-5.775582044963542, 25.927061754058116, 0.8124560390584067, 0.7476217532772511
-5.784835917370283, 25.861639451797593, 0.8124560390584067, 0.7476217532772511
-5.792854769526583, 25.79607464162539, 0.8124560390584067, 0.7476217532772511
-5.799674728025237, 25.73037324121184, 0.8124560390584067, 0.7476217532772511
-5.805331919459036, 25.66454116822725, 0.8124560390584067, 0.7476217532772511
-5.809862470420773, 25.598584340341944, 0.8124560390584067, 0.7476217532772511
-5.813302507503241, 25.53250867522624, 0.8124560390584067, 0.7476217532772511
-5.81568815729923, 25.466320090550422, 0.8124560390584067, 0.7476217532772511
-5.817055546401533, 25.400024503984838, 0.8124560390584067, 0.7476217532772511
-5.8174408014029435, 25.33362783319978, 0.8124560390584067, 0.7476217532772511
-5.816880048896254, 25.26713599586558, 0.8124560390584067, 0.7476217532772511
-5.815409415474256, 25.200554909652553, 0.8124560390584067, 0.7476217532772511
-5.813065027729742, 25.133890492230993, 0.8124560390584067, 0.7476217532772511
-5.809883012255504, 25.067148661271236, 0.8124560390584067, 0.7476217532772511
-5.805899495644335, 25.00033533444358, 0.8124560390584067, 0.7476217532772511
-5.801150604489026, 24.933456429418346, 0.8124560390584067, 0.7476217532772511
-5.7956724653823715, 24.86651786386586, 0.8124560390584067, 0.7476217532772511
-5.789501204917164, 24.79952555545642, 0.8124560390584067, 0.7476217532772511
-5.782672949686191, 24.732485421860346, 0.8124560390584067, 0.7476217532772511
-5.775223826282252, 24.665403380747957, 0.8124560390584067, 0.7476217532772511
-5.767189961298134, 24.59828534978957, 0.8124560390584067, 0.7476217532772511
-5.758607481326631, 24.53113724665548, 0.8124560390584067, 0.7476217532772511
-5.749512512960534, 24.46396498901601, 0.8124560390584067, 0.7476217532772511
-5.73994118279264, 24.3967744945415, 0.8124560390584067, 0.7476217532772511
-5.729929617415736, 24.32957168090223, 0.8124560390584067, 0.7476217532772511
-5.719513943422617, 24.262362465768533, 0.8124560390584067, 0.7476217532772511
-5.708730287406073, 24.19515276681071, 0.8124560390584067, 0.7476217532772511
-5.697614775958899, 24.127948501699088, 0.8124560390584067, 0.7476217532772511
-5.686203535673887, 24.060755588103994, 0.8124560390584067, 0.7476217532772511
-5.67453269314383, 23.993579943695707, 0.8124560390584067, 0.7476217532772511
-5.662638374961517, 23.926427486144572, 0.8124560390584067, 0.7476217532772511
-5.650556707719743, 23.859304133120894, 0.8124560390584067, 0.7476217532772511
-5.638323818011302, 23.792215802294983, 0.8124560390584067, 0.7476217532772511
-5.6259758324289795, 23.725168411337144, 0.8124560390584067, 0.7476217532772511
-5.613548670727818, 23.65816784025549, 0.8124560390584067, 0.7476217532772511
-5.601065024318338, 23.591217560364196, 0.8124560390584067, 0.7476217532772511
-5.5885265959131365, 23.524317221233193, 0.8124560390584067, 0.7476217532772511
-5.575933224874373, 23.45746613314277, 0.8124560390584067, 0.7476217532772511
-5.563284750564208, 23.390663606373185, 0.8124560390584067, 0.7476217532772511
-5.550581012344797, 23.32390895120471, 0.8124560390584067, 0.7476217532772511
-5.537821849578308, 23.257201477917626, 0.8124560390584067, 0.7476217532772511
-5.52500710162689, 23.19054049679217, 0.8124560390584067, 0.7476217532772511
-5.512136607852706, 23.12392531810864, 0.8124560390584067, 0.7476217532772511
-5.499210207617916, 23.057355252147296, 0.8124560390584067, 0.7476217532772511
-5.48622774028468, 22.9908296091884, 0.8124560390584067, 0.7476217532772511
-5.4731890452151575, 22.924347699512236, 0.8124560390584067, 0.7476217532772511
-5.460093961771505, 22.857908833399055, 0.8124560390584067, 0.7476217532772511
-5.446942329315886, 22.79151232112915, 0.8124560390584067, 0.7476217532772511
-5.433733987210453, 22.725157472982758, 0.8124560390584067, 0.7476217532772511
-5.420468774817371, 22.658843599240168, 0.8124560390584067, 0.7476217532772511
-5.407146531498796, 22.59257001018164, 0.8124560390584067, 0.7476217532772511
-5.39376709661689, 22.526336016087452, 0.8124560390584067, 0.7476217532772511
-5.380330309533813, 22.460140927237873, 0.8124560390584067, 0.7476217532772511
-5.366836009611717, 22.393984053913158, 0.8124560390584067, 0.7476217532772511
-5.353284036212772, 22.327864706393594, 0.8124560390584067, 0.7476217532772511
-5.3396742286991286, 22.261782194959434, 0.8124560390584067, 0.7476217532772511
-5.326006426432946, 22.19573582989094, 0.8124560390584067, 0.7476217532772511
-5.312280468776392, 22.129724921468412, 0.8124560390584067, 0.7476217532772511
-5.2984961950916185, 22.063748779972094, 0.8124560390584067, 0.7476217532772511
-5.284653444740786, 21.997806715682263, 0.8124560390584067, 0.7476217532772511
-5.270752057086054, 21.931898038879176, 0.8124560390584067, 0.7476217532772511
-5.256791871489583, 21.86602205984313, 0.8124560390584067, 0.7476217532772511
-5.24277272731353, 21.80017808885436, 0.8124560390584067, 0.7476217532772511
-5.228694463920055, 21.734365436193148, 0.8124560390584067, 0.7476217532772511
-5.2145569206713205, 21.668583412139775, 0.8124560390584067, 0.7476217532772511
-5.20035993692948, 21.602831326974492, 0.8124560390584067, 0.7476217532772511
-5.1861033520566995, 21.53710849097758, 0.8124560390584067, 0.7476217532772511
-5.17178700541513, 21.471414214429295, 0.8124560390584067, 0.7476217532772511
-5.157410736366938, 21.40574780760992, 0.8124560390584067, 0.7476217532772511
-5.14297438427428, 21.340108580799722, 0.8124560390584067, 0.7476217532772511
-5.128477788499312, 21.274495844278952, 0.8124560390584067, 0.7476217532772511
-5.113920788404199, 21.2089089083279, 0.8124560390584067, 0.7476217532772511
-5.0993032233510975, 21.14334708322682, 0.8124560390584067, 0.7476217532772511
-5.084624932702168, 21.077809679255996, 0.8124560390584067, 0.7476217532772511
-5.069885755819565, 21.012296006695678, 0.8124560390584067, 0.7476217532772511
-5.055085532065452, 20.946805375826145, 0.8124560390584067, 0.7476217532772511
-5.04022410080199, 20.881337096927673, 0.8124560390584067, 0.7476217532772511
-5.025301301391333, 20.815890480280515, 0.8124560390584067, 0.7476217532772511
-5.010316973195647, 20.750464836164962, 0.8124560390584067, 0.7476217532772511
-4.995270955577083, 20.685059474861248, 0.8124560390584067, 0.7476217532772511
-4.980163087897805, 20.619673706649674, 0.8124560390584067, 0.7476217532772511
-4.964993209519975, 20.5543068418105, 0.8124560390584067, 0.7476217532772511
-4.949761159805745, 20.48895819062398, 0.8124560390584067, 0.7476217532772511
-4.934466778117282, 20.423627063370407, 0.8124560390584067, 0.7476217532772511
-4.9191099038167385, 20.35831277033003, 0.8124560390584067, 0.7476217532772511
-4.903690376266277, 20.293014621783122, 0.8124560390584067, 0.7476217532772511
-4.888208034828058, 20.227731928009963, 0.8124560390584067, 0.7476217532772511
-4.8726627188642375, 20.1624639992908, 0.8124560390584067, 0.7476217532772511
-4.857054267736977, 20.097210145905933, 0.8124560390584067, 0.7476217532772511
-4.841382520808435, 20.0319696781356, 0.8124560390584067, 0.7476217532772511
-4.825647317440771, 19.966741906260083, 0.8124560390584067, 0.7476217532772511
-4.809848496996143, 19.90152614055965, 0.8124560390584067, 0.7476217532772511
-4.793985898836711, 19.836321691314566, 0.8124560390584067, 0.7476217532772511
-4.778059362324636, 19.771127868805117, 0.8124560390584067, 0.7476217532772511
-4.762068726822074, 19.705943983311542, 0.8124560390584067, 0.7476217532772511
-4.746013831691189, 19.640769345114144, 0.8124560390584067, 0.7476217532772511
-4.729894516294135, 19.57560326449316, 0.8124560390584067, 0.7476217532772511
-4.71371061999409, 19.510445051729345, 0.8124560390584067, 0.7476217532772511
-4.697462191411302, 19.445294115678475, 0.8124560390584067, 0.7476217532772511
-4.681150074031942, 19.380150239634858, 0.8124560390584067, 0.7476217532772511
-4.66477530004392, 19.31501329578481, 0.8124560390584067, 0.7476217532772511
-4.648338901635138, 19.24988315631461, 0.8124560390584067, 0.7476217532772511
-4.631841910993507, 19.184759693410587, 0.8124560390584067, 0.7476217532772511
-4.61528536030693, 19.119642779259017, 0.8124560390584067, 0.7476217532772511
-4.598670281763314, 19.054532286046214, 0.8124560390584067, 0.7476217532772511
-4.581997707550572, 18.9894280859585, 0.8124560390584067, 0.7476217532772511
-4.565268669856602, 18.924330051182157, 0.8124560390584067, 0.7476217532772511
-4.548484200869317, 18.85923805390349, 0.8124560390584067, 0.7476217532772511
-4.531645332776618, 18.79415196630879, 0.8124560390584067, 0.7476217532772511
-4.514753097766417, 18.72907166058439, 0.8124560390584067, 0.7476217532772511
-4.497808528026617, 18.663997008916567, 0.8124560390584067, 0.7476217532772511
-4.480812655745133, 18.59892788349165, 0.8124560390584067, 0.7476217532772511
-4.463766513109859, 18.533864156495913, 0.8124560390584067, 0.7476217532772511
-4.446671132308708, 18.468805700115663, 0.8124560390584067, 0.7476217532772511
-4.429527545529585, 18.403752386537207, 0.8124560390584067, 0.7476217532772511
-4.4123367849604, 18.338704087946855, 0.8124560390584067, 0.7476217532772511
-4.395099882789061, 18.273660676530923, 0.8124560390584067, 0.7476217532772511
-4.377817871203467, 18.20862202447568, 0.8124560390584067, 0.7476217532772511
-4.36049178239153, 18.143588003967437, 0.8124560390584067, 0.7476217532772511
-4.343122648541154, 18.078558487192513, 0.8124560390584067, 0.7476217532772511
-4.32571150184025, 18.0135333463372, 0.8124560390584067, 0.7476217532772511
-4.308259374476727, 17.94851245358782, 0.8124560390584067, 0.7476217532772511
-4.290767298638481, 17.88349568113064, 0.8124560390584067, 0.7476217532772511
-4.273236306513424, 17.818482901151985, 0.8124560390584067, 0.7476217532772511
-4.255667430289464, 17.753473985838152, 0.8124560390584067, 0.7476217532772511
-4.238061702154512, 17.68846880737546, 0.8124560390584067, 0.7476217532772511
-4.220420154296465, 17.623467237950184, 0.8124560390584067, 0.7476217532772511
-4.202743818903234, 17.558469149748635, 0.8124560390584067, 0.7476217532772511
-4.185033728162727, 17.493474414957127, 0.8124560390584067, 0.7476217532772511
-4.167290914262848, 17.428482905761953, 0.8124560390584067, 0.7476217532772511
-4.149516409391512, 17.363494494349442, 0.8124560390584067, 0.7476217532772511
-4.131711245736613, 17.29850905290585, 0.8124560390584067, 0.7476217532772511
-4.113876455486063, 17.233526453617504, 0.8124560390584067, 0.7476217532772511
-4.096013070827773, 17.16854656867071, 0.8124560390584067, 0.7476217532772511
-4.078122123949644, 17.103569270251764, 0.8124560390584067, 0.7476217532772511
-4.060204647039589, 17.03859443054699, 0.8124560390584067, 0.7476217532772511
-4.042261672285507, 16.97362192174266, 0.8124560390584067, 0.7476217532772511
-4.024294231875308, 16.908651616025082, 0.8124560390584067, 0.7476217532772511
-4.006303357996899, 16.84368338558057, 0.8124560390584067, 0.7476217532772511
-3.9882900828381875, 16.778717102595426, 0.8124560390584067, 0.7476217532772511
-3.970255438587083, 16.71375263925596, 0.8124560390584067, 0.7476217532772511
-3.952200457431483, 16.648789867748444, 0.8124560390584067, 0.7476217532772511
-3.934126171559301, 16.583828660259208, 0.8124560390584067, 0.7476217532772511
-3.9160336131584415, 16.518868888974545, 0.8124560390584067, 0.7476217532772511
-3.897923814416815, 16.453910426080768, 0.8124560390584067, 0.7476217532772511
-3.8797978075223267, 16.388953143764176, 0.8124560390584067, 0.7476217532772511
-3.861656624662879, 16.32399691421106, 0.8124560390584067, 0.7476217532772511
-3.8435012980263794, 16.259041609607724, 0.8124560390584067, 0.7476217532772511
-3.8253328598007394, 16.194087102140486, 0.8124560390584067, 0.7476217532772511
-3.807152342173862, 16.129133263995634, 0.8124560390584067, 0.7476217532772511
-3.788960777333659, 16.064179967359493, 0.8124560390584067, 0.7476217532772511
-3.7707591974680286, 15.999227084418333, 0.8124560390584067, 0.7476217532772511
-3.7525486347648824, 15.934274487358472, 0.8124560390584067, 0.7476217532772511
-3.7343301214121256, 15.869322048366215, 0.8124560390584067, 0.7476217532772511
-3.716104689597672, 15.804369639627886, 0.8124560390584067, 0.7476217532772511
-3.6978733715094165, 15.73941713332974, 0.8124560390584067, 0.7476217532772511
-3.6796371993352714, 15.674464401658106, 0.8124560390584067, 0.7476217532772511
-3.661397205263143, 15.609511316799288, 0.8124560390584067, 0.7476217532772511
-3.643154421480938, 15.544557750939585, 0.8124560390584067, 0.7476217532772511
-3.6249098801765705, 15.479603576265319, 0.8124560390584067, 0.7476217532772511
-3.6066646135379345, 15.41464866496276, 0.8124560390584067, 0.7476217532772511
-3.588419653752942, 15.349692889218222, 0.8124560390584067, 0.7476217532772511
-3.570176033009499, 15.284736121218009, 0.8124560390584067, 0.7476217532772511
-3.5519347834955153, 15.219778233148432, 0.8124560390584067, 0.7476217532772511
-3.533696937398899, 15.154819097195803, 0.8124560390584067, 0.7476217532772511
-3.515463526907549, 15.089858585546391, 0.8124560390584067, 0.7476217532772511
-3.4972355842093763, 15.024896570386513, 0.8124560390584067, 0.7476217532772511
-3.479014141492287, 14.95993292390248, 0.8124560390584067, 0.7476217532772511
-3.46080023094419, 14.894967518280593, 0.8124560390584067, 0.7476217532772511
-3.4425948847529937, 14.830000225707165, 0.8124560390584067, 0.7476217532772511
-3.424399135106597, 14.76503091836847, 0.8124560390584067, 0.7476217532772511
-3.4062140141929116, 14.700059468450826, 0.8124560390584067, 0.7476217532772511
-3.3880405541998435, 14.635085748140538, 0.8124560390584067, 0.7476217532772511
-3.3698797873152997, 14.570109629623905, 0.8124560390584067, 0.7476217532772511
-3.3517327457271913, 14.505130985087249, 0.8124560390584067, 0.7476217532772511
-3.3336004616234165, 14.440149686716843, 0.8124560390584067, 0.7476217532772511
-3.3154839671918848, 14.375165606698996, 0.8124560390584067, 0.7476217532772511
-3.2973842946205045, 14.31017861722002, 0.8124560390584067, 0.7476217532772511
-3.279302476097182, 14.245188590466215, 0.8124560390584067, 0.7476217532772511
-3.261239543809829, 14.180195398623903, 0.8124560390584067, 0.7476217532772511
-3.243196529946341, 14.115198913879345, 0.8124560390584067, 0.7476217532772511
-3.2251744666946314, 14.050199008418867, 0.8124560390584067, 0.7476217532772511
-3.2071743862426065, 13.985195554428767, 0.8124560390584067, 0.7476217532772511
-3.1891973207781774, 13.920188424095373, 0.8124560390584067, 0.7476217532772511
-3.1712443024892414, 13.85517748960495, 0.8124560390584067, 0.7476217532772511
-3.1533163635637087, 13.790162623143814, 0.8124560390584067, 0.7476217532772511
-3.135414536189489, 13.725143696898273, 0.8124560390584067, 0.7476217532772511
-3.1175398459491124, 13.660120583767586, 0.8124560390584067, 0.7476217532772511
-3.099692895637967, 13.595093202285183, 0.8124560390584067, 0.7476217532772511
-3.0818736170434082, 13.530061543410667, 0.8124560390584067, 0.7476217532772511
-3.064081882358374, 13.465025604536116, 0.8124560390584067, 0.7476217532772511
-3.0463175637757978, 13.399985383053574, 0.8124560390584067, 0.7476217532772511
-3.028580533488612, 13.334940876355097, 0.8124560390584067, 0.7476217532772511
-3.0108706636897544, 13.269892081832756, 0.8124560390584067, 0.7476217532772511
-2.993187826572146, 13.20483899687856, 0.8124560390584067, 0.7476217532772511
-2.9755318943287294, 13.139781618884596, 0.8124560390584067, 0.7476217532772511
-2.9579027391524324, 13.074719945242899, 0.8124560390584067, 0.7476217532772511
-2.940300233236191, 13.009653973345534, 0.8124560390584067, 0.7476217532772511
-2.9227242487729392, 12.94458370058456, 0.8124560390584067, 0.7476217532772511
-2.9051746579556044, 12.879509124352003, 0.8124560390584067, 0.7476217532772511
-2.887651332977122, 12.814430242039931, 0.8124560390584067, 0.7476217532772511
-2.8701541460304254, 12.749347051040392, 0.8124560390584067, 0.7476217532772511
-2.8526829693084466, 12.684259548745446, 0.8124560390584067, 0.7476217532772511
-2.835237675004124, 12.619167732547155, 0.8124560390584067, 0.7476217532772511
-2.81781813531038, 12.55407159983754, 0.8124560390584067, 0.7476217532772511
-2.8004242224201534, 12.488971148008675, 0.8124560390584067, 0.7476217532772511
-2.7830558085263757, 12.423866374452604, 0.8124560390584067, 0.7476217532772511
-2.76571276582198, 12.358757276561384, 0.8124560390584067, 0.7476217532772511
-2.7483949664999043, 12.293643851727085, 0.8124560390584067, 0.7476217532772511
-2.731102282753072, 12.228526097341726, 0.8124560390584067, 0.7476217532772511
-2.7138345867744196, 12.163404010797374, 0.8124560390584067, 0.7476217532772511
-2.6965917507568813, 12.098277589486083, 0.8124560390584067, 0.7476217532772511
-2.6793736468933935, 12.033146830799922, 0.8124560390584067, 0.7476217532772511
-2.6621801473768807, 11.968011732130904, 0.8124560390584067, 0.7476217532772511
-2.645011124400279, 11.902872290871112, 0.8124560390584067, 0.7476217532772511
-2.6278664501565228, 11.837728504412585, 0.8124560390584067, 0.7476217532772511
-2.610745996838544, 11.772580370147384, 0.8124560390584067, 0.7476217532772511
-2.5936496366392783, 11.70742788546757, 0.8124560390584067, 0.7476217532772511
-2.576577241751652, 11.642271047765167, 0.8124560390584067, 0.7476217532772511
-2.559528684368601, 11.577109854432244, 0.8124560390584067, 0.7476217532772511
-2.542503836683059, 11.511944302860856, 0.8124560390584067, 0.7476217532772511
-2.5255025708879577, 11.44677439044305, 0.8124560390584067, 0.7476217532772511
-2.5085247591762365, 11.381600114570903, 0.8124560390584067, 0.7476217532772511
-2.4915702737408165, 11.316421472636424, 0.8124560390584067, 0.7476217532772511
-2.474638986774636, 11.251238462031685, 0.8124560390584067, 0.7476217532772511
-2.4577307704706284, 11.186051080148742, 0.8124560390584067, 0.7476217532772511
-2.440845497021726, 11.120859324379646, 0.8124560390584067, 0.7476217532772511
-2.4239830386208663, 11.055663192116464, 0.8124560390584067, 0.7476217532772511
-2.4071432674609725, 10.99046268075122, 0.8124560390584067, 0.7476217532772511
-2.390326055734983, 10.925257787675978, 0.8124560390584067, 0.7476217532772511
-2.37353127563583, 10.860048510282793, 0.8124560390584067, 0.7476217532772511
-2.3567587993564456, 10.794834845963717, 0.8124560390584067, 0.7476217532772511
-2.3400084990897683, 10.729616792110816, 0.8124560390584067, 0.7476217532772511
-2.323280247028721, 10.664394346116115, 0.8124560390584067, 0.7476217532772511
-2.3065739153662412, 10.599167505371677, 0.8124560390584067, 0.7476217532772511
-2.289889376295262, 10.53393626726956, 0.8124560390584067, 0.7476217532772511
-2.273226502008716, 10.468700629201813, 0.8124560390584067, 0.7476217532772511
-2.2565851646995405, 10.403460588560508, 0.8124560390584067, 0.7476217532772511
-2.239965236560659, 10.338216142737656, 0.8124560390584067, 0.7476217532772511
-2.2233665897850097, 10.272967289125338, 0.8124560390584067, 0.7476217532772511
-2.2067890965655237, 10.207714025115596, 0.8124560390584067, 0.7476217532772511
-2.19023262909514, 10.142456348100506, 0.8124560390584067, 0.7476217532772511
-2.1736970595667815, 10.077194255472081, 0.8124560390584067, 0.7476217532772511
-2.157182260173386, 10.011927744622398, 0.8124560390584067, 0.7476217532772511
-2.1406881031078857, 9.946656812943504, 0.8124560390584067, 0.7476217532772511
-2.124214460563214, 9.88138145782745, 0.8124560390584067, 0.7476217532772511
-2.1077612047323075, 9.81610167666631, 0.8124560390584067, 0.7476217532772511
-2.091328207808091, 9.7508174668521, 0.8124560390584067, 0.7476217532772511
-2.074915341983501, 9.68552882577689, 0.8124560390584067, 0.7476217532772511
-2.0585224794514705, 9.62023575083273, 0.8124560390584067, 0.7476217532772511
-2.042149492404932, 9.554938239411676, 0.8124560390584067, 0.7476217532772511
-2.0257962530368236, 9.489636288905798, 0.8124560390584067, 0.7476217532772511
-2.0094626335400676, 9.424329896707109, 0.8124560390584067, 0.7476217532772511
-1.9931485061076026, 9.35901906020768, 0.8124560390584067, 0.7476217532772511
-1.9768537429323612, 9.293703776799571, 0.8124560390584067, 0.7476217532772511
-1.960578216207276, 9.228384043874824, 0.8124560390584067, 0.7476217532772511
-1.9443217981252845, 9.163059858825516, 0.8124560390584067, 0.7476217532772511
-1.9280843608793097, 9.097731219043663, 0.8124560390584067, 0.7476217532772511
-1.9118657766622897, 9.032398121921329, 0.8124560390584067, 0.7476217532772511
-1.8956659176671575, 8.967060564850575, 0.8124560390584067, 0.7476217532772511
-1.8794846560868452, 8.90171854522345, 0.8124560390584067, 0.7476217532772511
-1.8633218641142906, 8.836372060432023, 0.8124560390584067, 0.7476217532772511
-1.8471774139424169, 8.771021107868311, 0.8124560390584067, 0.7476217532772511
-1.8310511777641618, 8.705665684924385, 0.8124560390584067, 0.7476217532772511
-1.8149430277724576, 8.640305788992295, 0.8124560390584067, 0.7476217532772511
-1.798852836160243, 8.574941417464116, 0.8124560390584067, 0.7476217532772511
-1.7827804751204401, 8.509572567731862, 0.8124560390584067, 0.7476217532772511
-1.7667258168459874, 8.444199237187604, 0.8124560390584067, 0.7476217532772511
-1.7506887335298167, 8.378821423223393, 0.8124560390584067, 0.7476217532772511
-1.734669097364862, 8.313439123231284, 0.8124560390584067, 0.7476217532772511
-1.7186667805440594, 8.248052334603345, 0.8124560390584067, 0.7476217532772511
-1.702681655260333, 8.182661054731593, 0.8124560390584067, 0.7476217532772511
-1.6867135937066202, 8.117265281008098, 0.8124560390584067, 0.7476217532772511
-1.6707624680758544, 8.051865010824914, 0.8124560390584067, 0.7476217532772511
-1.6548281505609674, 7.986460241574091, 0.8124560390584067, 0.7476217532772511
-1.6389105133548971, 7.921050970647703, 0.8124560390584067, 0.7476217532772511
-1.6230094286505674, 7.855637195437762, 0.8124560390584067, 0.7476217532772511
-1.6071247686409151, 7.790218913336342, 0.8124560390584067, 0.7476217532772511
-1.591256405518873, 7.724796121735493, 0.8124560390584067, 0.7476217532772511
-1.5754042114773743, 7.65936881802727, 0.8124560390584067, 0.7476217532772511
-1.5595680587093557, 7.59393699960374, 0.8124560390584067, 0.7476217532772511
-1.543747819407742, 7.528500663856925, 0.8124560390584067, 0.7476217532772511
-1.5279433657654695, 7.463059808178887, 0.8124560390584067, 0.7476217532772511
-1.512154569975472, 7.397614429961686, 0.8124560390584067, 0.7476217532772511
-1.4963813042306806, 7.33216452659737, 0.8124560390584067, 0.7476217532772511
-1.480623440724034, 7.266710095478011, 0.8124560390584067, 0.7476217532772511
-1.4648808516484564, 7.201251133995627, 0.8124560390584067, 0.7476217532772511
-1.4491534091968836, 7.135787639542286, 0.8124560390584067, 0.7476217532772511
-1.433440985562249, 7.070319609510041, 0.8124560390584067, 0.7476217532772511
-1.417743452937486, 7.004847041290945, 0.8124560390584067, 0.7476217532772511
-1.4020606835155314, 6.939369932277067, 0.8124560390584067, 0.7476217532772511
-1.3863925494893086, 6.873888279860426, 0.8124560390584067, 0.7476217532772511
-1.3707389230517557, 6.808402081433091, 0.8124560390584067, 0.7476217532772511
-1.3550996763958045, 6.742911334387112, 0.8124560390584067, 0.7476217532772511
-1.3394746817143934, 6.677416036114564, 0.8124560390584067, 0.7476217532772511
-1.3238638112004455, 6.61191618400746, 0.8124560390584067, 0.7476217532772511
-1.308266937098908, 6.546411775452306, 0.8124560390584067, 0.7476217532772511
-1.292684032149243, 6.480902797082802, 0.8124560390584067, 0.7476217532772511
-1.2771153790957004, 6.415389202362517, 0.8124560390584067, 0.7476217532772511
-1.261561320270443, 6.349870938379209, 0.8124560390584067, 0.7476217532772511
-1.246022198005621, 6.2843479522205845, 0.8124560390584067, 0.7476217532772511
-1.230498354633396, 6.218820190974392, 0.8124560390584067, 0.7476217532772511
-1.2149901324859276, 6.153287601728375, 0.8124560390584067, 0.7476217532772511
-1.1994978738953728, 6.087750131570271, 0.8124560390584067, 0.7476217532772511
-1.1840219211938954, 6.022207727587839, 0.8124560390584067, 0.7476217532772511
-1.1685626167136447, 5.956660336868779, 0.8124560390584067, 0.7476217532772511
-1.1531203027867833, 5.89110790650085, 0.8124560390584067, 0.7476217532772511
-1.1376953217454697, 5.82555038357179, 0.8124560390584067, 0.7476217532772511
-1.1222880159218616, 5.759987715169337, 0.8124560390584067, 0.7476217532772511
-1.1068987276481224, 5.694419848381247, 0.8124560390584067, 0.7476217532772511
-1.0915277992564014, 5.628846730295227, 0.8124560390584067, 0.7476217532772511
-1.0761755730788616, 5.563268307999029, 0.8124560390584067, 0.7476217532772511
-1.0608423914476603, 5.4976845285803915, 0.8124560390584067, 0.7476217532772511
-1.0455285966949577, 5.432095339127057, 0.8124560390584067, 0.7476217532772511
-1.0302345311529144, 5.366500686726781, 0.8124560390584067, 0.7476217532772511
-1.0149605371536816, 5.300900518467265, 0.8124560390584067, 0.7476217532772511
-0.9997069570294214, 5.235294781436266, 0.8124560390584067, 0.7476217532772511
-0.9844741331122919, 5.169683422721522, 0.8124560390584067, 0.7476217532772511
-0.9692624077344518, 5.104066389410773, 0.8124560390584067, 0.7476217532772511
-0.9540721232280636, 5.0384436285917795, 0.8124560390584067, 0.7476217532772511
-0.9389036219252768, 4.972815087352236, 0.8124560390584067, 0.7476217532772511
-0.9237572461582544, 4.907180712779905, 0.8124560390584067, 0.7476217532772511
-0.9086333382591545, 4.841540451962524, 0.8124560390584067, 0.7476217532772511
-0.8935322405601397, 4.7758942519878484, 0.8124560390584067, 0.7476217532772511
-0.8784542953933602, 4.710242059943583, 0.8124560390584067, 0.7476217532772511
-0.863399845090978, 4.644583822917483, 0.8124560390584067, 0.7476217532772511
-0.8483692319851519, 4.57891948799729, 0.8124560390584067, 0.7476217532772511
-0.8333627984080397, 4.513249002270737, 0.8124560390584067, 0.7476217532772511
-0.8183808866918045, 4.447572312825587, 0.8124560390584067, 0.7476217532772511
-0.8034238391685959, 4.3818893667495376, 0.8124560390584067, 0.7476217532772511
-0.7884919981705767, 4.31620011113035, 0.8124560390584067, 0.7476217532772511
-0.7735857060299048, 4.25050449305576, 0.8124560390584067, 0.7476217532772511
-0.7587053050787389, 4.184802459613507, 0.8124560390584067, 0.7476217532772511
-0.7438511376492414, 4.119093957891349, 0.8124560390584067, 0.7476217532772511
-0.7290235460735622, 4.053378934976986, 0.8124560390584067, 0.7476217532772511
-0.7142228726838638, 3.987657337958176, 0.8124560390584067, 0.7476217532772511
-0.6994494598123048, 3.9219291139226597, 0.8124560390584067, 0.7476217532772511
-0.6847036497910433, 3.856194209958174, 0.8124560390584067, 0.7476217532772511
-0.6699857849522417, 3.790452573152477, 0.8124560390584067, 0.7476217532772511
-0.6552962076280501, 3.7247041505932685, 0.8124560390584067, 0.7476217532772511
-0.640635260150631, 3.6589488893683075, 0.8124560390584067, 0.7476217532772511
-0.626003284852143, 3.5931867365653325, 0.8124560390584067, 0.7476217532772511
-0.6114006240647439, 3.5274176392720826, 0.8124560390584067, 0.7476217532772511
-0.5968276201205965, 3.461641544576313, 0.8124560390584067, 0.7476217532772511
-0.5822846153518508, 3.3958583995657285, 0.8124560390584067, 0.7476217532772511
-0.5677719520906694, 3.330068151328084, 0.8124560390584067, 0.7476217532772511
-0.5532899726692104, 3.2642707469511194, 0.8124560390584067, 0.7476217532772511
-0.5388390194196324, 3.1984661335225724, 0.8124560390584067, 0.7476217532772511
-0.5244194346740974, 3.1326542581302017, 0.8124560390584067, 0.7476217532772511
-0.5100315607647558, 3.0668350678617076, 0.8124560390584067, 0.7476217532772511
-0.4956757400237702, 3.001008509804848, 0.8124560390584067, 0.7476217532772511
-0.4813523147832986, 2.935174531047362, 0.8124560390584067, 0.7476217532772511
-0.4670616273755036, 2.869333078677007, 0.8124560390584067, 0.7476217532772511
-0.45280402013253523, 2.8034840997814827, 0.8124560390584067, 0.7476217532772511
-0.4385798353865561, 2.7376275414485485, 0.8124560390584067, 0.7476217532772511
-0.42438941546972453, 2.671763350765943, 0.8124560390584067, 0.7476217532772511
-0.4102331027141986, 2.6058914748214033, 0.8124560390584067, 0.7476217532772511
-0.39611123945214083, 2.540011860702689, 0.8124560390584067, 0.7476217532772511
-0.38202416801570166, 2.4741244554974995, 0.8124560390584067, 0.7476217532772511
-0.3679722307370432, 2.4082292062935937, 0.8124560390584067, 0.7476217532772511
-0.35395576994832384, 2.3423260601787104, 0.8124560390584067, 0.7476217532772511
-0.33997512798170193, 2.2764149642405873, 0.8124560390584067, 0.7476217532772511
-0.3260306471693397, 2.2104958655669824, 0.8124560390584067, 0.7476217532772511
-0.3121226698433876, 2.1445687112455953, 0.8124560390584067, 0.7476217532772511
-0.2982515383360081, 2.0786334483641866, 0.8124560390584067, 0.7476217532772511
-0.28441759497935926, 2.0126900240104932, 0.8124560390584067, 0.7476217532772511
-0.2706211821055995, 1.9467383852722537, 0.8124560390584067, 0.7476217532772511
-0.256862642046891, 1.8807784792372257, 0.8124560390584067, 0.7476217532772511
-0.2431423171353846, 1.8148102529931116, 0.8124560390584067, 0.7476217532772511
-0.22946054970324212, 1.748833653627668, 0.8124560390584067, 0.7476217532772511
-0.21581768208262206, 1.6828486282286332, 0.8124560390584067, 0.7476217532772511
-0.20221405660568284, 1.6168551238837465, 0.8124560390584067, 0.7476217532772511
-0.18865001560458639, 1.550853087680765, 0.8124560390584067, 0.7476217532772511
-0.17512590141148363, 1.484842466707391, 0.8124560390584067, 0.7476217532772511
-0.1616420563585365, 1.4188232080513803, 0.8124560390584067, 0.7476217532772511
-0.14819882277790355, 1.352795258800473, 0.8124560390584067, 0.7476217532772511
-0.1347965430017431, 1.286758566042408, 0.8124560390584067, 0.7476217532772511
-0.12143555936221691, 1.2207130768649406, 0.8124560390584067, 0.7476217532772511
-0.1081162141914761, 1.154658738355775, 0.8124560390584067, 0.7476217532772511
-0.09483884982168272, 1.0885954976026673, 0.8124560390584067, 0.7476217532772511
-0.08160380858499504, 1.0225233016933557, 0.8124560390584067, 0.7476217532772511
-0.06841143281357506, 0.9564420977155984, 0.8124560390584067, 0.7476217532772511
-0.0552620648395738, 0.8903518327570965, 0.8124560390584067, 0.7476217532772511
-0.04215604699515324, 0.8242524539056074, 0.8124560390584067, 0.7476217532772511
-0.029093721612471674, 0.7581439082488696, 0.8124560390584067, 0.7476217532772511
-0.01607543102368758, 0.692026142874623, 0.8124560390584067, 0.7476217532772511
-0.003101517560962802, 0.6258991048706235, 0.8124560390584067, 0.7476217532772511
0.00982767644355162, 0.5597627413245733, 0.8124560390584067, 0.7476217532772511
0.022711808657693705, 0.49361699932422975, 0.8124560390584067, 0.7476217532772511
0.03555053674930504, 0.4274618259573314, 0.8124560390584067, 0.7476217532772511
0.048343518386227385, 0.36129716831161707, 0.8124560390584067, 0.7476217532772511
0.06109041123629881, 0.2951229734748444, 0.8124560390584067, 0.7476217532772511
0.07379087296736811, 0.22893918853471407, 0.8124560390584067, 0.7476217532772511
0.08644456124727347, 0.16274576057898416, 0.8124560390584067, 0.7476217532772511
0.09905113374385638, 0.0965426366953942, 0.8124560390584067, 0.7476217532772511
0.11161024812495869, 0.030329763971680412, 0.8124560390584067, 0.7476217532772511
0.12412156205841852, -0.035892910504397246, 0.8124560390584067, 0.7476217532772511
0.13658473321208453, -0.10212543964513876, 0.8124560390584067, 0.7476217532772511
0.1489994192537948, -0.16836787636278583, 0.8124560390584067, 0.7476217532772511
0.16136527785139118, -0.23462027356960058, 0.8124560390584067, 0.7476217532772511
0.17368196667271513, -0.30088268417784336, 0.8124560390584067, 0.7476217532772511
0.1859491433856051, -0.3671551610997582, 0.8124560390584067, 0.7476217532772511
0.19816646565790946, -0.4334377572476422, 0.8124560390584067, 0.7476217532772511
0.21033359115746653, -0.4997305255337392, 0.8124560390584067, 0.7476217532772511
0.22245017755211793, -0.5660335188703088, 0.8124560390584067, 0.7476217532772511
0.2345158825097054, -0.632346790169614, 0.8124560390584067, 0.7476217532772511
0.2465303636980672, -0.6986703923438965, 0.8124560390584067, 0.7476217532772511
0.25849327878505185, -0.7650043783054554, 0.8124560390584067, 0.7476217532772511
0.27040428543849726, -0.8313488009665324, 0.8124560390584067, 0.7476217532772511
0.2822630413262456, -0.8977037132393896, 0.8124560390584067, 0.7476217532772511
0.2940692041161349, -0.9640691680362692, 0.8124560390584067, 0.7476217532772511
0.3058224314760136, -1.0304452182694699, 0.8124560390584067, 0.7476217532772511
0.31752238107372005, -1.0968319168512344, 0.8124560390584067, 0.7476217532772511
0.32916871057709596, -1.163229316693824, 0.8124560390584067, 0.7476217532772511
0.3407610776539828, -1.2296374707094992, 0.8124560390584067, 0.7476217532772511
0.35229913997221923, -1.2960564318105043, 0.8124560390584067, 0.7476217532772511
0.3637825551996532, -1.362486252909136, 0.8124560390584067, 0.7476217532772511
0.37521095579463354, -1.4289269871561991, 0.8124560390584067, 0.7476217532772511
0.3865827894924955, -1.495378698913733, 0.8124560390584067, 0.7476217532772511
0.3978948348714042, -1.5618414683392698, 0.8124560390584067, 0.7476217532772511
0.4091437448297882, -1.6283153767796494, 0.8124560390584067, 0.7476217532772511
0.42032617226608504, -1.6948005055817668, 0.8124560390584067, 0.7476217532772511
0.4314387700787232, -1.7612969360924629, 0.8124560390584067, 0.7476217532772511
0.4424781911661342, -1.8278047496585952, 0.8124560390584067, 0.7476217532772511
0.4534410884267494, -1.8943240276270235, 0.8124560390584067, 0.7476217532772511
0.4643241147589973, -1.9608548513445874, 0.8124560390584067, 0.7476217532772511
0.47512392306131546, -2.027397302158182, 0.8124560390584067, 0.7476217532772511
0.4858371662321321, -2.0939514614146466, 0.8124560390584067, 0.7476217532772511
0.49646049716987917, -2.1605174104608422, 0.8124560390584067, 0.7476217532772511
0.5069905687729878, -2.2270952306436254, 0.8124560390584067, 0.7476217532772511
0.5174240339398866, -2.2936850033098373, 0.8124560390584067, 0.7476217532772511
0.5277575455690128, -2.360286809806372, 0.8124560390584067, 0.7476217532772511
0.5379877565587952, -2.4269007314800706, 0.8124560390584067, 0.7476217532772511
0.5481113198076648, -2.493526849677791, 0.8124560390584067, 0.7476217532772511
0.5581248882140539, -2.5601652457463935, 0.8124560390584067, 0.7476217532772511
0.5680251146763903, -2.626816001032715, 0.8124560390584067, 0.7476217532772511
0.5778086520931117, -2.693479196883655, 0.8124560390584067, 0.7476217532772511
0.5874721533626466, -2.7601549146460513, 0.8124560390584067, 0.7476217532772511
0.5970122713834262, -2.8268432356667605, 0.8124560390584067, 0.7476217532772511
0.6064256590538797, -2.8935442412926267, 0.8124560390584067, 0.7476217532772511
0.6157089692724437, -2.960258012870543, 0.8124560390584067, 0.7476217532772511
0.6248588549375469, -3.0269846317473497, 0.8124560390584067, 0.7476217532772511
0.633871968947621, -3.0937241792699055, 0.8124560390584067, 0.7476217532772511
0.6427449642010975, -3.1604767367850695, 0.8124560390584067, 0.7476217532772511
0.6514744935964053, -3.2272423856396815, 0.8124560390584067, 0.7476217532772511
0.6600572100319807, -3.2940212071806356, 0.8124560390584067, 0.7476217532772511
0.6684897664062529, -3.360813282754773, 0.8124560390584067, 0.7476217532772511
0.6767688156176532, -3.4276186937089532, 0.8124560390584067, 0.7476217532772511
0.6848910105646133, -3.4944375213900334, 0.8124560390584067, 0.7476217532772511
0.6928530041455621, -3.561269847144853, 0.8124560390584067, 0.7476217532772511
0.7006514492589362, -3.6281157523203107, 0.8124560390584067, 0.7476217532772511
0.7082829988031643, -3.694975318263244, 0.8124560390584067, 0.7476217532772511
0.7157443056766778, -3.7618486263205106, 0.8124560390584067, 0.7476217532772511
0.7230320227779086, -3.8287357578389725, 0.8124560390584067, 0.7476217532772511
0.7301428030052856, -3.895636794165466, 0.8124560390584067, 0.7476217532772511
0.7370732992572447, -3.9625518166468883, 0.8124560390584067, 0.7476217532772511
0.7438201644322155, -4.02948090663008, 0.8124560390584067, 0.7476217532772511
0.7503800514286293, -4.096424145461899, 0.8124560390584067, 0.7476217532772511
0.7567496131449175, -4.163381614489203, 0.8124560390584067, 0.7476217532772511
0.7629255024795099, -4.230353395058835, 0.8124560390584067, 0.7476217532772511
0.7689043723308414, -4.297339568517686, 0.8124560390584067, 0.7476217532772511
0.7746828755973415, -4.364340216212598, 0.8124560390584067, 0.7476217532772511
0.7802576651774422, -4.4313554194904325, 0.8124560390584067, 0.7476217532772511
0.7856253939695749, -4.498385259698045, 0.8124560390584067, 0.7476217532772511
0.7907827148721693, -4.565429818182275, 0.8124560390584067, 0.7476217532772511
0.79572628078366, -4.632489176290021, 0.8124560390584067, 0.7476217532772511
0.8004527446024767, -4.699563415368118, 0.8124560390584067, 0.7476217532772511
0.8049587592270515, -4.766652616763432, 0.8124560390584067, 0.7476217532772511
0.809240977555814, -4.833756861822796, 0.8124560390584067, 0.7476217532772511
0.8132960524871988, -4.900876231893109, 0.8124560390584067, 0.7476217532772511
0.8171206369196355, -4.968010808321211, 0.8124560390584067, 0.7476217532772511
0.820711383751556, -5.035160672453959, 0.8124560390584067, 0.7476217532772511
0.8240649458813913, -5.102325905638213, 0.8124560390584067, 0.7476217532772511
0.8271779762075728, -5.169506589220813, 0.8124560390584067, 0.7476217532772511
0.8300474004932287, -5.236702767745576, 0.8124560390584067, 0.7476217532772511
0.8326733251746591, -5.3039140567577, 0.8124560390584067, 0.7476217532772511
0.8350579128364317, -5.371139794475997, 0.8124560390584067, 0.7476217532772511
0.8372033605169735, -5.438379314472265, 0.8124560390584067, 0.7476217532772511
0.8391118652547108, -5.5056319503182705, 0.8124560390584067, 0.7476217532772511
0.8407856240880723, -5.572897035585846, 0.8124560390584067, 0.7476217532772511
0.8422268340554846, -5.640173903846764, 0.8124560390584067, 0.7476217532772511
0.8434376921953749, -5.707461888672815, 0.8124560390584067, 0.7476217532772511
0.8444203955461701, -5.774760323635793, 0.8124560390584067, 0.7476217532772511
0.8451771411462976, -5.8420685423074685, 0.8124560390584067, 0.7476217532772511
0.8457101260341849, -5.909385878259674, 0.8124560390584067, 0.7476217532772511
0.8460215472482591, -5.976711665064179, 0.8124560390584067, 0.7476217532772511
0.8461136018269475, -6.044045236292779, 0.8124560390584067, 0.7476217532772511
0.8459884868086771, -6.111385925517263, 0.8124560390584067, 0.7476217532772511
0.8456483992318752, -6.178733066309405, 0.8124560390584067, 0.7476217532772511
0.845095536134969, -6.246085992241034, 0.8124560390584067, 0.7476217532772511
0.8443320945563857, -6.313444036883925, 0.8124560390584067, 0.7476217532772511
0.8433602715345526, -6.380806533809866, 0.8124560390584067, 0.7476217532772511
0.8421822641078969, -6.448172816590653, 0.8124560390584067, 0.7476217532772511
0.8408002693148459, -6.515542218798055, 0.8124560390584067, 0.7476217532772511
0.8392164841938264, -6.582914074003905, 0.8124560390584067, 0.7476217532772511
0.8374331057832661, -6.650287715779975, 0.8124560390584067, 0.7476217532772511
0.835452331121592, -6.717662477698055, 0.8124560390584067, 0.7476217532772511
0.8332763572472318, -6.78503769332992, 0.8124560390584067, 0.7476217532772511
0.8309073811986118, -6.852412696247398, 0.8124560390584067, 0.7476217532772511
0.8283476000141596, -6.919786820022262, 0.8124560390584067, 0.7476217532772511
0.8255992107323027, -6.987159398226306, 0.8124560390584067, 0.7476217532772511
0.8226644103914681, -7.0545297644313205, 0.8124560390584067, 0.7476217532772511
0.819545396030084, -7.121897252209077, 0.8124560390584067, 0.7476217532772511
0.8162443646865757, -7.189261195131409, 0.8124560390584067, 0.7476217532772511
0.812763513399371, -7.256620926770082, 0.8124560390584067, 0.7476217532772511
0.809105039206898, -7.323975780696896, 0.8124560390584067, 0.7476217532772511
0.8052711391475833, -7.391325090483641, 0.8124560390584067, 0.7476217532772511
0.8012640102598553, -7.4586681897020854, 0.8124560390584067, 0.7476217532772511
0.7970858495821391, -7.526004411924061, 0.8124560390584067, 0.7476217532772511
0.7927388541528629, -7.5933330907213445, 0.8124560390584067, 0.7476217532772511
0.7882252210104541, -7.6606535596657235, 0.8124560390584067, 0.7476217532772511
0.7835471471933396, -7.7279651523289905, 0.8124560390584067, 0.7476217532772511
0.7787068297399485, -7.795267202282919, 0.8124560390584067, 0.7476217532772511
0.7737064656887049, -7.86255904309934, 0.8124560390584067, 0.7476217532772511
0.7685482520780375, -7.9298400083500225, 0.8124560390584067, 0.7476217532772511
0.7632343859463733, -7.997109431606761, 0.8124560390584067, 0.7476217532772511
0.7577670643321399, -8.06436664644135, 0.8124560390584067, 0.7476217532772511
0.7521484842737657, -8.131610986425557, 0.8124560390584067, 0.7476217532772511
0.7463808428096752, -8.198841785131215, 0.8124560390584067, 0.7476217532772511
0.740466336978297, -8.266058376130095, 0.8124560390584067, 0.7476217532772511
0.7344071638180578, -8.333260092993989, 0.8124560390584067, 0.7476217532772511
0.7282055203673857, -8.40044626929469, 0.8124560390584067, 0.7476217532772511
0.7218636036647091, -8.467616238603972, 0.8124560390584067, 0.7476217532772511
0.7153836107484522, -8.534769334493664, 0.8124560390584067, 0.7476217532772511
0.7087677386570435, -8.601904890535536, 0.8124560390584067, 0.7476217532772511
0.7020181844289104, -8.669022240301384, 0.8124560390584067, 0.7476217532772511
0.6951373695912525, -8.73612074997948, 0.8124560390584067, 0.7476217532772511
0.6881325155550344, -8.803200483144597, 0.8124560390584067, 0.7476217532772511
0.6810154500284733, -8.870262172631248, 0.8124560390584067, 0.7476217532772511
0.6737981864706797, -8.93730657826215, 0.8124560390584067, 0.7476217532772511
0.666492738340764, -9.004334459860019, 0.8124560390584067, 0.7476217532772511
0.6591111190978389, -9.071346577247544, 0.8124560390584067, 0.7476217532772511
0.6516653422010114, -9.138343690247492, 0.8124560390584067, 0.7476217532772511
0.6441674211093936, -9.205326558682549, 0.8124560390584067, 0.7476217532772511
0.6366293692820966, -9.272295942375438, 0.8124560390584067, 0.7476217532772511
0.6290632001782305, -9.339252601148871, 0.8124560390584067, 0.7476217532772511
0.6214809272569084, -9.406197294825551, 0.8124560390584067, 0.7476217532772511
0.6138945639772366, -9.473130783228225, 0.8124560390584067, 0.7476217532772511
0.6063161237983277, -9.540053826179594, 0.8124560390584067, 0.7476217532772511
0.5987576201792923, -9.606967183502373, 0.8124560390584067, 0.7476217532772511
0.5912310665792414, -9.67387161501928, 0.8124560390584067, 0.7476217532772511
0.5837484764572873, -9.740767880553008, 0.8124560390584067, 0.7476217532772511
0.5763218632725365, -9.807656739926315, 0.8124560390584067, 0.7476217532772511
0.5689632404841019, -9.874538952961899, 0.8124560390584067, 0.7476217532772511
0.5616846215510938, -9.94141527948247, 0.8124560390584067, 0.7476217532772511
0.554498019932623, -10.008286479310751, 0.8124560390584067, 0.7476217532772511
0.5474154490878022, -10.075153312269434, 0.8124560390584067, 0.7476217532772511
0.5404489224757378, -10.142016538181275, 0.8124560390584067, 0.7476217532772511
0.5336104535555427, -10.208876916868974, 0.8124560390584067, 0.7476217532772511
0.5269120557863273, -10.275735208155245, 0.8124560390584067, 0.7476217532772511
0.5203657426272039, -10.342592171862782, 0.8124560390584067, 0.7476217532772511
0.5139804523872711, -10.409448520239252, 0.8124560390584067, 0.7476217532772511
0.5077412436455839, -10.476304596093264, 0.8124560390584067, 0.7476217532772511
0.5016220038153981, -10.54316056940637, 0.8124560390584067, 0.7476217532772511
0.49559655676726494, -10.610016609177043, 0.8124560390584067, 0.7476217532772511
0.4896387263717378, -10.676872884403759, 0.8124560390584067, 0.7476217532772511
0.48372233649936475, -10.743729564085037, 0.8124560390584067, 0.7476217532772511
0.47782121102069847, -10.81058681721934, 0.8124560390584067, 0.7476217532772511
0.47190917380629066, -10.877444812805157, 0.8124560390584067, 0.7476217532772511
0.46596004872669256, -10.944303719840974, 0.8124560390584067, 0.7476217532772511
0.4599476596524574, -11.011163707325254, 0.8124560390584067, 0.7476217532772511
0.45384583045413296, -11.07802494425652, 0.8124560390584067, 0.7476217532772511
0.4476283850022725, -11.144887599633238, 0.8124560390584067, 0.7476217532772511
0.4412691471674275, -11.211751842453896, 0.8124560390584067, 0.7476217532772511
0.43474194082014905, -11.278617841716976, 0.8124560390584067, 0.7476217532772511
0.4280205898309906, -11.345485766420946, 0.8124560390584067, 0.7476217532772511
0.42107891807049985, -11.41235578556433, 0.8124560390584067, 0.7476217532772511
0.4138907494092299, -11.479228068145586, 0.8124560390584067, 0.7476217532772511
0.4064299077177322, -11.54610278316321, 0.8124560390584067, 0.7476217532772511
0.3986702168665581, -11.612980099615678, 0.8124560390584067, 0.7476217532772511
0.39058550072626136, -11.67986018650146, 0.8124560390584067, 0.7476217532772511
0.3821495831673888, -11.746743212819078, 0.8124560390584067, 0.7476217532772511
0.3733392929222882, -11.813629326154715, 0.8124560390584067, 0.7476217532772511
0.36416389586397224, -11.880518442951272, 0.8124560390584067, 0.7476217532772511
0.35465245845744126, -11.947410338554981, 0.8124560390584067, 0.7476217532772511
0.3448343300640802, -12.01430478629615, 0.8124560390584067, 0.7476217532772511
0.334738860045266, -12.081201559505153, 0.8124560390584067, 0.7476217532772511
0.32439539776238374, -12.148100431512303, 0.8124560390584067, 0.7476217532772511
0.31383329257681564, -12.215001175647929, 0.8124560390584067, 0.7476217532772511
0.30308189384994727, -12.281903565242347, 0.8124560390584067, 0.7476217532772511
0.29217055094315475, -12.34880737362592, 0.8124560390584067, 0.7476217532772511
0.28112861321782356, -12.415712374128976, 0.8124560390584067, 0.7476217532772511
0.2699854300353361, -12.482618340081835, 0.8124560390584067, 0.7476217532772511
0.25877035075707444, -12.549525044814827, 0.8124560390584067, 0.7476217532772511
0.2475127247444244, -12.616432261658277, 0.8124560390584067, 0.7476217532772511
0.23624190135876189, -12.683339763942545, 0.8124560390584067, 0.7476217532772511
0.22498722996147238, -12.75024732499795, 0.8124560390584067, 0.7476217532772511
0.2137780599139383, -12.817154718154821, 0.8124560390584067, 0.7476217532772511
0.20264374057754186, -12.884061716743489, 0.8124560390584067, 0.7476217532772511
0.19161362131366866, -12.950968094094275, 0.8124560390584067, 0.7476217532772511
0.1807170514836947, -13.01787362353754, 0.8124560390584067, 0.7476217532772511
0.16998338044900557, -13.084778078403598, 0.8124560390584067, 0.7476217532772511
0.15944195757098353, -13.151681232022785, 0.8124560390584067, 0.7476217532772511
0.14912213221101103, -13.218582857725437, 0.8124560390584067, 0.7476217532772511
0.13905325373047303, -13.285482728841856, 0.8124560390584067, 0.7476217532772511
0.12926467149074644, -13.35238061870242, 0.8124560390584067, 0.7476217532772511
0.11978573485321632, -13.41927630063744, 0.8124560390584067, 0.7476217532772511
0.11064579317926508, -13.486169547977251, 0.8124560390584067, 0.7476217532772511
0.10187419583027504, -13.55306013405218, 0.8124560390584067, 0.7476217532772511
0.09350029216763085, -13.61994783219254, 0.8124560390584067, 0.7476217532772511
0.0855534315527102, -13.686832415728713, 0.8124560390584067, 0.7476217532772511
0.07806296334689779, -13.753713657990993, 0.8124560390584067, 0.7476217532772511
0.07105823691157599, -13.820591332309727, 0.8124560390584067, 0.7476217532772511
0.06456860160812715, -13.887465212015243, 0.8124560390584067, 0.7476217532772511
0.05862340679793518, -13.954335070437853, 0.8124560390584067, 0.7476217532772511
0.05325200184237916, -14.021200680907928, 0.8124560390584067, 0.7476217532772511
0.048483736102843136, -14.088061816755783, 0.8124560390584067, 0.7476217532772511
0.044347958940709434, -14.154918251311742, 0.8124560390584067, 0.7476217532772511
0.040873774458356237, -14.221768965312478, 0.8124560390584067, 0.7476217532772511
0.03808868797451954, -14.28860777276998, 0.8124560390584067, 0.7476217532772511
0.03601956410949332, -14.35542641717682, 0.8124560390584067, 0.7476217532772511
0.034693265772955305, -14.42221663649747, 0.8124560390584067, 0.7476217532772511
0.034136655874583165, -14.488970168696383, 0.8124560390584067, 0.7476217532772511
0.03437659732405441, -14.555678751738014, 0.8124560390584067, 0.7476217532772511
0.035439953031046856, -14.622334123586858, 0.8124560390584067, 0.7476217532772511
0.03735358590523824, -14.688928022207365, 0.8124560390584067, 0.7476217532772511
0.04014435885630624, -14.755452185563998, 0.8124560390584067, 0.7476217532772511
0.04383913479392855, -14.821898351621215, 0.8124560390584067, 0.7476217532772511
0.048464776627781446, -14.888258258343468, 0.8124560390584067, 0.7476217532772511
0.05404814726754517, -14.954523643695255, 0.8124560390584067, 0.7476217532772511
0.06061610962289625, -15.020686245641027, 0.8124560390584067, 0.7476217532772511
0.06819552660351239, -15.086737802145239, 0.8124560390584067, 0.7476217532772511
0.07681326111907125, -15.152670051172363, 0.8124560390584067, 0.7476217532772511
0.08649617607924773, -15.21847473068684, 0.8124560390584067, 0.7476217532772511
0.09727113439372487, -15.284143578653175, 0.8124560390584067, 0.7476217532772511
0.10916499897217777, -15.34966833303581, 0.8124560390584067, 0.7476217532772511
0.12220463272428415, -15.415040731799207, 0.8124560390584067, 0.7476217532772511
0.13641689855972172, -15.480252512907835, 0.8124560390584067, 0.7476217532772511
0.1518286593881637, -15.545295414326139, 0.8124560390584067, 0.7476217532772511
0.16846677811929633, -15.610161174018614, 0.8124560390584067, 0.7476217532772511
0.18635811766279317, -15.674841529949715, 0.8124560390584067, 0.7476217532772511
0.20552954092833195, -15.739328220083898, 0.8124560390584067, 0.7476217532772511
0.22600791082559035, -15.803612982385632, 0.8124560390584067, 0.7476217532772511
0.24781884514382274, -15.867686176044058, 0.8124560390584067, 0.7476217532772511
0.270966906740911, -15.931514845218766, 0.8124560390584067, 0.7476217532772511
0.29543911347036333, -15.9950466057326, 0.8124560390584067, 0.7476217532772511
0.32122194737726034, -16.05822848008474, 0.8124560390584067, 0.7476217532772511
0.34830189050667454, -16.12100749077434, 0.8124560390584067, 0.7476217532772511
0.37666542490370164, -16.183330660300616, 0.8124560390584067, 0.7476217532772511
0.40629903261341477, -16.245145011162727, 0.8124560390584067, 0.7476217532772511
0.4371891956808941, -16.30639756585985, 0.8124560390584067, 0.7476217532772511
0.4693223961512203, -16.367035346891164, 0.8124560390584067, 0.7476217532772511
0.5026851160694642, -16.427005376755822, 0.8124560390584067, 0.7476217532772511
0.537263837480725, -16.486254677953045, 0.8124560390584067, 0.7476217532772511
0.5730450424300739, -16.544730272981983, 0.8124560390584067, 0.7476217532772511
0.6100152129625915, -16.60237918434182, 0.8124560390584067, 0.7476217532772511
0.648160831123358, -16.659148434531733, 0.8124560390584067, 0.7476217532772511
0.6874683789574428, -16.714985046050877, 0.8124560390584067, 0.7476217532772511
0.7279243385099484, -16.769836041398474, 0.8124560390584067, 0.7476217532772511
0.7695151918259444, -16.82364844307367, 0.8124560390584067, 0.7476217532772511
0.8122274209505109, -16.876369273575644, 0.8124560390584067, 0.7476217532772511
0.8560475079287289, -16.927945555403586, 0.8124560390584067, 0.7476217532772511
0.9009619348056657, -16.978324311056642, 0.8124560390584067, 0.7476217532772511
0.946957167574421, -17.027452614927682, 0.8124560390584067, 0.7476217532772511
0.9940111694065796, -17.075305029716, 0.8124560390584067, 0.7476217532772511
1.0420794477888766, -17.12192871387627, 0.8124560390584067, 0.7476217532772511
1.0911138460908725, -17.167382671387156, 0.8124560390584067, 0.7476217532772511
1.1410662076821159, -17.21172590622733, 0.8124560390584067, 0.7476217532772511
1.191888375932195, -17.255017422375467, 0.8124560390584067, 0.7476217532772511
1.2435321942106574, -17.29731622381023, 0.8124560390584067, 0.7476217532772511
1.2959495058870651, -17.338681314510293, 0.8124560390584067, 0.7476217532772511
1.3490921543309793, -17.37917169845433, 0.8124560390584067, 0.7476217532772511
1.402911982911946, -17.418846379620984, 0.8124560390584067, 0.7476217532772511
1.4573608349995573, -17.457764361988954, 0.8124560390584067, 0.7476217532772511
1.512390553963359, -17.495984649536904, 0.8124560390584067, 0.7476217532772511
1.5679529831729127, -17.533566246243492, 0.8124560390584067, 0.7476217532772511
1.6239999659977642, -17.57056815608739, 0.8124560390584067, 0.7476217532772511
1.6804833458075064, -17.607049383047276, 0.8124560390584067, 0.7476217532772511
1.7373549659716847, -17.643068931101816, 0.8124560390584067, 0.7476217532772511
1.7945666698598601, -17.678685804229673, 0.8124560390584067, 0.7476217532772511
1.8520703008415949, -17.713959006409524, 0.8124560390584067, 0.7476217532772511
1.9098177022864335, -17.748947541620023, 0.8124560390584067, 0.7476217532772511
1.9677607175639706, -17.783710413839863, 0.8124560390584067, 0.7476217532772511
2.025851190043751, -17.818306627047708, 0.8124560390584067, 0.7476217532772511
2.0840409630953354, -17.852795185222213, 0.8124560390584067, 0.7476217532772511
2.142281880088286, -17.887235092342053, 0.8124560390584067, 0.7476217532772511
2.2005257843921484, -17.921685352385897, 0.8124560390584067, 0.7476217532772511
2.258724519376515, -17.956204969332425, 0.8124560390584067, 0.7476217532772511
2.3168299284109324, -17.990852947160295, 0.8124560390584067, 0.7476217532772511
2.374793854864961, -18.02568828984818, 0.8124560390584067, 0.7476217532772511
2.4325681421081624, -18.060770001374745, 0.8124560390584067, 0.7476217532772511
2.4901046335100827, -18.09615708571866, 0.8124560390584067, 0.7476217532772511
2.547355172440314, -18.1319085468586, 0.8124560390584067, 0.7476217532772511
2.6042716022684034, -18.168083388773237, 0.8124560390584067, 0.7476217532772511
2.660805766363911, -18.204740615441235, 0.8124560390584067, 0.7476217532772511
2.7169095080963985, -18.24193923084126, 0.8124560390584067, 0.7476217532772511
2.772534670835412, -18.27973823895198, 0.8124560390584067, 0.7476217532772511
2.827633097950544, -18.318196643752074, 0.8124560390584067, 0.7476217532772511
2.88215663281134, -18.357373449220205, 0.8124560390584067, 0.7476217532772511
2.936057118787361, -18.397327659335044, 0.8124560390584067, 0.7476217532772511
2.9892863992481704, -18.438118278075265, 0.8124560390584067, 0.7476217532772511
3.0417963175633123, -18.479804309419514, 0.8124560390584067, 0.7476217532772511
3.093538717102379, -18.52244475734649, 0.8124560390584067, 0.7476217532772511
3.1444654412349173, -18.56609862583486, 0.8124560390584067, 0.7476217532772511
3.1945283333304877, -18.610824918863276, 0.8124560390584067, 0.7476217532772511
3.2436792367586387, -18.656682640410406, 0.8124560390584067, 0.7476217532772511
3.291869994888958, -18.703730794454934, 0.8124560390584067, 0.7476217532772511
3.339050414923203, -18.752025615687653, 0.8124560390584067, 0.7476217532772511
3.3851334221933524, -18.801573177650706, 0.8124560390584067, 0.7476217532772511
3.429999864126755, -18.852335926365477, 0.8124560390584067, 0.7476217532772511
3.4735295186454063, -18.90427485327369, 0.8124560390584067, 0.7476217532772511
3.515602163671339, -18.957350949817126, 0.8124560390584067, 0.7476217532772511
3.556097577126546, -19.011525207437508, 0.8124560390584067, 0.7476217532772511
3.5948955369330364, -19.066758617576575, 0.8124560390584067, 0.7476217532772511
3.631875821012816, -19.12301217167607, 0.8124560390584067, 0.7476217532772511
3.6669182072878828, -19.18024686117773, 0.8124560390584067, 0.7476217532772511
3.6999024736802655, -19.238423677523322, 0.8124560390584067, 0.7476217532772511
3.730708398111959, -19.297503612154582, 0.8124560390584067, 0.7476217532772511
3.7592157585049706, -19.357447656513237, 0.8124560390584067, 0.7476217532772511
3.7853043327813083, -19.418216802041044, 0.8124560390584067, 0.7476217532772511
3.8088538988629734, -19.47977204017973, 0.8124560390584067, 0.7476217532772511
3.8297442346719857, -19.54207436237106, 0.8124560390584067, 0.7476217532772511
3.847855118130347, -19.60508476005677, 0.8124560390584067, 0.7476217532772511
3.8630663271600625, -19.668764224678604, 0.8124560390584067, 0.7476217532772511
3.8752576396831406, -19.733073747678297, 0.8124560390584067, 0.7476217532772511
3.884308833621586, -19.797974320497584, 0.8124560390584067, 0.7476217532772511
3.8901032224207728, -19.86342553181365, 0.8124560390584067, 0.7476217532772511
3.8926196263292976, -19.929349076745286, 0.8124560390584067, 0.7476217532772511
3.891940991519932, -19.99562533710531, 0.8124560390584067, 0.7476217532772511
3.888155527548281, -20.06213260639138, 0.8124560390584067, 0.7476217532772511
3.8813514439699524, -20.128749178101142, 0.8124560390584067, 0.7476217532772511
3.8716169503405475, -20.195353345732304, 0.8124560390584067, 0.7476217532772511
3.859040256215674, -20.261823402782515, 0.8124560390584067, 0.7476217532772511
3.843709571150935, -20.32803764274942, 0.8124560390584067, 0.7476217532772511
3.8257131047019444, -20.393874359130685, 0.8124560390584067, 0.7476217532772511
3.805139066424293, -20.459211845423987, 0.8124560390584067, 0.7476217532772511
3.7820756658735943, -20.523928395126998, 0.8124560390584067, 0.7476217532772511
3.756611112605452, -20.58790230173737, 0.8124560390584067, 0.7476217532772511
3.728833616175473, -20.651011858752767, 0.8124560390584067, 0.7476217532772511
3.6988313861392697, -20.713135359670837, 0.8124560390584067, 0.7476217532772511
3.666692632052431, -20.77415109798927, 0.8124560390584067, 0.7476217532772511
3.6325055634705685, -20.833937367205724, 0.8124560390584067, 0.7476217532772511
3.5963583899492906, -20.89237246081786, 0.8124560390584067, 0.7476217532772511
3.5583393210442016, -20.949334672323342, 0.8124560390584067, 0.7476217532772511
3.5185328277707195, -21.004721050907815, 0.8124560390584067, 0.7476217532772511
3.4770063922342, -21.05851387653662, 0.8124560390584067, 0.7476217532772511
3.4338226732604453, -21.110719626835696, 0.8124560390584067, 0.7476217532772511
3.3890443293488217, -21.161344781068667, 0.8124560390584067, 0.7476217532772511
3.34273401899869, -21.21039581849913, 0.8124560390584067, 0.7476217532772511
3.2949544007094245, -21.257879218390688, 0.8124560390584067, 0.7476217532772511
3.245768132980362, -21.30380146000697, 0.8124560390584067, 0.7476217532772511
3.19523787431088, -21.34816902261158, 0.8124560390584067, 0.7476217532772511
3.1434262832003377, -21.390988385468116, 0.8124560390584067, 0.7476217532772511
3.090396018148101, -21.432266027840207, 0.8124560390584067, 0.7476217532772511
3.0362097376535453, -21.47200842899143, 0.8124560390584067, 0.7476217532772511
2.9809301002160034, -21.510222068185428, 0.8124560390584067, 0.7476217532772511
2.9246197643348544, -21.546913424685798, 0.8124560390584067, 0.7476217532772511
2.8673413885094576, -21.582088977756147, 0.8124560390584067, 0.7476217532772511
2.809157631239179, -21.61575520666009, 0.8124560390584067, 0.7476217532772511
2.7501311510233952, -21.647918590661217, 0.8124560390584067, 0.7476217532772511
2.690324606361436, -21.678585609023163, 0.8124560390584067, 0.7476217532772511
2.629800655752682, -21.707762741009528, 0.8124560390584067, 0.7476217532772511
2.5686197948984657, -21.735458530301393, 0.8124560390584067, 0.7476217532772511
2.506824048744631, -21.761699151144487, 0.8124560390584067, 0.7476217532772511
2.4444460795924003, -21.786519714544603, 0.8124560390584067, 0.7476217532772511
2.381518476670505, -21.809955401256175, 0.8124560390584067, 0.7476217532772511
2.318073829207657, -21.832041392033656, 0.8124560390584067, 0.7476217532772511
2.2541447264325676, -21.852812867631485, 0.8124560390584067, 0.7476217532772511
2.1897637575739664, -21.87230500880409, 0.8124560390584067, 0.7476217532772511
2.12496351186053, -21.89055299630593, 0.8124560390584067, 0.7476217532772511
2.059776578520989, -21.90759201089145, 0.8124560390584067, 0.7476217532772511
1.9942355467840551, -21.92345723331508, 0.8124560390584067, 0.7476217532772511
1.9283730058784398, -21.938183844331267, 0.8124560390584067, 0.7476217532772511
1.8622215450328736, -21.951807024694457, 0.8124560390584067, 0.7476217532772511
1.7958137534760321, -21.96436195515908, 0.8124560390584067, 0.7476217532772511
1.729182220436645, -21.975883816479595, 0.8124560390584067, 0.7476217532772511
1.6623595351434253, -21.986407789410435, 0.8124560390584067, 0.7476217532772511
1.5953782868250845, -21.99596905470605, 0.8124560390584067, 0.7476217532772511
1.5282710647103528, -22.004602793120856, 0.8124560390584067, 0.7476217532772511
1.4610704580279061, -22.012344185409333, 0.8124560390584067, 0.7476217532772511
1.3938090560064738, -22.019228412325898, 0.8124560390584067, 0.7476217532772511
1.3265194478747688, -22.025290654625, 0.8124560390584067, 0.7476217532772511
1.2592341292081493, -22.030566022455893, 0.8124560390584067, 0.7476217532772511
1.1919753447867016, -22.035081897900852, 0.8124560390584067, 0.7476217532772511
1.124745987399663, -22.03885107359071, 0.8124560390584067, 0.7476217532772511
1.057546802173449, -22.041884723034812, 0.8124560390584067, 0.7476217532772511
0.9903785342344574, -22.044194019742513, 0.8124560390584067, 0.7476217532772511
0.9232419287091042, -22.04579013722318, 0.8124560390584067, 0.7476217532772511
0.8561377307237502, -22.04668424898617, 0.8124560390584067, 0.7476217532772511
0.789066685404812, -22.04688752854085, 0.8124560390584067, 0.7476217532772511
0.7220295378786864, -22.046411149396572, 0.8124560390584067, 0.7476217532772511
0.655027033271772, -22.045266285062695, 0.8124560390584067, 0.7476217532772511
0.5880599167104847, -22.04346410904858, 0.8124560390584067, 0.7476217532772511
0.5211289333211853, -22.041015794863593, 0.8124560390584067, 0.7476217532772511
0.4542348282302898, -22.037932516017086, 0.8124560390584067, 0.7476217532772511
0.38737834656419584, -22.034225446018425, 0.8124560390584067, 0.7476217532772511
0.32056023344930157, -22.02990575837696, 0.8124560390584067, 0.7476217532772511
0.2537812340120228, -22.024984626602055, 0.8124560390584067, 0.7476217532772511
0.18704209337872052, -22.019473224203082, 0.8124560390584067, 0.7476217532772511
0.12034355667581047, -22.013382724689382, 0.8124560390584067, 0.7476217532772511
0.05368636902969087, -22.006724301570323, 0.8124560390584067, 0.7476217532772511
-0.012928724433240828, -21.999509128355278, 0.8124560390584067, 0.7476217532772511
-0.07950097858656832, -21.991748378553574, 0.8124560390584067, 0.7476217532772511
-0.14602964830393098, -21.983453225674605, 0.8124560390584067, 0.7476217532772511
-0.21251398845891245, -21.97463484322771, 0.8124560390584067, 0.7476217532772511
-0.27895325392511544, -21.965304404722257, 0.8124560390584067, 0.7476217532772511
-0.34534669957614167, -21.9554730836676, 0.8124560390584067, 0.7476217532772511
-0.4116935802855753, -21.945152053573104, 0.8124560390584067, 0.7476217532772511
-0.4779931509270556, -21.93435248794813, 0.8124560390584067, 0.7476217532772511
-0.544244666374166, -21.92308556030203, 0.8124560390584067, 0.7476217532772511
-0.610447381500509, -21.911362444144174, 0.8124560390584067, 0.7476217532772511
-0.6766005511796875, -21.899194312983912, 0.8124560390584067, 0.7476217532772511
-0.7427034302852847, -21.88659234033061, 0.8124560390584067, 0.7476217532772511
-0.8087552736909398, -21.873567699693627, 0.8124560390584067, 0.7476217532772511
-0.8747553362702364, -21.860131564582318, 0.8124560390584067, 0.7476217532772511
-0.9407028728967777, -21.84629510850604, 0.8124560390584067, 0.7476217532772511
-1.006597138444147, -21.83206950497418, 0.8124560390584067, 0.7476217532772511
-1.0724373877859832, -21.817465927496063, 0.8124560390584067, 0.7476217532772511
-1.1382228757958706, -21.802495549581057, 0.8124560390584067, 0.7476217532772511
-1.2039528573474112, -21.787169544738532, 0.8124560390584067, 0.7476217532772511
-1.2696265873142072, -21.771499086477846, 0.8124560390584067, 0.7476217532772511
-1.335243320569843, -21.75549534830835, 0.8124560390584067, 0.7476217532772511
-1.4008023119879578, -21.73916950373942, 0.8124560390584067, 0.7476217532772511
-1.4663028164421343, -21.722532726280388, 0.8124560390584067, 0.7476217532772511
-1.531744088805976, -21.705596189440644, 0.8124560390584067, 0.7476217532772511
-1.5971253839530846, -21.688371066729527, 0.8124560390584067, 0.7476217532772511
-1.6624459567570442, -21.67086853165641, 0.8124560390584067, 0.7476217532772511
-1.7277050620914944, -21.653099757730647, 0.8124560390584067, 0.7476217532772511
-1.7929019548300176, -21.635075918461595, 0.8124560390584067, 0.7476217532772511
-1.8580358898462181, -21.61680818735862, 0.8124560390584067, 0.7476217532772511
-1.923106122013696, -21.598307737931073, 0.8124560390584067, 0.7476217532772511
-1.988111906206038, -21.579585743688323, 0.8124560390584067, 0.7476217532772511
-2.05305249729688, -21.560653378139726, 0.8124560390584067, 0.7476217532772511
-2.117927150159808, -21.541521814794642, 0.8124560390584067, 0.7476217532772511
-2.1827351202193865, -21.52220221841564, 0.8124560390584067, 0.7476217532772511
-2.2474758401507073, -21.50270293983451, 0.8124560390584067, 0.7476217532772511
-2.3121491729601873, -21.483025498181927, 0.8124560390584067, 0.7476217532772511
-2.3767550456978426, -21.463170395868804, 0.8124560390584067, 0.7476217532772511
-2.441293385413637, -21.44313813530609, 0.8124560390584067, 0.7476217532772511
-2.5057641191575506, -21.422929218904706, 0.8124560390584067, 0.7476217532772511
-2.5701671739795655, -21.402544149075588, 0.8124560390584067, 0.7476217532772511
-2.634502476929644, -21.381983428229674, 0.8124560390584067, 0.7476217532772511
-2.698769955057804, -21.36124755877787, 0.8124560390584067, 0.7476217532772511
-2.7629695354140082, -21.340337043131136, 0.8124560390584067, 0.7476217532772511
-2.8271011450482364, -21.319252383700373, 0.8124560390584067, 0.7476217532772511
-2.8911647110104544, -21.297994082896544, 0.8124560390584067, 0.7476217532772511
-2.955160160350677, -21.276562643130564, 0.8124560390584067, 0.7476217532772511
-3.0190874201188684, -21.254958566813354, 0.8124560390584067, 0.7476217532772511
-3.082946417365009, -21.233182356355858, 0.8124560390584067, 0.7476217532772511
-3.1467370791390805, -21.211234514169, 0.8124560390584067, 0.7476217532772511
-3.210459332491046, -21.18911554266373, 0.8124560390584067, 0.7476217532772511
-3.274113104470921, -21.16682594425095, 0.8124560390584067, 0.7476217532772511
-3.3376983221286713, -21.14436622134161, 0.8124560390584067, 0.7476217532772511
-3.4012149125142748, -21.121736876346624, 0.8124560390584067, 0.7476217532772511
-3.464662802677715, -21.098938411676937, 0.8124560390584067, 0.7476217532772511
-3.5280419196689556, -21.075971329743492, 0.8124560390584067, 0.7476217532772511
-3.5913521905380104, -21.05283613295719, 0.8124560390584067, 0.7476217532772511
-3.6545935423348466, -21.02953332372898, 0.8124560390584067, 0.7476217532772511
-3.7177659021094422, -21.006063404469792, 0.8124560390584067, 0.7476217532772511
-3.780869196911779, -20.982426877590544, 0.8124560390584067, 0.7476217532772511
-3.843903353791821, -20.958624245502197, 0.8124560390584067, 0.7476217532772511
-3.9068682997995836, -20.934656010615647, 0.8124560390584067, 0.7476217532772511
-3.969763961985031, -20.910522675341845, 0.8124560390584067, 0.7476217532772511
-4.032590267398144, -20.886224742091713, 0.8124560390584067, 0.7476217532772511
-4.0953471430889055, -20.861762713276185, 0.8124560390584067, 0.7476217532772511
-4.158034516107275, -20.83713709130619, 0.8124560390584067, 0.7476217532772511
-4.2206523135032725, -20.81234837859267, 0.8124560390584067, 0.7476217532772511
-4.283200462326859, -20.787397077546544, 0.8124560390584067, 0.7476217532772511
-4.345678889628018, -20.76228369057874, 0.8124560390584067, 0.7476217532772511
-4.408087522456728, -20.737008720100196, 0.8124560390584067, 0.7476217532772511
-4.470426287862955, -20.71157266852185, 0.8124560390584067, 0.7476217532772511
-4.532695112896713, -20.685976038254612, 0.8124560390584067, 0.7476217532772511
-4.594893924607967, -20.66021933170943, 0.8124560390584067, 0.7476217532772511
-4.657022650046696, -20.63430305129723, 0.8124560390584067, 0.7476217532772511
-4.719081216262867, -20.60822769942895, 0.8124560390584067, 0.7476217532772511
-4.781069550306494, -20.581993778515507, 0.8124560390584067, 0.7476217532772511
-4.84298757922754, -20.55560179096783, 0.8124560390584067, 0.7476217532772511
-4.904835230075987, -20.529052239196876, 0.8124560390584067, 0.7476217532772511
-4.966612429901816, -20.50234562561354, 0.8124560390584067, 0.7476217532772511
-5.02831910575499, -20.475482452628786, 0.8124560390584067, 0.7476217532772511
-5.089955184685528, -20.448463222653526, 0.8124560390584067, 0.7476217532772511
-5.15152059374339, -20.421288438098696, 0.8124560390584067, 0.7476217532772511
-5.213015259978558, -20.393958601375225, 0.8124560390584067, 0.7476217532772511
-5.274439110441013, -20.366474214894033, 0.8124560390584067, 0.7476217532772511
-5.3357920721807215, -20.338835781066084, 0.8124560390584067, 0.7476217532772511
-5.397074072247692, -20.311043802302265, 0.8124560390584067, 0.7476217532772511
-5.458285037691897, -20.28309878101354, 0.8124560390584067, 0.7476217532772511
-5.519424895563312, -20.25500121961083, 0.8124560390584067, 0.7476217532772511
-5.580493572911921, -20.22675162050506, 0.8124560390584067, 0.7476217532772511
-5.641490996787686, -20.198350486107174, 0.8124560390584067, 0.7476217532772511
-5.702417094240624, -20.169798318828086, 0.8124560390584067, 0.7476217532772511
-5.763271792320697, -20.141095621078733, 0.8124560390584067, 0.7476217532772511
-5.824055018077888, -20.11224289527005, 0.8124560390584067, 0.7476217532772511
-5.884766698562177, -20.08324064381297, 0.8124560390584067, 0.7476217532772511
-5.945406760823527, -20.054089369118426, 0.8124560390584067, 0.7476217532772511
-6.0059751319119545, -20.024789573597328, 0.8124560390584067, 0.7476217532772511
-6.066471738877424, -19.99534175966063, 0.8124560390584067, 0.7476217532772511
-6.126896508769916, -19.96574642971925, 0.8124560390584067, 0.7476217532772511
-6.187249368639413, -19.936004086184123, 0.8124560390584067, 0.7476217532772511
-6.247530245535876, -19.906115231466188, 0.8124560390584067, 0.7476217532772511
-6.307739066509323, -19.876080367976364, 0.8124560390584067, 0.7476217532772511
-6.367875758609714, -19.845899998125578, 0.8124560390584067, 0.7476217532772511
-6.427940248887037, -19.81557462432478, 0.8124560390584067, 0.7476217532772511
-6.48793246439125, -19.78510474898489, 0.8124560390584067, 0.7476217532772511
-6.5478523321723685, -19.754490874516826, 0.8124560390584067, 0.7476217532772511
-6.6076997792803605, -19.723733503331538, 0.8124560390584067, 0.7476217532772511
-6.6674747327652035, -19.692833137839944, 0.8124560390584067, 0.7476217532772511
-6.727177119676879, -19.661790280452987, 0.8124560390584067, 0.7476217532772511
-6.786806867065355, -19.630605433581596, 0.8124560390584067, 0.7476217532772511
-6.8463639019806415, -19.599279099636693, 0.8124560390584067, 0.7476217532772511
-6.9058481514727035, -19.567811781029206, 0.8124560390584067, 0.7476217532772511
-6.965259542591525, -19.536203980170082, 0.8124560390584067, 0.7476217532772511
-7.024598002387085, -19.504456199470237, 0.8124560390584067, 0.7476217532772511
-7.083863457909348, -19.472568941340615, 0.8124560390584067, 0.7476217532772511
-7.143055836208328, -19.44054270819214, 0.8124560390584067, 0.7476217532772511
-7.20217506433399, -19.408378002435732, 0.8124560390584067, 0.7476217532772511
-7.261221069336315, -19.37607532648234, 0.8124560390584067, 0.7476217532772511
-7.320193778265286, -19.343635182742887, 0.8124560390584067, 0.7476217532772511
-7.379093118170863, -19.311058073628306, 0.8124560390584067, 0.7476217532772511
-7.437919016103064, -19.278344501549523, 0.8124560390584067, 0.7476217532772511
-7.496671399111853, -19.245494968917466, 0.8124560390584067, 0.7476217532772511
-7.55535019424721, -19.212509978143082, 0.8124560390584067, 0.7476217532772511
-7.613955328559116, -19.179390031637283, 0.8124560390584067, 0.7476217532772511
-7.672486729097537, -19.14613563181102, 0.8124560390584067, 0.7476217532772511
-7.730944322912485, -19.112747281075205, 0.8124560390584067, 0.7476217532772511
-7.789328037053927, -19.079225481840773, 0.8124560390584067, 0.7476217532772511
-7.84763779857184, -19.04557073651866, 0.8124560390584067, 0.7476217532772511
-7.905873534516211, -19.01178354751979, 0.8124560390584067, 0.7476217532772511
-7.964035171937002, -18.97786441725511, 0.8124560390584067, 0.7476217532772511
-8.022122637884227, -18.943813848135534, 0.8124560390584067, 0.7476217532772511
-8.080135859407847, -18.909632342571992, 0.8124560390584067, 0.7476217532772511
-8.13807476355785, -18.875320402975426, 0.8124560390584067, 0.7476217532772511
-8.195939277384195, -18.840878531756772, 0.8124560390584067, 0.7476217532772511
-8.253729327936897, -18.806307231326937, 0.8124560390584067, 0.7476217532772511
-8.311444842265923, -18.771607004096868, 0.8124560390584067, 0.7476217532772511
-8.369085747421252, -18.73677835247749, 0.8124560390584067, 0.7476217532772511
-8.426651970452864, -18.701821778879744, 0.8124560390584067, 0.7476217532772511
-8.484143438410728, -18.66673778571456, 0.8124560390584067, 0.7476217532772511
-8.541560078344853, -18.63152687539285, 0.8124560390584067, 0.7476217532772511
-8.598901817305208, -18.596189550325562, 0.8124560390584067, 0.7476217532772511
-8.656168582341774, -18.56072631292363, 0.8124560390584067, 0.7476217532772511
-8.713360300504526, -18.525137665597967, 0.8124560390584067, 0.7476217532772511
-8.770476898843434, -18.489424110759522, 0.8124560390584067, 0.7476217532772511
-8.827518304408509, -18.453586150819216, 0.8124560390584067, 0.7476217532772511
-8.884484444249718, -18.41762428818798, 0.8124560390584067, 0.7476217532772511
-8.941375245417046, -18.381539025276744, 0.8124560390584067, 0.7476217532772511
-8.998190634960464, -18.345330864496447, 0.8124560390584067, 0.7476217532772511
-9.054930539929945, -18.30900030825802, 0.8124560390584067, 0.7476217532772511
-9.1115948873755, -18.27254785897238, 0.8124560390584067, 0.7476217532772511
-9.168183604347092, -18.235974019050467, 0.8124560390584067, 0.7476217532772511
-9.224696617894704, -18.199279290903206, 0.8124560390584067, 0.7476217532772511
-9.281133855068319, -18.162464176941544, 0.8124560390584067, 0.7476217532772511
-9.3374952429179, -18.125529179576404, 0.8124560390584067, 0.7476217532772511
-9.393780708493457, -18.088474801218705, 0.8124560390584067, 0.7476217532772511
-9.449990178844962, -18.051301544279386, 0.8124560390584067, 0.7476217532772511
-9.506123581022388, -18.014009911169374, 0.8124560390584067, 0.7476217532772511
-9.562180842075723, -17.976600404299607, 0.8124560390584067, 0.7476217532772511
-9.61816188905493, -17.93907352608103, 0.8124560390584067, 0.7476217532772511
-9.67406664901002, -17.90142977892454, 0.8124560390584067, 0.7476217532772511
-9.729895048990958, -17.863669665241083, 0.8124560390584067, 0.7476217532772511
-9.78564701604773, -17.8257936874416, 0.8124560390584067, 0.7476217532772511
-9.841322477230294, -17.787802347937014, 0.8124560390584067, 0.7476217532772511
-9.89692135958867, -17.749696149138252, 0.8124560390584067, 0.7476217532772511
-9.952443590172821, -17.71147559345625, 0.8124560390584067, 0.7476217532772511
-10.007889096032724, -17.673141183301926, 0.8124560390584067, 0.7476217532772511
-10.063257804218363, -17.63469342108623, 0.8124560390584067, 0.7476217532772511
-10.118549641779705, -17.596132809220094, 0.8124560390584067, 0.7476217532772511
-10.17376453576676, -17.557459850114427, 0.8124560390584067, 0.7476217532772511
-10.228902413229495, -17.518675046180174, 0.8124560390584067, 0.7476217532772511
-10.28396320121789, -17.47977889982827, 0.8124560390584067, 0.7476217532772511
-10.338946826781925, -17.44077191346963, 0.8124560390584067, 0.7476217532772511
-10.393853216971568, -17.401654589515207, 0.8124560390584067, 0.7476217532772511
-10.448682298836832, -17.362427430375917, 0.8124560390584067, 0.7476217532772511
-10.503433999427678, -17.323090938462684, 0.8124560390584067, 0.7476217532772511
-10.558108245794092, -17.283645616186455, 0.8124560390584067, 0.7476217532772511
-10.612704964986053, -17.244091965958155, 0.8124560390584067, 0.7476217532772511
-10.667224084053528, -17.204430490188724, 0.8124560390584067, 0.7476217532772511
-10.721665530046522, -17.164661691289066, 0.8124560390584067, 0.7476217532772511
-10.77602923001501, -17.124786071670137, 0.8124560390584067, 0.7476217532772511
-10.830315111008964, -17.08480413374285, 0.8124560390584067, 0.7476217532772511
-10.884523100078379, -17.044716379918157, 0.8124560390584067, 0.7476217532772511
-10.938653124273205, -17.004523312606985, 0.8124560390584067, 0.7476217532772511
-10.992705110643463, -16.964225434220243, 0.8124560390584067, 0.7476217532772511
-11.046678986239119, -16.923823247168876, 0.8124560390584067, 0.7476217532772511
-11.10057467811015, -16.88331725386382, 0.8124560390584067, 0.7476217532772511
-11.154392113306535, -16.842707956715994, 0.8124560390584067, 0.7476217532772511
-11.208131218878247, -16.80199585813635, 0.8124560390584067, 0.7476217532772511
-11.261791921875295, -16.761181460535795, 0.8124560390584067, 0.7476217532772511
-11.315374149347644, -16.72026526632527, 0.8124560390584067, 0.7476217532772511
-11.368877828345273, -16.679247777915702, 0.8124560390584067, 0.7476217532772511
-11.42230288591815, -16.638129497718037, 0.8124560390584067, 0.7476217532772511
-11.475649249116287, -16.59691092814318, 0.8124560390584067, 0.7476217532772511
-11.528916844989649, -16.55559257160208, 0.8124560390584067, 0.7476217532772511
-11.582105600588216, -16.51417493050566, 0.8124560390584067, 0.7476217532772511
-11.635215442961972, -16.47265850726486, 0.8124560390584067, 0.7476217532772511
-11.688246299160884, -16.431043804290617, 0.8124560390584067, 0.7476217532772511
-11.741198096234953, -16.38933132399383, 0.8124560390584067, 0.7476217532772511
-11.794070761234156, -16.347521568785453, 0.8124560390584067, 0.7476217532772511
-11.846864221208474, -16.305615041076415, 0.8124560390584067, 0.7476217532772511
-11.899578403207883, -16.26361224327765, 0.8124560390584067, 0.7476217532772511
-11.95221323428235, -16.22151367780009, 0.8124560390584067, 0.7476217532772511
-12.004768641481888, -16.17931984705465, 0.8124560390584067, 0.7476217532772511
-12.057244455780017, -16.13703115006312, 0.8124560390584067, 0.7476217532772511
-12.109639162986403, -16.094646538298406, 0.8124560390584067, 0.7476217532772511
-12.161950258724751, -16.052163897681012, 0.8124560390584067, 0.7476217532772511
-12.214175215633553, -16.00958108939678, 0.8124560390584067, 0.7476217532772511
-12.266311506351345, -15.96689597463152, 0.8124560390584067, 0.7476217532772511
-12.318356603516609, -15.924106414571064, 0.8124560390584067, 0.7476217532772511
-12.370307979767867, -15.881210270401256, 0.8124560390584067, 0.7476217532772511
-12.422163107743609, -15.838205403307914, 0.8124560390584067, 0.7476217532772511
-12.473919460082335, -15.795089674476884, 0.8124560390584067, 0.7476217532772511
-12.525574509422578, -15.751860945093968, 0.8124560390584067, 0.7476217532772511
-12.577125728402828, -15.708517076345014, 0.8124560390584067, 0.7476217532772511
-12.628570589661589, -15.665055929415843, 0.8124560390584067, 0.7476217532772511
-12.679906565837367, -15.621475365492287, 0.8124560390584067, 0.7476217532772511
-12.73113112956866, -15.577773245760193, 0.8124560390584067, 0.7476217532772511
-12.782241753493986, -15.53394743140535, 0.8124560390584067, 0.7476217532772511
-12.833235910251853, -15.489995783613617, 0.8124560390584067, 0.7476217532772511
-12.884111072480756, -15.445916163570814, 0.8124560390584067, 0.7476217532772511
-12.934864712819195, -15.401706432462786, 0.8124560390584067, 0.7476217532772511
-12.985494303905694, -15.357364451475332, 0.8124560390584067, 0.7476217532772511
-13.035997318378755, -15.312888081794306, 0.8124560390584067, 0.7476217532772511
-13.086371228876873, -15.268275184605526, 0.8124560390584067, 0.7476217532772511
-13.136613508038563, -15.223523621094825, 0.8124560390584067, 0.7476217532772511
-13.186721628502305, -15.17863125244804, 0.8124560390584067, 0.7476217532772511
-13.236693062906642, -15.133595939850979, 0.8124560390584067, 0.7476217532772511
-13.286525283890066, -15.088415544489488, 0.8124560390584067, 0.7476217532772511
-13.33621576409107, -15.043087927549387, 0.8124560390584067, 0.7476217532772511
-13.38576197614818, -14.997610950216519, 0.8124560390584067, 0.7476217532772511
-13.435161392699873, -14.951982473676711, 0.8124560390584067, 0.7476217532772511
-13.484411486384683, -14.906200359115774, 0.8124560390584067, 0.7476217532772511
-13.533509729841104, -14.860262467719549, 0.8124560390584067, 0.7476217532772511
-13.58245359570764, -14.814166660673864, 0.8124560390584067, 0.7476217532772511
-13.631240556622803, -14.767910799164554, 0.8124560390584067, 0.7476217532772511
-13.679868085225078, -14.721492744377452, 0.8124560390584067, 0.7476217532772511
-13.728333654152998, -14.674910357498366, 0.8124560390584067, 0.7476217532772511
-13.776634736045063, -14.628161499713142, 0.8124560390584067, 0.7476217532772511
-13.824768803539765, -14.581244032207602, 0.8124560390584067, 0.7476217532772511
-13.872733329275617, -14.53415581616758, 0.8124560390584067, 0.7476217532772511
-13.920525785891115, -14.486894712778918, 0.8124560390584067, 0.7476217532772511
-13.968143646024782, -14.439458583227413, 0.8124560390584067, 0.7476217532772511
-14.015584382315117, -14.391845288698917, 0.8124560390584067, 0.7476217532772511
-14.062845467400624, -14.34405269037925, 0.8124560390584067, 0.7476217532772511
-14.109924373919808, -14.296078649454248, 0.8124560390584067, 0.7476217532772511
-14.156818900105199, -14.247921312807607, 0.8124560390584067, 0.7476217532772511
-14.203535416381682, -14.199586349134533, 0.8124560390584067, 0.7476217532772511
-14.250089514380862, -14.15108751843021, 0.8124560390584067, 0.7476217532772511
-14.296497241348046, -14.102438980475574, 0.8124560390584067, 0.7476217532772511
-14.342774644528543, -14.053654895051586, 0.8124560390584067, 0.7476217532772511
-14.388937771167683, -14.004749421939147, 0.8124560390584067, 0.7476217532772511
-14.435002668510782, -13.955736720919216, 0.8124560390584067, 0.7476217532772511
-14.480985383803144, -13.906630951772724, 0.8124560390584067, 0.7476217532772511
-14.526901964290087, -13.857446274280612, 0.8124560390584067, 0.7476217532772511
-14.572768457216915, -13.808196848223831, 0.8124560390584067, 0.7476217532772511
-14.618600909828967, -13.758896833383291, 0.8124560390584067, 0.7476217532772511
-14.664415369371547, -13.709560389539945, 0.8124560390584067, 0.7476217532772511
-14.710227883089965, -13.660201676474728, 0.8124560390584067, 0.7476217532772511
-14.756054498229538, -13.610834853968578, 0.8124560390584067, 0.7476217532772511
-14.801911262035567, -13.561474081802448, 0.8124560390584067, 0.7476217532772511
-14.847814221753401, -13.51213351975725, 0.8124560390584067, 0.7476217532772511
-14.893779424628333, -13.462827327613931, 0.8124560390584067, 0.7476217532772511
-14.939822917905675, -13.413569665153432, 0.8124560390584067, 0.7476217532772511
-14.985960748830749, -13.364374692156685, 0.8124560390584067, 0.7476217532772511
-15.032208964648854, -13.315256568404651, 0.8124560390584067, 0.7476217532772511
-15.078583612605332, -13.266229453678232, 0.8124560390584067, 0.7476217532772511
-15.125100739945484, -13.217307507758385, 0.8124560390584067, 0.7476217532772511
-15.171776393914621, -13.16850489042604, 0.8124560390584067, 0.7476217532772511
-15.218626621758068, -13.119835761462145, 0.8124560390584067, 0.7476217532772511
-15.265667470721112, -13.071314280647641, 0.8124560390584067, 0.7476217532772511
-15.31291498804911, -13.022954607763447, 0.8124560390584067, 0.7476217532772511
-15.360385220987352, -12.97477090259051, 0.8124560390584067, 0.7476217532772511
-15.408094216781159, -12.926777324909768, 0.8124560390584067, 0.7476217532772511
-15.456058022675826, -12.878988034502171, 0.8124560390584067, 0.7476217532772511
-15.504292685916703, -12.831417191148635, 0.8124560390584067, 0.7476217532772511
-15.552814253749084, -12.784078954630104, 0.8124560390584067, 0.7476217532772511
-15.601638773418287, -12.73698748472752, 0.8124560390584067, 0.7476217532772511
-15.650770149347538, -12.690148142852104, 0.8124560390584067, 0.7476217532772511
-15.700091823411405, -12.643479006418636, 0.8124560390584067, 0.7476217532772511
-15.749418337788557, -12.59684822993319, 0.8124560390584067, 0.7476217532772511
-15.798563424597551, -12.550123380953634, 0.8124560390584067, 0.7476217532772511
-15.84734081595696, -12.50317202703782, 0.8124560390584067, 0.7476217532772511
-15.89556424398535, -12.455861735743602, 0.8124560390584067, 0.7476217532772511
-15.943047440801276, -12.408060074628853, 0.8124560390584067, 0.7476217532772511
-15.989604138523333, -12.359634611251392, 0.8124560390584067, 0.7476217532772511
-16.035048069270083, -12.310452913169101, 0.8124560390584067, 0.7476217532772511
-16.079192965160093, -12.260382547939825, 0.8124560390584067, 0.7476217532772511
-16.121852558311932, -12.209291083121427, 0.8124560390584067, 0.7476217532772511
-16.16284058084416, -12.157046086271771, 0.8124560390584067, 0.7476217532772511
-16.20197076487537, -12.103515124948686, 0.8124560390584067, 0.7476217532772511
-16.23906334062357, -12.04857218864899, 0.8124560390584067, 0.7476217532772511
-16.274058919539026, -11.992210237182263, 0.8124560390584067, 0.7476217532772511
-16.307004263929297, -11.934527137081984, 0.8124560390584067, 0.7476217532772511
-16.337949773999036, -11.875624350141042, 0.8124560390584067, 0.7476217532772511
-16.36694584995292, -11.815603338152274, 0.8124560390584067, 0.7476217532772511
-16.394042891995607, -11.75456556290857, 0.8124560390584067, 0.7476217532772511
-16.419291300331746, -11.692612486202801, 0.8124560390584067, 0.7476217532772511
-16.442741475166, -11.629845569827829, 0.8124560390584067, 0.7476217532772511
-16.464443816703014, -11.566366275576545, 0.8124560390584067, 0.7476217532772511
-16.48444872514747, -11.502276065241785, 0.8124560390584067, 0.7476217532772511
-16.502806600704016, -11.437676400616438, 0.8124560390584067, 0.7476217532772511
-16.519567853121774, -11.372668043780704, 0.8124560390584067, 0.7476217532772511
-16.534783333120316, -11.307319428883403, 0.8124560390584067, 0.7476217532772511
-16.54850450835358, -11.241653762075531, 0.8124560390584067, 0.7476217532772511
-16.56078289246134, -11.175690878244904, 0.8124560390584067, 0.7476217532772511
-16.571669999083383, -11.109450612279314, 0.8124560390584067, 0.7476217532772511
-16.58121734185948, -11.042952799066555, 0.8124560390584067, 0.7476217532772511
-16.589476434429418, -10.976217273494441, 0.8124560390584067, 0.7476217532772511
-16.596498790432964, -10.909263870450728, 0.8124560390584067, 0.7476217532772511
-16.602335923509912, -10.842112424823231, 0.8124560390584067, 0.7476217532772511
-16.60703934730004, -10.774782771499744, 0.8124560390584067, 0.7476217532772511
-16.610660575443116, -10.70729474536806, 0.8124560390584067, 0.7476217532772511
-16.61325112157894, -10.639668181315997, 0.8124560390584067, 0.7476217532772511
-16.61486249934727, -10.571922914231305, 0.8124560390584067, 0.7476217532772511
-16.615546222387906, -10.504078779001803, 0.8124560390584067, 0.7476217532772511
-16.61535380434061, -10.436155610515282, 0.8124560390584067, 0.7476217532772511
-16.614336758845173, -10.368173243659541, 0.8124560390584067, 0.7476217532772511
-16.61254659954137, -10.300151513322385, 0.8124560390584067, 0.7476217532772511
-16.610034840068987, -10.232110254391579, 0.8124560390584067, 0.7476217532772511
-16.606852994067793, -10.164069301754932, 0.8124560390584067, 0.7476217532772511
-16.603052575177582, -10.096048490300241, 0.8124560390584067, 0.7476217532772511
-16.59868509703812, -10.028067654915299, 0.8124560390584067, 0.7476217532772511
-16.593802073289197, -9.960146630487921, 0.8124560390584067, 0.7476217532772511
-16.588455391398526, -9.892304728223603, 0.8124560390584067, 0.7476217532772511
-16.582705226160346, -9.824549649906949, 0.8124560390584067, 0.7476217532772511
-16.576619870664953, -9.756877724690403, 0.8124560390584067, 0.7476217532772511
-16.57026795801997, -9.689284805408217, 0.8124560390584067, 0.7476217532772511
-16.56371812133301, -9.62176674489466, 0.8124560390584067, 0.7476217532772511
-16.557038993711696, -9.554319395983944, 0.8124560390584067, 0.7476217532772511
-16.550299208263656, -9.486938611510338, 0.8124560390584067, 0.7476217532772511
-16.543567398096492, -9.41962024430809, 0.8124560390584067, 0.7476217532772511
-16.536912196317854, -9.352360147211476, 0.8124560390584067, 0.7476217532772511
-16.530402236035336, -9.285154173054705, 0.8124560390584067, 0.7476217532772511
-16.524106150356573, -9.217998174672049, 0.8124560390584067, 0.7476217532772511
-16.51809257238919, -9.150888004897759, 0.8124560390584067, 0.7476217532772511
-16.512430135240795, -9.083819516566079, 0.8124560390584067, 0.7476217532772511
-16.50718747201902, -9.016788562511282, 0.8124560390584067, 0.7476217532772511
-16.502433215831484, -8.949790995567588, 0.8124560390584067, 0.7476217532772511
-16.498235999785805, -8.882822668569256, 0.8124560390584067, 0.7476217532772511
-16.4946644569896, -8.81587943435054, 0.8124560390584067, 0.7476217532772511
-16.491787220550506, -8.748957145745695, 0.8124560390584067, 0.7476217532772511
-16.48967292357613, -8.682051655588987, 0.8124560390584067, 0.7476217532772511
-16.48839019917409, -8.615158816714628, 0.8124560390584067, 0.7476217532772511
-16.48800768045202, -8.548274481956886, 0.8124560390584067, 0.7476217532772511
-16.48859400051754, -8.481394504150021, 0.8124560390584067, 0.7476217532772511
-16.49021779247826, -8.414514736128273, 0.8124560390584067, 0.7476217532772511
-16.492944732562382, -8.347631732429452, 0.8124560390584067, 0.7476217532772511
-16.49679469570767, -8.280752916795842, 0.8124560390584067, 0.7476217532772511
-16.50175148491314, -8.213894273280598, 0.8124560390584067, 0.7476217532772511
-16.5077979270187, -8.14707201759129, 0.8124560390584067, 0.7476217532772511
-16.514916848864274, -8.080302365435491, 0.8124560390584067, 0.7476217532772511
-16.523091077289774, -8.013601532520802, 0.8124560390584067, 0.7476217532772511
-16.532303439135134, -7.9469857345547545, 0.8124560390584067, 0.7476217532772511
-16.542536761240267, -7.880471187244949, 0.8124560390584067, 0.7476217532772511
-16.553773870445095, -7.8140741062989525, 0.8124560390584067, 0.7476217532772511
-16.565997593589543, -7.747810707424349, 0.8124560390584067, 0.7476217532772511
-16.579190757513526, -7.681697206328727, 0.8124560390584067, 0.7476217532772511
-16.59333618905697, -7.615749818719627, 0.8124560390584067, 0.7476217532772511
-16.608416715059803, -7.549984760304644, 0.8124560390584067, 0.7476217532772511
-16.62441516236193, -7.484418246791348, 0.8124560390584067, 0.7476217532772511
-16.64131435780328, -7.419066493887337, 0.8124560390584067, 0.7476217532772511
-16.659097128223788, -7.353945717300153, 0.8124560390584067, 0.7476217532772511
-16.67774630046335, -7.289072132737383, 0.8124560390584067, 0.7476217532772511
-16.697244701361907, -7.2244619559066034, 0.8124560390584067, 0.7476217532772511
-16.717575157759367, -7.160131402515392, 0.8124560390584067, 0.7476217532772511
-16.738720496495645, -7.09609668827134, 0.8124560390584067, 0.7476217532772511
-16.760663544410694, -7.032374028881992, 0.8124560390584067, 0.7476217532772511
-16.783387128344405, -6.968979640054934, 0.8124560390584067, 0.7476217532772511
-16.806874075145345, -6.905929737429624, 0.8124560390584067, 0.7476217532772511
-16.831107713762727, -6.843236574561416, 0.8124560390584067, 0.7476217532772511
-16.85607322821911, -6.780897766593425, 0.8124560390584067, 0.7476217532772511
-16.881756230858223, -6.718907548779663, 0.8124560390584067, 0.7476217532772511
-16.908142334023804, -6.65726015637421, 0.8124560390584067, 0.7476217532772511
-16.93521715005958, -6.5959498246311155, 0.8124560390584067, 0.7476217532772511
-16.96296629130929, -6.534970788804435, 0.8124560390584067, 0.7476217532772511
-16.99137537011666, -6.474317284148239, 0.8124560390584067, 0.7476217532772511
-17.020429998825435, -6.413983545916547, 0.8124560390584067, 0.7476217532772511
-17.050115789779337, -6.353963809363431, 0.8124560390584067, 0.7476217532772511
-17.08041835532211, -6.294252309742945, 0.8124560390584067, 0.7476217532772511
-17.111323307797473, -6.23484328230914, 0.8124560390584067, 0.7476217532772511
-17.142816259549164, -6.175730962316091, 0.8124560390584067, 0.7476217532772511
-17.174882822920924, -6.11690958501782, 0.8124560390584067, 0.7476217532772511
-17.207508610256486, -6.05837338566839, 0.8124560390584067, 0.7476217532772511
-17.24067923389958, -6.000116599521863, 0.8124560390584067, 0.7476217532772511
-17.274380306193933, -5.942133461832288, 0.8124560390584067, 0.7476217532772511
-17.30859743948328, -5.884418207853737, 0.8124560390584067, 0.7476217532772511
-17.343316246111364, -5.826965072840231, 0.8124560390584067, 0.7476217532772511
-17.378522338421906, -5.769768292045841, 0.8124560390584067, 0.7476217532772511
-17.414201328758654, -5.7128221007246225, 0.8124560390584067, 0.7476217532772511
-17.45033882946532, -5.656120734130642, 0.8124560390584067, 0.7476217532772511
-17.48692045288566, -5.599658427517924, 0.8124560390584067, 0.7476217532772511
-17.5239318113634, -5.543429416140539, 0.8124560390584067, 0.7476217532772511
-17.56135851724227, -5.487427935252537, 0.8124560390584067, 0.7476217532772511
-17.599186182865996, -5.431648220107977, 0.8124560390584067, 0.7476217532772511
-17.63740042057831, -5.376084505960924, 0.8124560390584067, 0.7476217532772511
-17.675986842722967, -5.320731028065406, 0.8124560390584067, 0.7476217532772511
-17.71493106164369, -5.265582021675489, 0.8124560390584067, 0.7476217532772511
-17.75421868968421, -5.210631722045228, 0.8124560390584067, 0.7476217532772511
-17.793835339188252, -5.155874364428677, 0.8124560390584067, 0.7476217532772511
-17.833766622499546, -5.101304184079905, 0.8124560390584067, 0.7476217532772511
-17.873998151961857, -5.046915416252937, 0.8124560390584067, 0.7476217532772511
-17.91451553991889, -4.9927022962018395, 0.8124560390584067, 0.7476217532772511
-17.955304398714393, -4.93865905918067, 0.8124560390584067, 0.7476217532772511
-17.99635034069209, -4.884779940443479, 0.8124560390584067, 0.7476217532772511
-18.037638978195698, -4.831059175244337, 0.8124560390584067, 0.7476217532772511
-18.07915592356899, -4.777490998837268, 0.8124560390584067, 0.7476217532772511
-18.120886789155673, -4.724069646476341, 0.8124560390584067, 0.7476217532772511
-18.16281718729949, -4.670789353415612, 0.8124560390584067, 0.7476217532772511
-18.20493273034416, -4.617644354909131, 0.8124560390584067, 0.7476217532772511
-18.24721903063342, -4.56462888621097, 0.8124560390584067, 0.7476217532772511
-18.28966170051102, -4.511737182575152, 0.8124560390584067, 0.7476217532772511
-18.332246352320684, -4.458963479255748, 0.8124560390584067, 0.7476217532772511
-18.374958598406142, -4.406302011506807, 0.8124560390584067, 0.7476217532772511
-18.417784051111127, -4.353747014582389, 0.8124560390584067, 0.7476217532772511
-18.460708322779364, -4.301292723736559, 0.8124560390584067, 0.7476217532772511
-18.503717025754607, -4.248933374223342, 0.8124560390584067, 0.7476217532772511
-18.54679577238058, -4.196663201296808, 0.8124560390584067, 0.7476217532772511
-18.589930175001015, -4.14447644021101, 0.8124560390584067, 0.7476217532772511
-18.633105845959633, -4.0923673262200175, 0.8124560390584067, 0.7476217532772511
-18.67630839760019, -4.040330094577854, 0.8124560390584067, 0.7476217532772511
-18.71952363756603, -3.988359049426809, 0.8124560390584067, 0.7476217532772511
-18.762744834756546, -3.9364511267250775, 0.8124560390584067, 0.7476217532772511
-18.805974875385306, -3.8846066547552027, 0.8124560390584067, 0.7476217532772511
-18.849217280905933, -3.832826185868573, 0.8124560390584067, 0.7476217532772511
-18.892475572772074, -3.78111027241653, 0.8124560390584067, 0.7476217532772511
-18.93575327243735, -3.7294594667504626, 0.8124560390584067, 0.7476217532772511
-18.97905390135537, -3.67787432122174, 0.8124560390584067, 0.7476217532772511
-19.02238098097978, -3.6263553881817363, 0.8124560390584067, 0.7476217532772511
-19.06573803276419, -3.574903219981838, 0.8124560390584067, 0.7476217532772511
-19.10912857816225, -3.5235183689733884, 0.8124560390584067, 0.7476217532772511
-19.152556138627574, -3.472201387507774, 0.8124560390584067, 0.7476217532772511
-19.19602423561379, -3.420952827936367, 0.8124560390584067, 0.7476217532772511
-19.23953639057453, -3.369773242610539, 0.8124560390584067, 0.7476217532772511
-19.283096124963393, -3.318663183881676, 0.8124560390584067, 0.7476217532772511
-19.326706960234045, -3.267623204101124, 0.8124560390584067, 0.7476217532772511
-19.3703724178401, -3.216653855620268, 0.8124560390584067, 0.7476217532772511
-19.41409601923518, -3.1657556907904794, 0.8124560390584067, 0.7476217532772511
-19.45788128587292, -3.1149292619631312, 0.8124560390584067, 0.7476217532772511
-19.501731739206924, -3.0641751214896096, 0.8124560390584067, 0.7476217532772511
-19.545650900690852, -3.013493821721259, 0.8124560390584067, 0.7476217532772511
-19.589642291778315, -2.962885915009465, 0.8124560390584067, 0.7476217532772511
-19.633709433922938, -2.9123519537056, 0.8124560390584067, 0.7476217532772511
-19.677855848578353, -2.861892490161036, 0.8124560390584067, 0.7476217532772511
-19.722085057198168, -2.811508076727159, 0.8124560390584067, 0.7476217532772511
-19.76640058123605, -2.761199265755315, 0.8124560390584067, 0.7476217532772511
-19.810805942145596, -2.7109666095968876, 0.8124560390584067, 0.7476217532772511
-19.855304661380437, -2.660810660603249, 0.8124560390584067, 0.7476217532772511
-19.899900260394194, -2.6107319711257877, 0.8124560390584067, 0.7476217532772511
-19.944596260640512, -2.5607310935158463, 0.8124560390584067, 0.7476217532772511
-19.989396183573017, -2.5108085801248117, 0.8124560390584067, 0.7476217532772511
-20.03430355064532, -2.4609649833040548, 0.8124560390584067, 0.7476217532772511
-20.07932188331106, -2.411200855404949, 0.8124560390584067, 0.7476217532772511
-20.12445470302385, -2.36151674877888, 0.8124560390584067, 0.7476217532772511
-20.16970553123734, -2.3119132157771927, 0.8124560390584067, 0.7476217532772511
-20.215077889405144, -2.2623908087512716, 0.8124560390584067, 0.7476217532772511
-20.260574923040515, -2.2129501308313793, 0.8124560390584067, 0.7476217532772511
-20.306197158126796, -2.163592138972016, 0.8124560390584067, 0.7476217532772511
-20.351944005985743, -2.114317940686879, 0.8124560390584067, 0.7476217532772511
-20.397814873836133, -2.0651286440438272, 0.8124560390584067, 0.7476217532772511
-20.443809168896703, -2.016025357110762, 0.8124560390584067, 0.7476217532772511
-20.48992629838619, -1.9670091879555684, 0.8124560390584067, 0.7476217532772511
-20.536165669523342, -1.9180812446461353, 0.8124560390584067, 0.7476217532772511
-20.582526689526894, -1.8692426352503615, 0.8124560390584067, 0.7476217532772511
-20.629008765615602, -1.820494467836107, 0.8124560390584067, 0.7476217532772511
-20.675611305008218, -1.7718378504712726, 0.8124560390584067, 0.7476217532772511
-20.72233371492348, -1.7232738912237446, 0.8124560390584067, 0.7476217532772511
-20.76917540258012, -1.6748036981614098, 0.8124560390584067, 0.7476217532772511
-20.81613577519688, -1.6264283793521683, 0.8124560390584067, 0.7476217532772511
-20.863214239992534, -1.5781490428638802, 0.8124560390584067, 0.7476217532772511
-20.910410204185805, -1.5299667967644455, 0.8124560390584067, 0.7476217532772511
-20.957723074995446, -1.4818827491217514, 0.8124560390584067, 0.7476217532772511
-21.005152259640187, -1.4338980080036838, 0.8124560390584067, 0.7476217532772511
-21.052697165338778, -1.3860136814781443, 0.8124560390584067, 0.7476217532772511
-21.10035719930998, -1.3382308776129912, 0.8124560390584067, 0.7476217532772511
-21.14813176877252, -1.2905507044761257, 0.8124560390584067, 0.7476217532772511
-21.196020280945163, -1.2429742701354345, 0.8124560390584067, 0.7476217532772511
-21.244022143046617, -1.1955026826588173, 0.8124560390584067, 0.7476217532772511
-21.29213676229566, -1.1481370501141341, 0.8124560390584067, 0.7476217532772511
-21.340363545911032, -1.100878480569286, 0.8124560390584067, 0.7476217532772511
-21.388701901111457, -1.0537280820921586, 0.8124560390584067, 0.7476217532772511
-21.43715123511571, -1.0066869627506392, 0.8124560390584067, 0.7476217532772511
-21.485710955142498, -0.9597562306126275, 0.8124560390584067, 0.7476217532772511
-21.534380468410603, -0.9129369937459844, 0.8124560390584067, 0.7476217532772511
-21.583159182138747, -0.8662303602186089, 0.8124560390584067, 0.7476217532772511
-21.632046503545688, -0.8196374380983887, 0.8124560390584067, 0.7476217532772511
-21.68104183985016, -0.7731593354532104, 0.8124560390584067, 0.7476217532772511
-21.730144598270897, -0.7267971603509733, 0.8124560390584067, 0.7476217532772511
-21.779354186026673, -0.6805520208595387, 0.8124560390584067, 0.7476217532772511
-21.82867001033621, -0.6344250250468056, 0.8124560390584067, 0.7476217532772511
-21.87809147841827, -0.5884172809806617, 0.8124560390584067, 0.7476217532772511
-21.92761799749158, -0.5425298967289934, 0.8124560390584067, 0.7476217532772511
-21.977248974774884, -0.49676398035969976, 0.8124560390584067, 0.7476217532772511
-22.026983817486947, -0.45112063994064244, 0.8124560390584067, 0.7476217532772511
-22.076821932846492, -0.40560098353972107, 0.8124560390584067, 0.7476217532772511
-22.126762728072286, -0.3602061192248223, 0.8124560390584067, 0.7476217532772511
-22.176805610270847, -0.31493715468867617, 0.8124560390584067, 0.7476217532772511
-22.226949837032507, -0.2697946977060001, 0.8124560390584067, 0.7476217532772511
-22.277194221481928, -0.22477786994917276, 0.8124560390584067, 0.7476217532772511
-22.327537494530628, -0.1798855182051262, 0.8124560390584067, 0.7476217532772511
-22.377978387090103, -0.1351164892607795, 0.8124560390584067, 0.7476217532772511
-22.42851563007184, -0.09046962990306455, 0.8124560390584067, 0.7476217532772511
-22.479147954387376, -0.04594378691887569, 0.8124560390584067, 0.7476217532772511
-22.529874090948205, -0.001537807095144672, 0.8124560390584067, 0.7476217532772511
-22.580692770665834, 0.04274946278120908, 0.8124560390584067, 0.7476217532772511
-22.63160272445176, 0.08691917592326635, 0.8124560390584067, 0.7476217532772511
-22.68260268321749, 0.13097248554409557, 0.8124560390584067, 0.7476217532772511
-22.733691377874546, 0.17491054485680183, 0.8124560390584067, 0.7476217532772511
-22.784867539334417, 0.21873450707445374, 0.8124560390584067, 0.7476217532772511
-22.836129898508617, 0.2624455254101319, 0.8124560390584067, 0.7476217532772511
-22.887477186308654, 0.3060447530769169, 0.8124560390584067, 0.7476217532772511
-22.938908133646006, 0.34953334328787744, 0.8124560390584067, 0.7476217532772511
-22.990421471432228, 0.3929124492561186, 0.8124560390584067, 0.7476217532772511
-23.042015930578795, 0.4361832241947086, 0.8124560390584067, 0.7476217532772511
-23.09369024199722, 0.47934682131672834, 0.8124560390584067, 0.7476217532772511
-23.145443136599003, 0.5224043938352584, 0.8124560390584067, 0.7476217532772511
-23.197273345295642, 0.5653570949633676, 0.8124560390584067, 0.7476217532772511
-23.249179598998662, 0.6082060779141605, 0.8124560390584067, 0.7476217532772511
-23.301160628619566, 0.6509524959007059, 0.8124560390584067, 0.7476217532772511
-23.35321516506986, 0.6935975021360846, 0.8124560390584067, 0.7476217532772511
-23.40534193926104, 0.7361422498333767, 0.8124560390584067, 0.7476217532772511
-23.457539682104603, 0.7785878922056518, 0.8124560390584067, 0.7476217532772511
-23.50980712451208, 0.8209355824660141, 0.8124560390584067, 0.7476217532772511
-23.562142997394965, 0.863186473827532, 0.8124560390584067, 0.7476217532772511
-23.614546031664773, 0.9053417195032865, 0.8124560390584067, 0.7476217532772511
-23.667014958233, 0.9474024727063586, 0.8124560390584067, 0.7476217532772511
-23.71954850801113, 0.9893698866498166, 0.8124560390584067, 0.7476217532772511
-23.772145411910707, 1.0312451145467652, 0.8124560390584067, 0.7476217532772511
-23.824804400843224, 1.073029309610273, 0.8124560390584067, 0.7476217532772511
-23.877524205720185, 1.1147236250534207, 0.8124560390584067, 0.7476217532772511
-23.93030355745308, 1.1563292140892778, 0.8124560390584067, 0.7476217532772511
-23.983141186953446, 1.1978472299309477, 0.8124560390584067, 0.7476217532772511
-24.036035825132778, 1.2392788257915002, 0.8124560390584067, 0.7476217532772511
-24.088986202902564, 1.2806251548840146, 0.8124560390584067, 0.7476217532772511
-24.141991051174337, 1.3218873704215732, 0.8124560390584067, 0.7476217532772511
-24.195049100859563, 1.3630666256172441, 0.8124560390584067, 0.7476217532772511
-24.24815908286979, 1.4041640736841314, 0.8124560390584067, 0.7476217532772511
-24.301319728116518, 1.4451808678353046, 0.8124560390584067, 0.7476217532772511
-24.3545297549521, 1.4861181798860859, 0.8124560390584067, 0.7476217532772511
-24.40778231587518, 1.5269854256428177, 0.8124560390584067, 0.7476217532772511
-24.46105627299017, 1.5678131874547048, 0.8124560390584067, 0.7476217532772511
-24.514328226807653, 1.6086353974822014, 0.8124560390584067, 0.7476217532772511
-24.56757477783818, 1.64948598788573, 0.8124560390584067, 0.7476217532772511
-24.62077252659233, 1.6903988908257233, 0.8124560390584067, 0.7476217532772511
-24.673898073580656, 1.7314080384626132, 0.8124560390584067, 0.7476217532772511
-24.726928019313736, 1.7725473629568216, 0.8124560390584067, 0.7476217532772511
-24.779838964302154, 1.8138507964688046, 0.8124560390584067, 0.7476217532772511
-24.83260750905646, 1.8553522711589827, 0.8124560390584067, 0.7476217532772511
-24.885210254087227, 1.8970857191877892, 0.8124560390584067, 0.7476217532772511
-24.93762379990503, 1.9390850727156568, 0.8124560390584067, 0.7476217532772511
-24.989824747020425, 1.9813842639030073, 0.8124560390584067, 0.7476217532772511
-25.041789695943994, 2.0240172249102955, 0.8124560390584067, 0.7476217532772511
-25.093495247186304, 2.067017887897943, 0.8124560390584067, 0.7476217532772511
-25.144918001257928, 2.1104201850263835, 0.8124560390584067, 0.7476217532772511
-25.196034558669428, 2.1542580484560494, 0.8124560390584067, 0.7476217532772511
-25.246821519931355, 2.1985654103473604, 0.8124560390584067, 0.7476217532772511
-25.297255485554324, 2.243376202860775, 0.8124560390584067, 0.7476217532772511
-25.34731305604886, 2.2887243581567125, 0.8124560390584067, 0.7476217532772511
-25.396971841691272, 2.3346400630968445, 0.8124560390584067, 0.7476217532772511
-25.446217418710138, 2.38112395821211, 0.8124560390584067, 0.7476217532772511
-25.49503914054874, 2.4281626740535738, 0.8124560390584067, 0.7476217532772511
-25.543426383377536, 2.475742756875213, 0.8124560390584067, 0.7476217532772511
-25.59136852336701, 2.523850752931021, 0.8124560390584067, 0.7476217532772511
-25.638854936687615, 2.572473208474987, 0.8124560390584067, 0.7476217532772511
-25.68587499950982, 2.621596669761089, 0.8124560390584067, 0.7476217532772511
-25.732418088004117, 2.671207683043345, 0.8124560390584067, 0.7476217532772511
-25.77847357834099, 2.7212927945757337, 0.8124560390584067, 0.7476217532772511
-25.824030846690878, 2.771838550612245, 0.8124560390584067, 0.7476217532772511
-25.869079269224276, 2.822831497406871, 0.8124560390584067, 0.7476217532772511
-25.913608222111634, 2.874258181213589, 0.8124560390584067, 0.7476217532772511
-25.957607081523463, 2.9261051482864313, 0.8124560390584067, 0.7476217532772511
-26.001065223630192, 2.978358944879332, 0.8124560390584067, 0.7476217532772511
-26.043972024602315, 3.0310061172463127, 0.8124560390584067, 0.7476217532772511
-26.086316860610335, 3.084033211641393, 0.8124560390584067, 0.7476217532772511
-26.128089107824668, 3.137426774318505, 0.8124560390584067, 0.7476217532772511
-26.169278308065074, 3.1911734531644216, 0.8124560390584067, 0.7476217532772511
-26.209880133390538, 3.245263657223379, 0.8124560390584067, 0.7476217532772511
-26.249898044763643, 3.2996925743570076, 0.8124560390584067, 0.7476217532772511
-26.289336006503763, 3.354455701257312, 0.8124560390584067, 0.7476217532772511
-26.328197982930167, 3.409548534616204, 0.8124560390584067, 0.7476217532772511
-26.366487938362233, 3.4649665711257227, 0.8124560390584067, 0.7476217532772511
-26.40420983711928, 3.520705307477779, 0.8124560390584067, 0.7476217532772511
-26.44136764352063, 3.5767602403643797, 0.8124560390584067, 0.7476217532772511
-26.47796532188565, 3.633126866477529, 0.8124560390584067, 0.7476217532772511
-26.51400683653364, 3.6898006825091416, 0.8124560390584067, 0.7476217532772511
-26.549496151783966, 3.746777185151253, 0.8124560390584067, 0.7476217532772511
-26.584437231955928, 3.8040518710957767, 0.8124560390584067, 0.7476217532772511
-26.618834041368874, 3.861620237034717, 0.8124560390584067, 0.7476217532772511
-26.65269054434216, 3.9194777796600815, 0.8124560390584067, 0.7476217532772511
-26.68601070519509, 3.9776199956637823, 0.8124560390584067, 0.7476217532772511
-26.71879848824702, 4.036042381737855, 0.8124560390584067, 0.7476217532772511
-26.751057857817255, 4.094740434574213, 0.8124560390584067, 0.7476217532772511
-26.78279277822515, 4.153709650864861, 0.8124560390584067, 0.7476217532772511
-26.814007213790052, 4.212945527301809, 0.8124560390584067, 0.7476217532772511
-26.84470512883127, 4.2724435605769635, 0.8124560390584067, 0.7476217532772511
-26.874890487668157, 4.332199247382366, 0.8124560390584067, 0.7476217532772511
-26.904567254620027, 4.392208084409928, 0.8124560390584067, 0.7476217532772511
-26.93373939400622, 4.452465568351653, 0.8124560390584067, 0.7476217532772511
-26.96241087014609, 4.51296719589955, 0.8124560390584067, 0.7476217532772511
-26.990585647358948, 4.573708463745528, 0.8124560390584067, 0.7476217532772511
-27.018267689964144, 4.63468486858163, 0.8124560390584067, 0.7476217532772511
-27.04546096228099, 4.695891907099761, 0.8124560390584067, 0.7476217532772511
-27.072169428628833, 4.75732507599193, 0.8124560390584067, 0.7476217532772511
-27.098397053327027, 4.8189798719501455, 0.8124560390584067, 0.7476217532772511
-27.124147800694878, 4.880851791666316, 0.8124560390584067, 0.7476217532772511
-27.149425635051717, 4.942936331832449, 0.8124560390584067, 0.7476217532772511
-27.174234520716908, 5.005228989140553, 0.8124560390584067, 0.7476217532772511
-27.198578422009753, 5.067725260282534, 0.8124560390584067, 0.7476217532772511
-27.222461303249624, 5.130420641950437, 0.8124560390584067, 0.7476217532772511
-27.24588712875581, 5.193310630836167, 0.8124560390584067, 0.7476217532772511
-27.26885986284767, 5.256390723631733, 0.8124560390584067, 0.7476217532772511
-27.291383469844543, 5.319656417029143, 0.8124560390584067, 0.7476217532772511
-27.31346191406575, 5.383103207720305, 0.8124560390584067, 0.7476217532772511
-27.33509915983064, 5.446726592397263, 0.8124560390584067, 0.7476217532772511
-27.35629917145852, 5.5105220677519196, 0.8124560390584067, 0.7476217532772511
-27.37706591326874, 5.574485130476286, 0.8124560390584067, 0.7476217532772511
-27.397403349580653, 5.638611277262373, 0.8124560390584067, 0.7476217532772511
-27.417315444713562, 5.702896004802084, 0.8124560390584067, 0.7476217532772511
-27.436806162986827, 5.767334809787462, 0.8124560390584067, 0.7476217532772511
-27.455879468719758, 5.831923188910417, 0.8124560390584067, 0.7476217532772511
-27.474539326231696, 5.89665663886295, 0.8124560390584067, 0.7476217532772511
-27.492789699841993, 5.961530656337082, 0.8124560390584067, 0.7476217532772511
-27.51063455386996, 6.026540738024709, 0.8124560390584067, 0.7476217532772511
-27.528077852634958, 6.091682380617879, 0.8124560390584067, 0.7476217532772511
-27.545123560456283, 6.156951080808495, 0.8124560390584067, 0.7476217532772511
-27.5617756416533, 6.222342335288569, 0.8124560390584067, 0.7476217532772511
-27.57803806054533, 6.287851640750111, 0.8124560390584067, 0.7476217532772511
-27.5939147814517, 6.353474493885019, 0.8124560390584067, 0.7476217532772511
-27.60940976869178, 6.41920639138535, 0.8124560390584067, 0.7476217532772511
-27.624526986584858, 6.485042829942997, 0.8124560390584067, 0.7476217532772511
-27.639270399450293, 6.550979306249977, 0.8124560390584067, 0.7476217532772511
-27.65364397160742, 6.617011316998297, 0.8124560390584067, 0.7476217532772511
-27.667651667375555, 6.68313435887986, 0.8124560390584067, 0.7476217532772511
-27.681297451074055, 6.749343928586716, 0.8124560390584067, 0.7476217532772511
-27.694585287022235, 6.815635522810762, 0.8124560390584067, 0.7476217532772511
-27.707519139539443, 6.882004638244014, 0.8124560390584067, 0.7476217532772511
-27.72010297294502, 6.948446771578484, 0.8124560390584067, 0.7476217532772511
-27.732340751558265, 7.014957419506068, 0.8124560390584067, 0.7476217532772511
-27.744236439698554, 7.081532078718817, 0.8124560390584067, 0.7476217532772511
-27.75579400168519, 7.148166245908632, 0.8124560390584067, 0.7476217532772511
-27.767017401837517, 7.2148554177675255, 0.8124560390584067, 0.7476217532772511
-27.777910604474876, 7.281595090987508, 0.8124560390584067, 0.7476217532772511
-27.788477573916598, 7.348380762260483, 0.8124560390584067, 0.7476217532772511
-27.798722274482024, 7.415207928278494, 0.8124560390584067, 0.7476217532772511
-27.808648670490463, 7.482072085733445, 0.8124560390584067, 0.7476217532772511
-27.818260726261265, 7.548968731317348, 0.8124560390584067, 0.7476217532772511
-27.827562406113774, 7.615893361722214, 0.8124560390584067, 0.7476217532772511
-27.836557674367313, 7.682841473639945, 0.8124560390584067, 0.7476217532772511
-27.845250495306658, 7.74980856384515, 0.8124560390584067, 0.7476217532772511
-27.853644499902646, 7.816790925406042, 0.8124560390584067, 0.7476217532772511
-27.861742168687524, 7.883787599811989, 0.8124560390584067, 0.7476217532772511
-27.86954573416771, 7.950798221091177, 0.8124560390584067, 0.7476217532772511
-27.877057428849568, 8.017822423271681, 0.8124560390584067, 0.7476217532772511
-27.884279485239507, 8.084859840381728, 0.8124560390584067, 0.7476217532772511
-27.891214135843903, 8.151910106449389, 0.8124560390584067, 0.7476217532772511
-27.89786361316916, 8.218972855502859, 0.8124560390584067, 0.7476217532772511
-27.90423014972166, 8.286047721570313, 0.8124560390584067, 0.7476217532772511
-27.9103159780078, 8.353134338679844, 0.8124560390584067, 0.7476217532772511
-27.916123330533964, 8.420232340859622, 0.8124560390584067, 0.7476217532772511
-27.921654439806552, 8.487341362137846, 0.8124560390584067, 0.7476217532772511
-27.926911538331954, 8.554461036542587, 0.8124560390584067, 0.7476217532772511
-27.931896858616547, 8.621590998102073, 0.8124560390584067, 0.7476217532772511
-27.936612633166735, 8.688730880844373, 0.8124560390584067, 0.7476217532772511
-27.941061094488912, 8.75588031879768, 0.8124560390584067, 0.7476217532772511
-27.945244475089464, 8.823038945990184, 0.8124560390584067, 0.7476217532772511
-27.949165007474775, 8.890206396449953, 0.8124560390584067, 0.7476217532772511
-27.95282492415124, 8.957382304205215, 0.8124560390584067, 0.7476217532772511
-27.95622645762526, 9.024566303284052, 0.8124560390584067, 0.7476217532772511
-27.9593718404032, 9.091758027714636, 0.8124560390584067, 0.7476217532772511
-27.962263304991477, 9.158957111525169, 0.8124560390584067, 0.7476217532772511
-27.96490308389648, 9.226163188743723, 0.8124560390584067, 0.7476217532772511
-27.967293409624588, 9.293375893398517, 0.8124560390584067, 0.7476217532772511
-27.969436514682197, 9.360594859517636, 0.8124560390584067, 0.7476217532772511
-27.971334631575694, 9.427819721129259, 0.8124560390584067, 0.7476217532772511
-27.97298999281148, 9.495050112261577, 0.8124560390584067, 0.7476217532772511
-27.974404830895935, 9.562285666942664, 0.8124560390584067, 0.7476217532772511
-27.975581378335452, 9.629526019200746, 0.8124560390584067, 0.7476217532772511
-27.976521867636436, 9.696770803063902, 0.8124560390584067, 0.7476217532772511
-27.977228531305254, 9.764019652560313, 0.8124560390584067, 0.7476217532772511
-27.97770360184831, 9.831272201718171, 0.8124560390584067, 0.7476217532772511
-27.977949311772004, 9.898528084565552, 0.8124560390584067, 0.7476217532772511
-27.977967893582708, 9.965786935130673, 0.8124560390584067, 0.7476217532772511
-27.97776157978682, 10.03304838744162, 0.8124560390584067, 0.7476217532772511
-27.97733260289074, 10.100312075526572, 0.8124560390584067, 0.7476217532772511
-27.976683195400845, 10.167577633413725, 0.8124560390584067, 0.7476217532772511
-27.975815589823537, 10.234844695131146, 0.8124560390584067, 0.7476217532772511
-27.974732018665204, 10.302112894707067, 0.8124560390584067, 0.7476217532772511
-27.97343471443223, 10.369381866169556, 0.8124560390584067, 0.7476217532772511
-27.971925909631015, 10.436651243546809, 0.8124560390584067, 0.7476217532772511
-27.97020783676794, 10.503920660867008, 0.8124560390584067, 0.7476217532772511
-27.968282728349408, 10.571189752158228, 0.8124560390584067, 0.7476217532772511
-27.966152816881795, 10.638458151448695, 0.8124560390584067, 0.7476217532772511
-27.96382033487151, 10.705725492766486, 0.8124560390584067, 0.7476217532772511
-27.96128751482493, 10.772991410139785, 0.8124560390584067, 0.7476217532772511
-27.95855658924846, 10.84025553759679, 0.8124560390584067, 0.7476217532772511
-27.955629790648477, 10.90751750916556, 0.8124560390584067, 0.7476217532772511
-27.952509351531365, 10.97477695887433, 0.8124560390584067, 0.7476217532772511
-27.949197504403536, 11.042033520751176, 0.8124560390584067, 0.7476217532772511
-27.94569648177137, 11.109286828824281, 0.8124560390584067, 0.7476217532772511
-27.942008516141257, 11.176536517121836, 0.8124560390584067, 0.7476217532772511
-27.93813584001959, 11.243782219671914, 0.8124560390584067, 0.7476217532772511
-27.93408068591276, 11.31102357050274, 0.8124560390584067, 0.7476217532772511
-27.929845286327165, 11.378260203642395, 0.8124560390584067, 0.7476217532772511
-27.92543187376918, 11.445491753119057, 0.8124560390584067, 0.7476217532772511
-27.920842680745206, 11.51271785296092, 0.8124560390584067, 0.7476217532772511
-27.916079939761637, 11.579938137196063, 0.8124560390584067, 0.7476217532772511
-27.91114588332485, 11.647152239852698, 0.8124560390584067, 0.7476217532772511
-27.90604274394125, 11.714359794958911, 0.8124560390584067, 0.7476217532772511
-27.900772754117227, 11.78156043654289, 0.8124560390584067, 0.7476217532772511
-27.89533814635916, 11.848753798632815, 0.8124560390584067, 0.7476217532772511
-27.88974115317345, 11.915939515256767, 0.8124560390584067, 0.7476217532772511
-27.88398400706649, 11.983117220442972, 0.8124560390584067, 0.7476217532772511
-27.878068940544672, 12.050286548219503, 0.8124560390584067, 0.7476217532772511
-27.87199818611436, 12.117447132614542, 0.8124560390584067, 0.7476217532772511
-27.865773976281982, 12.184598607656287, 0.8124560390584067, 0.7476217532772511
-27.85939854355391, 12.251740607372806, 0.8124560390584067, 0.7476217532772511
-27.852874120436542, 12.31887276579229, 0.8124560390584067, 0.7476217532772511
-27.846202939436264, 12.385994716942928, 0.8124560390584067, 0.7476217532772511
-27.83938723305947, 12.453106094852789, 0.8124560390584067, 0.7476217532772511
-27.83242923381254, 12.520206533550105, 0.8124560390584067, 0.7476217532772511
-27.82533117420188, 12.587295667062946, 0.8124560390584067, 0.7476217532772511
-27.818095286733868, 12.6543731294195, 0.8124560390584067, 0.7476217532772511
-27.81072380391491, 12.721438554647964, 0.8124560390584067, 0.7476217532772511
-27.803218958251385, 12.788491576776398, 0.8124560390584067, 0.7476217532772511
-27.79558298224968, 12.855531829833037, 0.8124560390584067, 0.7476217532772511
-27.787818108416207, 12.922558947845957, 0.8124560390584067, 0.7476217532772511
-27.77992656925734, 12.989572564843344, 0.8124560390584067, 0.7476217532772511
-27.77191059727947, 13.056572314853378, 0.8124560390584067, 0.7476217532772511
-27.763772424988986, 13.123557831904144, 0.8124560390584067, 0.7476217532772511
-27.75551452124121, 13.19052877627243, 0.8124560390584067, 0.7476217532772511
-27.747144956169954, 13.257485430304806, 0.8124560390584067, 0.7476217532772511
-27.73867749456276, 13.324428708787973, 0.8124560390584067, 0.7476217532772511
-27.730126156232718, 13.391359554831409, 0.8124560390584067, 0.7476217532772511
-27.721504960992945, 13.458278911544483, 0.8124560390584067, 0.7476217532772511
-27.712827928656537, 13.52518772203671, 0.8124560390584067, 0.7476217532772511
-27.70410907903662, 13.592086929417453, 0.8124560390584067, 0.7476217532772511
-27.69536243194629, 13.658977476796197, 0.8124560390584067, 0.7476217532772511
-27.68660200719863, 13.725860307282414, 0.8124560390584067, 0.7476217532772511
-27.67784182460678, 13.792736363985474, 0.8124560390584067, 0.7476217532772511
-27.66909590398382, 13.859606590014891, 0.8124560390584067, 0.7476217532772511
-27.660378265142874, 13.926471928480034, 0.8124560390584067, 0.7476217532772511
-27.65170292789704, 13.993333322490379, 0.8124560390584067, 0.7476217532772511
-27.643083912059424, 14.060191715155405, 0.8124560390584067, 0.7476217532772511
-27.634535237443128, 14.127048049584474, 0.8124560390584067, 0.7476217532772511
-27.626070923861267, 14.193903268887114, 0.8124560390584067, 0.7476217532772511
-27.617704991126942, 14.260758316172678, 0.8124560390584067, 0.7476217532772511
-27.609451459053258, 14.327614134550652, 0.8124560390584067, 0.7476217532772511
-27.601324347453314, 14.394471667130514, 0.8124560390584067, 0.7476217532772511
-27.593337676140226, 14.461331857021626, 0.8124560390584067, 0.7476217532772511
-27.5855054649271, 14.528195647333508, 0.8124560390584067, 0.7476217532772511
-27.57784173362704, 14.595063981175528, 0.8124560390584067, 0.7476217532772511
-27.57036050205315, 14.661937801657157, 0.8124560390584067, 0.7476217532772511
-27.56307579001853, 14.728818051887878, 0.8124560390584067, 0.7476217532772511
-27.556001617336296, 14.795705674977059, 0.8124560390584067, 0.7476217532772511
-27.54915200381954, 14.862601614034212, 0.8124560390584067, 0.7476217532772511
-27.54254096928139, 14.929506812168707, 0.8124560390584067, 0.7476217532772511
-27.53618253353493, 14.996422212490021, 0.8124560390584067, 0.7476217532772511
-27.53009071639328, 15.063348758107631, 0.8124560390584067, 0.7476217532772511
-27.524279537669546, 15.13028739213091, 0.8124560390584067, 0.7476217532772511
-27.518763017176816, 15.197239057669364, 0.8124560390584067, 0.7476217532772511
-27.51355517472821, 15.264204697832362, 0.8124560390584067, 0.7476217532772511
-27.508670030136837, 15.331185255729388, 0.8124560390584067, 0.7476217532772511
-27.5041216032158, 15.398181674469914, 0.8124560390584067, 0.7476217532772511
-27.499923913778193, 15.465194897163308, 0.8124560390584067, 0.7476217532772511
-27.49609098163714, 15.532225866919088, 0.8124560390584067, 0.7476217532772511
-27.492640808731572, 15.599274654622068, 0.8124560390584067, 0.7476217532772511
-27.48963676615348, 15.666331393729164, 0.8124560390584067, 0.7476217532772511
-27.487171062990598, 15.733379901169679, 0.8124560390584067, 0.7476217532772511
-27.48533636990431, 15.800403892772062, 0.8124560390584067, 0.7476217532772511
-27.484225357556014, 15.867387084364921, 0.8124560390584067, 0.7476217532772511
-27.48393069660709, 15.934313191776706, 0.8124560390584067, 0.7476217532772511
-27.48454505771894, 16.00116593083599, 0.8124560390584067, 0.7476217532772511
-27.48616111155295, 16.067929017371345, 0.8124560390584067, 0.7476217532772511
-27.488871528770495, 16.13458616721121, 0.8124560390584067, 0.7476217532772511
-27.492768980032967, 16.20112109618416, 0.8124560390584067, 0.7476217532772511
-27.497946136001765, 16.267517520118762, 0.8124560390584067, 0.7476217532772511
-27.50449566733828, 16.333759154843474, 0.8124560390584067, 0.7476217532772511
-27.512510244703883, 16.39982971618689, 0.8124560390584067, 0.7476217532772511
-27.52208253875999, 16.465712919977477, 0.8124560390584067, 0.7476217532772511
-27.533304778971672, 16.531392530907787, 0.8124560390584067, 0.7476217532772511
-27.5462175499538, 16.596858033512934, 0.8124560390584067, 0.7476217532772511
-27.56076205679007, 16.662109918948516, 0.8124560390584067, 0.7476217532772511
-27.576868214185204, 16.72714992881812, 0.8124560390584067, 0.7476217532772511
-27.59446593684385, 16.791979804725155, 0.8124560390584067, 0.7476217532772511
-27.61348513947071, 16.85660128827317, 0.8124560390584067, 0.7476217532772511
-27.63385573677049, 16.921016121065694, 0.8124560390584067, 0.7476217532772511
-27.655507643447827, 16.98522604470615, 0.8124560390584067, 0.7476217532772511
-27.678370774207465, 17.049232800798116, 0.8124560390584067, 0.7476217532772511
-27.702375043754035, 17.11303813094501, 0.8124560390584067, 0.7476217532772511
-27.72745036679226, 17.176643776750378, 0.8124560390584067, 0.7476217532772511
-27.75352665802682, 17.240051479817748, 0.8124560390584067, 0.7476217532772511
-27.78054260343577, 17.303254663577484, 0.8124560390584067, 0.7476217532772511
-27.808504581718566, 17.366182555562048, 0.8124560390584067, 0.7476217532772511
-27.837450471216705, 17.428734510848198, 0.8124560390584067, 0.7476217532772511
-27.86741832546716, 17.490809718367487, 0.8124560390584067, 0.7476217532772511
-27.898446198006894, 17.552307367051462, 0.8124560390584067, 0.7476217532772511
-27.930572142372846, 17.613126645831564, 0.8124560390584067, 0.7476217532772511
-27.963834212101986, 17.67316674363939, 0.8124560390584067, 0.7476217532772511
-27.99827046073125, 17.732326849406373, 0.8124560390584067, 0.7476217532772511
-28.033918941797598, 17.79050615206407, 0.8124560390584067, 0.7476217532772511
-28.07081770883802, 17.847603840544025, 0.8124560390584067, 0.7476217532772511
-28.109004815389422, 17.903519103777693, 0.8124560390584067, 0.7476217532772511
-28.148518314988806, 17.958151130696653, 0.8124560390584067, 0.7476217532772511
-28.189396261173087, 18.011399110232354, 0.8124560390584067, 0.7476217532772511
-28.231676707479238, 18.063162231316344, 0.8124560390584067, 0.7476217532772511
-28.275397707444235, 18.11333968288017, 0.8124560390584067, 0.7476217532772511
-28.320597314604996, 18.161830653855283, 0.8124560390584067, 0.7476217532772511
-28.36731358249852, 18.208534333173258, 0.8124560390584067, 0.7476217532772511
-28.41558456466171, 18.25334990976556, 0.8124560390584067, 0.7476217532772511
-28.46544831463155, 18.296176572563727, 0.8124560390584067, 0.7476217532772511
-28.516942885945028, 18.3369135104993, 0.8124560390584067, 0.7476217532772511
-28.570095163380383, 18.37547328547643, 0.8124560390584067, 0.7476217532772511
-28.624847958809095, 18.411869124542367, 0.8124560390584067, 0.7476217532772511
-28.681105795726594, 18.4461600995352, 0.8124560390584067, 0.7476217532772511
-28.738773003634474, 18.478405514572735, 0.8124560390584067, 0.7476217532772511
-28.79775391203432, 18.508664673772792, 0.8124560390584067, 0.7476217532772511
-28.857952850427637, 18.536996881253135, 0.8124560390584067, 0.7476217532772511
-28.91927414831603, 18.56346144113158, 0.8124560390584067, 0.7476217532772511
-28.98162213520102, 18.588117657525903, 0.8124560390584067, 0.7476217532772511
-29.04490114058419, 18.611024834553916, 0.8124560390584067, 0.7476217532772511
-29.10901549396712, 18.632242276333415, 0.8124560390584067, 0.7476217532772511
-29.173869524851323, 18.651829286982174, 0.8124560390584067, 0.7476217532772511
-29.239367562738412, 18.669845170618018, 0.8124560390584067, 0.7476217532772511
-29.30541393712989, 18.68634923135871, 0.8124560390584067, 0.7476217532772511
-29.371912977527337, 18.70140077332207, 0.8124560390584067, 0.7476217532772511
-29.438769013432363, 18.71505910062588, 0.8124560390584067, 0.7476217532772511
-29.505886374346446, 18.727383517387945, 0.8124560390584067, 0.7476217532772511
-29.573169389771223, 18.738433327726053, 0.8124560390584067, 0.7476217532772511
-29.640522389208183, 18.748267835758, 0.8124560390584067, 0.7476217532772511
-29.707856908817693, 18.756947110729325, 0.8124560390584067, 0.7476217532772511
-29.775146522591392, 18.764537808414396, 0.8124560390584067, 0.7476217532772511
-29.842396458606107, 18.77110994528766, 0.8124560390584067, 0.7476217532772511
-29.909612198045867, 18.776733564695853, 0.8124560390584067, 0.7476217532772511
-29.976799222094698, 18.7814787099857, 0.8124560390584067, 0.7476217532772511
-30.043963011936505, 18.785415424503917, 0.8124560390584067, 0.7476217532772511
-30.111109048755335, 18.788613751597232, 0.8124560390584067, 0.7476217532772511
-30.17824281373511, 18.791143734612373, 0.8124560390584067, 0.7476217532772511
-30.245369788059858, 18.793075416896063, 0.8124560390584067, 0.7476217532772511
-30.312495452913584, 18.79447884179502, 0.8124560390584067, 0.7476217532772511
-30.379625289480206, 18.79542405265598, 0.8124560390584067, 0.7476217532772511
-30.446764778943773, 18.795981092825656, 0.8124560390584067, 0.7476217532772511
-30.51391940248821, 18.79622000565077, 0.8124560390584067, 0.7476217532772511
-30.58109464129753, 18.796210834478067, 0.8124560390584067, 0.7476217532772511
-30.64829597655575, 18.796023622654257, 0.8124560390584067, 0.7476217532772511
-30.71552888944678, 18.795728413526053, 0.8124560390584067, 0.7476217532772511
-30.782798861154685, 18.795395250440194, 0.8124560390584067, 0.7476217532772511
-30.850111372863374, 18.79509417674341, 0.8124560390584067, 0.7476217532772511
-30.917471905756862, 18.794895235782413, 0.8124560390584067, 0.7476217532772511
-30.984885941019172, 18.794868470903936, 0.8124560390584067, 0.7476217532772511
-31.05235892683478, 18.795083859582455, 0.8124560390584067, 0.7476217532772511
-31.119890680113507, 18.795600138353386, 0.8124560390584067, 0.7476217532772511
-31.18746906559232, 18.796452185274138, 0.8124560390584067, 0.7476217532772511
-31.255080421579613, 18.797671831402614, 0.8124560390584067, 0.7476217532772511
-31.322711086383784, 18.79929090779667, 0.8124560390584067, 0.7476217532772511
-31.3903473983131, 18.801341245514195, 0.8124560390584067, 0.7476217532772511
-31.457975695676016, 18.803854675613067, 0.8124560390584067, 0.7476217532772511
-31.525582316780795, 18.806863029151156, 0.8124560390584067, 0.7476217532772511
-31.593153599935842, 18.810398137186343, 0.8124560390584067, 0.7476217532772511
-31.660675883449557, 18.81449183077651, 0.8124560390584067, 0.7476217532772511
-31.72813550563021, 18.819175940979534, 0.8124560390584067, 0.7476217532772511
-31.79551880478624, 18.82448229885329, 0.8124560390584067, 0.7476217532772511
-31.86281211922593, 18.830442735455655, 0.8124560390584067, 0.7476217532772511
-31.930001787257677, 18.83708908184451, 0.8124560390584067, 0.7476217532772511
-31.997074147189874, 18.844453169077735, 0.8124560390584067, 0.7476217532772511
-32.064015537330796, 18.852566828213195, 0.8124560390584067, 0.7476217532772511
-32.13081229598889, 18.861461890308785, 0.8124560390584067, 0.7476217532772511
-32.19745076147244, 18.871170186422376, 0.8124560390584067, 0.7476217532772511
-32.26391727208983, 18.881723547611838, 0.8124560390584067, 0.7476217532772511
-32.330198166149444, 18.89315380493506, 0.8124560390584067, 0.7476217532772511
-32.39627978195959, 18.905492789449916, 0.8124560390584067, 0.7476217532772511
-32.46214845782869, 18.91877233221429, 0.8124560390584067, 0.7476217532772511
-32.52779053206502, 18.93302426428604, 0.8124560390584067, 0.7476217532772511
-32.593192342889814, 18.94828041420474, 0.8124560390584067, 0.7476217532772511
-32.65833996134688, 18.964564891939624, 0.8124560390584067, 0.7476217532772511
-32.72321860124968, 18.981877042671556, 0.8124560390584067, 0.7476217532772511
-32.78781330483695, 19.000211254902755, 0.8124560390584067, 0.7476217532772511
-32.852109114347336, 19.01956191713546, 0.8124560390584067, 0.7476217532772511
-32.916091072019505, 19.039923417871883, 0.8124560390584067, 0.7476217532772511
-32.97974422009219, 19.061290145614265, 0.8124560390584067, 0.7476217532772511
-33.04305360080401, 19.083656488864808, 0.8124560390584067, 0.7476217532772511
-33.106004256393696, 19.10701683612577, 0.8124560390584067, 0.7476217532772511
-33.16858122909985, 19.131365575899345, 0.8124560390584067, 0.7476217532772511
-33.23076956116122, 19.156697096687783, 0.8124560390584067, 0.7476217532772511
-33.29255429481648, 19.183005786993313, 0.8124560390584067, 0.7476217532772511
-33.35392047230427, 19.210286035318145, 0.8124560390584067, 0.7476217532772511
-33.41485313586328, 19.238532230164505, 0.8124560390584067, 0.7476217532772511
-33.475337327732234, 19.26773876003465, 0.8124560390584067, 0.7476217532772511
-33.53535809014975, 19.297900013430763, 0.8124560390584067, 0.7476217532772511
-33.59490046535455, 19.329010378855113, 0.8124560390584067, 0.7476217532772511
-33.65394949558526, 19.361064244809885, 0.8124560390584067, 0.7476217532772511
-33.71249022308059, 19.394055999797327, 0.8124560390584067, 0.7476217532772511
-33.77050769007926, 19.427980032319685, 0.8124560390584067, 0.7476217532772511
-33.82798693881987, 19.46283073087914, 0.8124560390584067, 0.7476217532772511
-33.88491301154116, 19.49860248397797, 0.8124560390584067, 0.7476217532772511
-33.94127095048177, 19.535289680118353, 0.8124560390584067, 0.7476217532772511
-33.99704579788038, 19.57288670780254, 0.8124560390584067, 0.7476217532772511
-34.052222595976275, 19.6113879555322, 0.8124560390584067, 0.7476217532772511
-34.10678907541692, 19.650785064109357, 0.8124560390584067, 0.7476217532772511
-34.16074353011419, 19.6910588781051, 0.8124560390584067, 0.7476217532772511
-34.21408684804319, 19.73218759081649, 0.8124560390584067, 0.7476217532772511
-34.266819917179134, 19.77414939554068, 0.8124560390584067, 0.7476217532772511
-34.318943625497205, 19.81692248557479, 0.8124560390584067, 0.7476217532772511
-34.37045886097254, 19.86048505421589, 0.8124560390584067, 0.7476217532772511
-34.42136651158034, 19.904815294761132, 0.8124560390584067, 0.7476217532772511
-34.47166746529574, 19.949891400507585, 0.8124560390584067, 0.7476217532772511
-34.52136261009393, 19.995691564752367, 0.8124560390584067, 0.7476217532772511
-34.57045283395013, 20.04219398079264, 0.8124560390584067, 0.7476217532772511
-34.61893902483943, 20.089376841925443, 0.8124560390584067, 0.7476217532772511
-34.66682207073706, 20.137218341447944, 0.8124560390584067, 0.7476217532772511
-34.714102859618166, 20.18569667265721, 0.8124560390584067, 0.7476217532772511
-34.76078227945792, 20.234790028850362, 0.8124560390584067, 0.7476217532772511
-34.806861218231525, 20.284476603324546, 0.8124560390584067, 0.7476217532772511
-34.85234056391412, 20.33473458937683, 0.8124560390584067, 0.7476217532772511
-34.89722120448091, 20.385542180304352, 0.8124560390584067, 0.7476217532772511
-34.94150402790701, 20.43687756940419, 0.8124560390584067, 0.7476217532772511
-34.98518992216763, 20.488718949973475, 0.8124560390584067, 0.7476217532772511
-35.02827977523796, 20.541044515309345, 0.8124560390584067, 0.7476217532772511
-35.07077447509314, 20.593832458708853, 0.8124560390584067, 0.7476217532772511
-35.11267490970836, 20.647060973469166, 0.8124560390584067, 0.7476217532772511
-35.153981967058776, 20.70070825288734, 0.8124560390584067, 0.7476217532772511
-35.19469653511956, 20.754752490260515, 0.8124560390584067, 0.7476217532772511
-35.23481950186593, 20.809171878885827, 0.8124560390584067, 0.7476217532772511
-35.274351796064636, 20.86394477210681, 0.8124560390584067, 0.7476217532772511
-35.313296078571746, 20.919056319137677, 0.8124560390584067, 0.7476217532772511
-35.35165734879395, 20.97450084452152, 0.8124560390584067, 0.7476217532772511
-35.38944077165897, 21.03027332222486, 0.8124560390584067, 0.7476217532772511
-35.42665151209455, 21.086368726214225, 0.8124560390584067, 0.7476217532772511
-35.46329473502838, 21.142782030456043, 0.8124560390584067, 0.7476217532772511
-35.499375605388174, 21.19950820891687, 0.8124560390584067, 0.7476217532772511
-35.534899288101634, 21.256542235563135, 0.8124560390584067, 0.7476217532772511
-35.56987094809649, 21.313879084361353, 0.8124560390584067, 0.7476217532772511
-35.604295750300466, 21.37151372927805, 0.8124560390584067, 0.7476217532772511
-35.638178859641236, 21.429441144279657, 0.8124560390584067, 0.7476217532772511
-35.67152544104657, 21.487656303332727, 0.8124560390584067, 0.7476217532772511
-35.704340659444114, 21.546154180403693, 0.8124560390584067, 0.7476217532772511
-35.736629679761634, 21.604929749459078, 0.8124560390584067, 0.7476217532772511
-35.76839766692683, 21.6639779844654, 0.8124560390584067, 0.7476217532772511
-35.79964978586739, 21.72329385938909, 0.8124560390584067, 0.7476217532772511
-35.830391201511084, 21.782872348196708, 0.8124560390584067, 0.7476217532772511
-35.86062707878556, 21.84270842485467, 0.8124560390584067, 0.7476217532772511
-35.890362582618565, 21.90279706332951, 0.8124560390584067, 0.7476217532772511
-35.91960287793783, 21.963133237587748, 0.8124560390584067, 0.7476217532772511
-35.94835312967101, 22.023711921595808, 0.8124560390584067, 0.7476217532772511
-35.97661850274588, 22.084528089320223, 0.8124560390584067, 0.7476217532772511
-36.004404162090125, 22.14557671472751, 0.8124560390584067, 0.7476217532772511
-36.03171527263146, 22.206852771784096, 0.8124560390584067, 0.7476217532772511
-36.0585569992976, 22.268351234456542, 0.8124560390584067, 0.7476217532772511
-36.084934507016264, 22.330067076711273, 0.8124560390584067, 0.7476217532772511
-36.11085296071514, 22.3919952725148, 0.8124560390584067, 0.7476217532772511
-36.136317525322, 22.454130795833674, 0.8124560390584067, 0.7476217532772511
-36.16133336576448, 22.516468620634292, 0.8124560390584067, 0.7476217532772511
-36.185905646970355, 22.579003720883232, 0.8124560390584067, 0.7476217532772511
-36.210039533867295, 22.641731070546914, 0.8124560390584067, 0.7476217532772511
-36.233740191383035, 22.704645643591864, 0.8124560390584067, 0.7476217532772511
-36.25701278444531, 22.767742413984603, 0.8124560390584067, 0.7476217532772511
-36.27986247798178, 22.831016355691553, 0.8124560390584067, 0.7476217532772511
-36.30229443692022, 22.894462442679284, 0.8124560390584067, 0.7476217532772511
-36.32431382618828, 22.958075648914207, 0.8124560390584067, 0.7476217532772511
-36.34592581071372, 23.02185094836286, 0.8124560390584067, 0.7476217532772511
-36.36713555542425, 23.08578331499176, 0.8124560390584067, 0.7476217532772511
-36.38794822524755, 23.149867722767333, 0.8124560390584067, 0.7476217532772511
-36.40836898511136, 23.21409914565613, 0.8124560390584067, 0.7476217532772511
-36.428402999943394, 23.278472557624603, 0.8124560390584067, 0.7476217532772511
-36.448055434671346, 23.34298293263924, 0.8124560390584067, 0.7476217532772511
-36.467331454222965, 23.407625244666594, 0.8124560390584067, 0.7476217532772511
-36.486236223525914, 23.472394467673073, 0.8124560390584067, 0.7476217532772511
-36.504774907507965, 23.537285575625255, 0.8124560390584067, 0.7476217532772511
-36.52295267109678, 23.602293542489544, 0.8124560390584067, 0.7476217532772511
-36.5407746792201, 23.66741334223248, 0.8124560390584067, 0.7476217532772511
-36.55824609680564, 23.732639948820573, 0.8124560390584067, 0.7476217532772511
-36.57537208878109, 23.79796833622026, 0.8124560390584067, 0.7476217532772511
-36.592157820074185, 23.863393478398095, 0.8124560390584067, 0.7476217532772511
-36.608608455612625, 23.9289103493205, 0.8124560390584067, 0.7476217532772511
-36.62472916032414, 23.994513922954006, 0.8124560390584067, 0.7476217532772511
-36.640525099136426, 24.06019917326514, 0.8124560390584067, 0.7476217532772511
-36.656001436977206, 24.125961074220324, 0.8124560390584067, 0.7476217532772511
-36.671163338774186, 24.191794599786107, 0.8124560390584067, 0.7476217532772511
-36.68601596945509, 24.25769472392893, 0.8124560390584067, 0.7476217532772511
-36.70056449394761, 24.323656420615293, 0.8124560390584067, 0.7476217532772511
-36.7148140771795, 24.389674663811757, 0.8124560390584067, 0.7476217532772511
-36.72876988407843, 24.455744427484717, 0.8124560390584067, 0.7476217532772511
-36.74243707957214, 24.52186068560075, 0.8124560390584067, 0.7476217532772511
-36.755820861575515, 24.588018757286967, 0.8124560390584067, 0.7476217532772511
-36.7689266728738, 24.654216523865525, 0.8124560390584067, 0.7476217532772511
-36.78176006642565, 24.720453019455537, 0.8124560390584067, 0.7476217532772511
-36.79432659571847, 24.786727283708984, 0.8124560390584067, 0.7476217532772511
-36.80663181423974, 24.853038356278024, 0.8124560390584067, 0.7476217532772511
-36.81868127547688, 24.919385276814634, 0.8124560390584067, 0.7476217532772511
-36.83048053291731, 24.98576708497092, 0.8124560390584067, 0.7476217532772511
-36.8420351400485, 25.052182820398986, 0.8124560390584067, 0.7476217532772511
-36.85335065035786, 25.118631522750817, 0.8124560390584067, 0.7476217532772511
-36.86443261733285, 25.185112231678556, 0.8124560390584067, 0.7476217532772511
-36.87528659446089, 25.251623986834186, 0.8124560390584067, 0.7476217532772511
-36.88591813522943, 25.31816582786983, 0.8124560390584067, 0.7476217532772511
-36.896332793125914, 25.384736794437572, 0.8124560390584067, 0.7476217532772511
-36.90653612163775, 25.451335926189397, 0.8124560390584067, 0.7476217532772511
-36.91653367425241, 25.517962262777466, 0.8124560390584067, 0.7476217532772511
-36.92633100445731, 25.58461484385375, 0.8124560390584067, 0.7476217532772511
-36.935933665739924, 25.651292709070365, 0.8124560390584067, 0.7476217532772511
-36.94534721158763, 25.717994898079393, 0.8124560390584067, 0.7476217532772511
-36.95457719548792, 25.78472045053285, 0.8124560390584067, 0.7476217532772511
-36.96362917092819, 25.85146840608282, 0.8124560390584067, 0.7476217532772511
-36.97250869139592, 25.918237804381413, 0.8124560390584067, 0.7476217532772511
-36.98122131037852, 25.985027685080617, 0.8124560390584067, 0.7476217532772511
-36.98977258136343, 26.05183708783257, 0.8124560390584067, 0.7476217532772511
-36.99816805783809, 26.118665052289266, 0.8124560390584067, 0.7476217532772511
-37.00641329328995, 26.185510618102803, 0.8124560390584067, 0.7476217532772511
-37.01451384120646, 26.25237282492529, 0.8124560390584067, 0.7476217532772511
-37.022475255075, 26.319250712408707, 0.8124560390584067, 0.7476217532772511
-37.03030308838307, 26.386143320205196, 0.8124560390584067, 0.7476217532772511
-37.038002894618074, 26.45304968796676, 0.8124560390584067, 0.7476217532772511
-37.04558022726746, 26.519968855345482, 0.8124560390584067, 0.7476217532772511
-37.053040639818676, 26.586899861993476, 0.8124560390584067, 0.7476217532772511
-37.06038968575913, 26.653841747562726, 0.8124560390584067, 0.7476217532772511
-37.06763291857629, 26.72079355170538, 0.8124560390584067, 0.7476217532772511
-37.074775891757575, 26.787754314073425, 0.8124560390584067, 0.7476217532772511
-37.08182415879045, 26.854723074318958, 0.8124560390584067, 0.7476217532772511
-37.08878327316231, 26.921698872094087, 0.8124560390584067, 0.7476217532772511
-37.09565831785451, 26.988680844428977, 0.8124560390584067, 0.7476217532772511
-37.102451520531936, 27.055668719303718, 0.8124560390584067, 0.7476217532772511
-37.10916403751796, 27.12266244642818, 0.8124560390584067, 0.7476217532772511
-37.11579702323212, 27.18966197590635, 0.8124560390584067, 0.7476217532772511
-37.122351632094, 27.25666725784223, 0.8124560390584067, 0.7476217532772511
-37.12882901852315, 27.323678242339714, 0.8124560390584067, 0.7476217532772511
-37.13523033693912, 27.390694879502806, 0.8124560390584067, 0.7476217532772511
-37.14155674176145, 27.45771711943541, 0.8124560390584067, 0.7476217532772511
-37.14780938740973, 27.524744912241523, 0.8124560390584067, 0.7476217532772511
-37.153989428303504, 27.591778208025136, 0.8124560390584067, 0.7476217532772511
-37.16009801886232, 27.65881695689013, 0.8124560390584067, 0.7476217532772511
-37.166136313505746, 27.72586110894055, 0.8124560390584067, 0.7476217532772511
-37.1721054666533, 27.79291061428025, 0.8124560390584067, 0.7476217532772511
-37.178006632724596, 27.859965423013257, 0.8124560390584067, 0.7476217532772511
-37.183840966139144, 27.92702548524355, 0.8124560390584067, 0.7476217532772511
-37.189609621316535, 27.994090751075028, 0.8124560390584067, 0.7476217532772511
-37.195313752676306, 28.0611611706117, 0.8124560390584067, 0.7476217532772511
-37.200954514638, 28.128236693957458, 0.8124560390584067, 0.7476217532772511
-37.20653306162121, 28.195317271216318, 0.8124560390584067, 0.7476217532772511
-37.21205054804545, 28.262402852492254, 0.8124560390584067, 0.7476217532772511
-37.2175081283303, 28.32949338788916, 0.8124560390584067, 0.7476217532772511
-37.22290695689532, 28.396588827511053, 0.8124560390584067, 0.7476217532772511
-37.22824818816006, 28.463689121461837, 0.8124560390584067, 0.7476217532772511
-37.23353297654407, 28.530794219845493, 0.8124560390584067, 0.7476217532772511
-37.2387624764669, 28.59790407276602, 0.8124560390584067, 0.7476217532772511
-37.24393784234814, 28.66501863032731, 0.8124560390584067, 0.7476217532772511
-37.2490602286073, 28.73213784263338, 0.8124560390584067, 0.7476217532772511
-37.254130789663975, 28.799261659788137, 0.8124560390584067, 0.7476217532772511
-37.25915067993769, 28.86639003189555, 0.8124560390584067, 0.7476217532772511
-37.26412105384802, 28.93352290905963, 0.8124560390584067, 0.7476217532772511
-37.26904306581453, 29.000660241384253, 0.8124560390584067, 0.7476217532772511
-37.273917870256746, 29.067801978973467, 0.8124560390584067, 0.7476217532772511
-37.278746621594244, 29.134948071931134, 0.8124560390584067, 0.7476217532772511
-37.28353047424658, 29.202098470361264, 0.8124560390584067, 0.7476217532772511
-37.28827058263331, 29.269253124367847, 0.8124560390584067, 0.7476217532772511
-37.29296810117398, 29.336411984054767, 0.8124560390584067, 0.7476217532772511
-37.29762418428815, 29.403574999526054, 0.8124560390584067, 0.7476217532772511
-37.302239986395385, 29.470742120885603, 0.8124560390584067, 0.7476217532772511
-37.306816661915235, 29.537913298237406, 0.8124560390584067, 0.7476217532772511
-37.31135536526726, 29.60508848168545, 0.8124560390584067, 0.7476217532772511
-37.315857250871005, 29.67226762133362, 0.8124560390584067, 0.7476217532772511
-37.32032345847769, 29.73945066742868, 0.8124560390584067, 0.7476217532772511
-37.32475460055005, 29.806637575349395, 0.8124560390584067, 0.7476217532772511
-37.32915062844155, 29.873828306908877, 0.8124560390584067, 0.7476217532772511
-37.33351145164328, 29.941022824327835, 0.8124560390584067, 0.7476217532772511
-37.33783697964629, 30.008221089826804, 0.8124560390584067, 0.7476217532772511
-37.34212712194165, 30.075423065626477, 0.8124560390584067, 0.7476217532772511
-37.34638178802041, 30.14262871394748, 0.8124560390584067, 0.7476217532772511
-37.35060088737362, 30.209837997010393, 0.8124560390584067, 0.7476217532772511
-37.35478432949239, 30.27705087703591, 0.8124560390584067, 0.7476217532772511
-37.358932023867744, 30.344267316244583, 0.8124560390584067, 0.7476217532772511
-37.363043879990755, 30.41148727685708, 0.8124560390584067, 0.7476217532772511
-37.36711980735248, 30.478710721094075, 0.8124560390584067, 0.7476217532772511
-37.371159715444, 30.54593761117609, 0.8124560390584067, 0.7476217532772511
-37.37516351375636, 30.613167909323852, 0.8124560390584067, 0.7476217532772511
-37.37913111178062, 30.680401577757902, 0.8124560390584067, 0.7476217532772511
-37.383062419007864, 30.74763857869892, 0.8124560390584067, 0.7476217532772511
-37.38695734492914, 30.814878874367544, 0.8124560390584067, 0.7476217532772511
-37.39081579903552, 30.882122426984353, 0.8124560390584067, 0.7476217532772511
-37.394637690818065, 30.94936919877004, 0.8124560390584067, 0.7476217532772511
-37.39842292976782, 31.016619151945154, 0.8124560390584067, 0.7476217532772511
-37.40217142537586, 31.083872248730355, 0.8124560390584067, 0.7476217532772511
-37.405883087133255, 31.151128451346317, 0.8124560390584067, 0.7476217532772511
-37.40955782453107, 31.218387722013585, 0.8124560390584067, 0.7476217532772511
-37.41319554706035, 31.28565002295286, 0.8124560390584067, 0.7476217532772511
-37.41679616421217, 31.35291531638471, 0.8124560390584067, 0.7476217532772511
-37.420359585477605, 31.42018356452979, 0.8124560390584067, 0.7476217532772511
-37.423885720347684, 31.48745472960874, 0.8124560390584067, 0.7476217532772511
-37.4273744783135, 31.554728773842164, 0.8124560390584067, 0.7476217532772511
-37.430825768866114, 31.622005659450725, 0.8124560390584067, 0.7476217532772511
-37.43423950149656, 31.689285348654977, 0.8124560390584067, 0.7476217532772511
-37.43761558569594, 31.756567803675594, 0.8124560390584067, 0.7476217532772511
-37.440953930955295, 31.823852986733247, 0.8124560390584067, 0.7476217532772511
-37.44425444676569, 31.89114086004848, 0.8124560390584067, 0.7476217532772511
-37.44751704261818, 31.958431385841983, 0.8124560390584067, 0.7476217532772511
-37.450741628003854, 32.02572452633433, 0.8124560390584067, 0.7476217532772511
-37.453928112413735, 32.093020243746174, 0.8124560390584067, 0.7476217532772511
-37.45707640533894, 32.16031850029819, 0.8124560390584067, 0.7476217532772511
-37.46018641627047, 32.227619258210915, 0.8124560390584067, 0.7476217532772511
-37.46325805469943, 32.29492247970505, 0.8124560390584067, 0.7476217532772511
-37.46629123011687, 32.36222812700116, 0.8124560390584067, 0.7476217532772511
-37.469285852013854, 32.429536162319906, 0.8124560390584067, 0.7476217532772511
-37.472241829881455, 32.49684654788195, 0.8124560390584067, 0.7476217532772511
-37.475159073210726, 32.56415924590785, 0.8124560390584067, 0.7476217532772511
-37.47803749149274, 32.631474218618315, 0.8124560390584067, 0.7476217532772511
-37.48087699421852, 32.69879142823386, 0.8124560390584067, 0.7476217532772511
-37.48367749087918, 32.7661108369752, 0.8124560390584067, 0.7476217532772511
-37.486438890965744, 32.83343240706294, 0.8124560390584067, 0.7476217532772511
-37.48916110396931, 32.90075610071771, 0.8124560390584067, 0.7476217532772511
-37.49184403938092, 32.96808188016014, 0.8124560390584067, 0.7476217532772511
-37.49448760669164, 33.035409707610825, 0.8124560390584067, 0.7476217532772511
-37.497091715392536, 33.102739545290405, 0.8124560390584067, 0.7476217532772511
-37.49965627497467, 33.17007135541956, 0.8124560390584067, 0.7476217532772511
-37.5021811949291, 33.23740510021884, 0.8124560390584067, 0.7476217532772511
-37.5046663847469, 33.30474074190894, 0.8124560390584067, 0.7476217532772511
-37.507111753919105, 33.37207824271041, 0.8124560390584067, 0.7476217532772511
-37.50951721193681, 33.439417564843936, 0.8124560390584067, 0.7476217532772511
-37.51188266829107, 33.50675867053016, 0.8124560390584067, 0.7476217532772511
-37.514208032472936, 33.57410152198965, 0.8124560390584067, 0.7476217532772511
-37.51649321397348, 33.64144608144305, 0.8124560390584067, 0.7476217532772511
-37.51873812228377, 33.70879231111105, 0.8124560390584067, 0.7476217532772511
-37.52094266689486, 33.77614017321418, 0.8124560390584067, 0.7476217532772511
-37.52310675729782, 33.84348962997315, 0.8124560390584067, 0.7476217532772511
-37.525230302983694, 33.910840643608516, 0.8124560390584067, 0.7476217532772511
-37.52731321344356, 33.97819317634094, 0.8124560390584067, 0.7476217532772511
-37.5293553981685, 34.04554719039109, 0.8124560390584067, 0.7476217532772511
-37.531356766649544, 34.11290264797951, 0.8124560390584067, 0.7476217532772511
-37.53331722837776, 34.1802595113269, 0.8124560390584067, 0.7476217532772511
-37.53523669284423, 34.247617742653844, 0.8124560390584067, 0.7476217532772511
-37.53711506954, 34.31497730418096, 0.8124560390584067, 0.7476217532772511
-37.53895226795614, 34.38233815812894, 0.8124560390584067, 0.7476217532772511
-37.54074819758371, 34.44970026671833, 0.8124560390584067, 0.7476217532772511
-37.54250276791378, 34.517063592169826, 0.8124560390584067, 0.7476217532772511
-37.54421588843742, 34.584428096704, 0.8124560390584067, 0.7476217532772511
-37.54588746864565, 34.651793742541486, 0.8124560390584067, 0.7476217532772511
-37.547517418029585, 34.71916049190298, 0.8124560390584067, 0.7476217532772511
-37.54910564608026, 34.786528307009014, 0.8124560390584067, 0.7476217532772511
-37.55065206228875, 34.853897150080314, 0.8124560390584067, 0.7476217532772511
-37.552156576146096, 34.92126698333739, 0.8124560390584067, 0.7476217532772511
-37.55361909714339, 34.98863776900094, 0.8124560390584067, 0.7476217532772511
-37.55503953477167, 35.05600946929161, 0.8124560390584067, 0.7476217532772511
-37.55641779852201, 35.12338204642997, 0.8124560390584067, 0.7476217532772511
-37.55775379788549, 35.19075546263671, 0.8124560390584067, 0.7476217532772511
-37.55904744235314, 35.258129680132384, 0.8124560390584067, 0.7476217532772511
-37.56029864141605, 35.325504661137664, 0.8124560390584067, 0.7476217532772511
-37.56150730456526, 35.392880367873204, 0.8124560390584067, 0.7476217532772511
-37.56267334129186, 35.46025676255956, 0.8124560390584067, 0.7476217532772511
-37.5637966610869, 35.52763380741744, 0.8124560390584067, 0.7476217532772511
-37.564877173441424, 35.59501146466739, 0.8124560390584067, 0.7476217532772511
-37.565914787846516, 35.66238969653008, 0.8124560390584067, 0.7476217532772511
-37.56690941379323, 35.72976846522615, 0.8124560390584067, 0.7476217532772511
-37.56786096077265, 35.7971477329762, 0.8124560390584067, 0.7476217532772511
-37.56876933827581, 35.86452746200088, 0.8124560390584067, 0.7476217532772511
-37.56963445579379, 35.93190761452078, 0.8124560390584067, 0.7476217532772511
-37.57045622281765, 35.99928815275655, 0.8124560390584067, 0.7476217532772511
-37.57123454883845, 36.06666903892886, 0.8124560390584067, 0.7476217532772511
-37.57196934334724, 36.13405023525825, 0.8124560390584067, 0.7476217532772511
-37.5726605158351, 36.201431703965426, 0.8124560390584067, 0.7476217532772511
-37.5733079757931, 36.268813407270954, 0.8124560390584067, 0.7476217532772511
-37.573911632712296, 36.336195307395485, 0.8124560390584067, 0.7476217532772511
-37.574471396083744, 36.40357736655969, 0.8124560390584067, 0.7476217532772511
-37.574987175398505, 36.47095954698411, 0.8124560390584067, 0.7476217532772511
-37.57545888014765, 36.53834181088946, 0.8124560390584067, 0.7476217532772511
-37.57588641982225, 36.60572412049628, 0.8124560390584067, 0.7476217532772511
-37.57626970391334, 36.673106438025265, 0.8124560390584067, 0.7476217532772511
-37.576608641912, 36.740488725697034, 0.8124560390584067, 0.7476217532772511
-37.5769031433093, 36.80787094573217, 0.8124560390584067, 0.7476217532772511
-37.5771531175963, 36.875253060351376, 0.8124560390584067, 0.7476217532772511
-37.57735847426406, 36.94263503177518, 0.8124560390584067, 0.7476217532772511
-37.577519122803636, 37.010016822224266, 0.8124560390584067, 0.7476217532772511
-37.57763497270609, 37.0773983939193, 0.8124560390584067, 0.7476217532772511
-37.5777059334625, 37.144779709080815, 0.8124560390584067, 0.7476217532772511
-37.57773191456392, 37.21216072992951, 0.8124560390584067, 0.7476217532772511
-37.57771282550141, 37.279541418686016, 0.8124560390584067, 0.7476217532772511
-37.577648575766034, 37.346921737570895, 0.8124560390584067, 0.7476217532772511
-37.57753907484886, 37.41430164880486, 0.8124560390584067, 0.7476217532772511
-37.57738423224094, 37.48168111460844, 0.8124560390584067, 0.7476217532772511
-37.57718395743335, 37.54906009720233, 0.8124560390584067, 0.7476217532772511
-37.576938159917155, 37.61643855880718, 0.8124560390584067, 0.7476217532772511
-37.5766467491834, 37.683816461643524, 0.8124560390584067, 0.7476217532772511
-37.57630963472317, 37.7511937679321, 0.8124560390584067, 0.7476217532772511
-37.575926726027504, 37.818570439893435, 0.8124560390584067, 0.7476217532772511
-37.57549793258748, 37.88594643974819, 0.8124560390584067, 0.7476217532772511
-37.57502316389416, 37.95332172971705, 0.8124560390584067, 0.7476217532772511
-37.5745023294386, 38.020696272020544, 0.8124560390584067, 0.7476217532772511
-37.57393533871189, 38.08807002887941, 0.8124560390584067, 0.7476217532772511
-37.57332210120506, 38.155442962514165, 0.8124560390584067, 0.7476217532772511
-37.57266252640917, 38.22281503514549, 0.8124560390584067, 0.7476217532772511
-37.571956523815295, 38.29018620899403, 0.8124560390584067, 0.7476217532772511
-37.57120400291452, 38.35755644628036, 0.8124560390584067, 0.7476217532772511
-37.57040487319787, 38.42492570922519, 0.8124560390584067, 0.7476217532772511
-37.569559044156435, 38.49229396004904, 0.8124560390584067, 0.7476217532772511
-37.568666425281265, 38.559661160972595, 0.8124560390584067, 0.7476217532772511
-37.56772692606343, 38.6270272742165, 0.8124560390584067, 0.7476217532772511
-37.56674045599397, 38.69439226200134, 0.8124560390584067, 0.7476217532772511
-37.56570692456398, 38.7617560865478, 0.8124560390584067, 0.7476217532772511
-37.56462624126452, 38.829118710076436, 0.8124560390584067, 0.7476217532772511
-37.56349831558663, 38.896480094807885, 0.8124560390584067, 0.7476217532772511
-37.56232305702139, 38.963840202962864, 0.8124560390584067, 0.7476217532772511
-37.561100375059866, 39.03119899676189, 0.8124560390584067, 0.7476217532772511
-37.5598301791931, 39.09855643842565, 0.8124560390584067, 0.7476217532772511
-37.55851237891217, 39.16591249017474, 0.8124560390584067, 0.7476217532772511
-37.55714688370814, 39.23326711422979, 0.8124560390584067, 0.7476217532772511
-37.55573360307207, 39.30062027281148, 0.8124560390584067, 0.7476217532772511
-37.55427244649503, 39.36797192814037, 0.8124560390584067, 0.7476217532772511
-37.55276332346807, 39.435322042437136, 0.8124560390584067, 0.7476217532772511
-37.551206143482254, 39.502670577922345, 0.8124560390584067, 0.7476217532772511
-37.549600816028644, 39.57001749681667, 0.8124560390584067, 0.7476217532772511
-37.54794725059832, 39.63736276134075, 0.8124560390584067, 0.7476217532772511
-37.546245356682334, 39.70470633371517, 0.8124560390584067, 0.7476217532772511
-37.54449504377175, 39.77204817616063, 0.8124560390584067, 0.7476217532772511
-37.542696221357616, 39.83938825089765, 0.8124560390584067, 0.7476217532772511
-37.54084879893102, 39.90672652014691, 0.8124560390584067, 0.7476217532772511
-37.53895268598303, 39.9740629461291, 0.8124560390584067, 0.7476217532772511
-37.53700779200466, 40.04139749106473, 0.8124560390584067, 0.7476217532772511
-37.53501402648702, 40.108730117174524, 0.8124560390584067, 0.7476217532772511
-37.532971298921154, 40.17606078667903, 0.8124560390584067, 0.7476217532772511
-37.53087951879812, 40.24338946179892, 0.8124560390584067, 0.7476217532772511
-37.528738595609, 40.310716104754846, 0.8124560390584067, 0.7476217532772511
-37.52654843884485, 40.37804067776737, 0.8124560390584067, 0.7476217532772511
-37.524308957996716, 40.4453631430572, 0.8124560390584067, 0.7476217532772511
-37.52202006255568, 40.51268346284486, 0.8124560390584067, 0.7476217532772511
-37.5196816620128, 40.58000159935106, 0.8124560390584067, 0.7476217532772511
-37.51729366585914, 40.64731751479642, 0.8124560390584067, 0.7476217532772511
-37.514855983585754, 40.714631171401514, 0.8124560390584067, 0.7476217532772511
-37.51236852468372, 40.781942531387045, 0.8124560390584067, 0.7476217532772511
-37.509831198644086, 40.849251556973556, 0.8124560390584067, 0.7476217532772511
-37.50724391495794, 40.91655821038172, 0.8124560390584067, 0.7476217532772511
-37.50460658311631, 40.9838624538322, 0.8124560390584067, 0.7476217532772511
-37.50191911261028, 41.05116424954555, 0.8124560390584067, 0.7476217532772511
-37.499181412930895, 41.118463559742416, 0.8124560390584067, 0.7476217532772511
-37.49639339356924, 41.18576034664349, 0.8124560390584067, 0.7476217532772511
-37.49355496401638, 41.25305457246932, 0.8124560390584067, 0.7476217532772511
-37.49066603376335, 41.320346199440586, 0.8124560390584067, 0.7476217532772511
-37.487726512301236, 41.38763518977785, 0.8124560390584067, 0.7476217532772511
-37.4847363091211, 41.45492150570179, 0.8124560390584067, 0.7476217532772511
-37.48169533371399, 41.52220510943306, 0.8124560390584067, 0.7476217532772511
-37.478603495570994, 41.58948596319221, 0.8124560390584067, 0.7476217532772511
-37.47546070418314, 41.65676402919994, 0.8124560390584067, 0.7476217532772511
-37.47226686904152, 41.72403926967682, 0.8124560390584067, 0.7476217532772511
-37.46902189963719, 41.791311646843496, 0.8124560390584067, 0.7476217532772511
-37.4657257054612, 41.85858112292064, 0.8124560390584067, 0.7476217532772511
-37.46237819600463, 41.92584766012879, 0.8124560390584067, 0.7476217532772511
-37.45897928075854, 41.99311122068868, 0.8124560390584067, 0.7476217532772511
-37.455528869213985, 42.06037176682083, 0.8124560390584067, 0.7476217532772511
-37.452026870862035, 42.12762926074592, 0.8124560390584067, 0.7476217532772511
-37.44847319519374, 42.19488366468462, 0.8124560390584067, 0.7476217532772511
-37.44486775170017, 42.26213494085746, 0.8124560390584067, 0.7476217532772511
-37.4412104498724, 42.329383051485166, 0.8124560390584067, 0.7476217532772511
-37.437501199201485, 42.39662795878827, 0.8124560390584067, 0.7476217532772511
-37.433739909178485, 42.46386962498747, 0.8124560390584067, 0.7476217532772511
-37.42992648929446, 42.53110801230339, 0.8124560390584067, 0.7476217532772511
-37.42606084904048, 42.5983430829566, 0.8124560390584067, 0.7476217532772511
-37.4221428979076, 42.6655747991678, 0.8124560390584067, 0.7476217532772511
-37.41817254538689, 42.73280312315755, 0.8124560390584067, 0.7476217532772511
-37.41414970096942, 42.800028017146516, 0.8124560390584067, 0.7476217532772511
-37.410074274146226, 42.86724944335534, 0.8124560390584067, 0.7476217532772511
-37.4059461744084, 42.9344673640046, 0.8124560390584067, 0.7476217532772511
-37.401765311246976, 43.00168174131497, 0.8124560390584067, 0.7476217532772511
-37.39753159415306, 43.06889253750704, 0.8124560390584067, 0.7476217532772511
-37.39324493261768, 43.13609971480144, 0.8124560390584067, 0.7476217532772511
-37.388905236131905, 43.20330323541886, 0.8124560390584067, 0.7476217532772511
-37.3845124141868, 43.27050306157983, 0.8124560390584067, 0.7476217532772511
-37.38006637627343, 43.33769915550507, 0.8124560390584067, 0.7476217532772511
-37.37556703188286, 43.40489147941512, 0.8124560390584067, 0.7476217532772511
-37.371014290506146, 43.47207999553065, 0.8124560390584067, 0.7476217532772511
-37.36640806163435, 43.53926466607233, 0.8124560390584067, 0.7476217532772511
-37.36174825475855, 43.606445453260704, 0.8124560390584067, 0.7476217532772511
-37.35703477936978, 43.673622319316465, 0.8124560390584067, 0.7476217532772511
-37.35226754495915, 43.74079522646021, 0.8124560390584067, 0.7476217532772511
-37.347446461017675, 43.80796413691253, 0.8124560390584067, 0.7476217532772511
-37.34257143703643, 43.87512901289414, 0.8124560390584067, 0.7476217532772511
-37.3376423825065, 43.9422898166256, 0.8124560390584067, 0.7476217532772511
-37.33265920691893, 44.00944651032758, 0.8124560390584067, 0.7476217532772511
-37.32762181976478, 44.076599056220644, 0.8124560390584067, 0.7476217532772511
-37.32253013053513, 44.143747416525464, 0.8124560390584067, 0.7476217532772511
-37.31738404872101, 44.2108915534627, 0.8124560390584067, 0.7476217532772511
-37.31218347360937, 44.27803142601915, 0.8124560390584067, 0.7476217532772511
-37.30692825456335, 44.34516697736065, 0.8124560390584067, 0.7476217532772511
-37.30161822570221, 44.41229814582202, 0.8124560390584067, 0.7476217532772511
-37.29625322114138, 44.479424869736974, 0.8124560390584067, 0.7476217532772511
-37.290833074996335, 44.54654708743923, 0.8124560390584067, 0.7476217532772511
-37.28535762138255, 44.6136647372624, 0.8124560390584067, 0.7476217532772511
-37.27982669441549, 44.680777757540255, 0.8124560390584067, 0.7476217532772511
-37.2742401282106, 44.74788608660639, 0.8124560390584067, 0.7476217532772511
-37.26859775688336, 44.81498966279454, 0.8124560390584067, 0.7476217532772511
-37.26289941454923, 44.88208842443842, 0.8124560390584067, 0.7476217532772511
-37.25714493532365, 44.94918230987164, 0.8124560390584067, 0.7476217532772511
-37.25133415332211, 45.016271257427924, 0.8124560390584067, 0.7476217532772511
-37.24546690266006, 45.08335520544098, 0.8124560390584067, 0.7476217532772511
-37.23954301745298, 45.15043409224446, 0.8124560390584067, 0.7476217532772511
-37.2335623318163, 45.21750785617208, 0.8124560390584067, 0.7476217532772511
-37.22752467986552, 45.28457643555747, 0.8124560390584067, 0.7476217532772511
-37.22142989571607, 45.35163976873434, 0.8124560390584067, 0.7476217532772511
-37.21527781348343, 45.41869779403642, 0.8124560390584067, 0.7476217532772511
-37.209068267283065, 45.48575044979733, 0.8124560390584067, 0.7476217532772511
-37.20280109123042, 45.552797674350806, 0.8124560390584067, 0.7476217532772511
-37.19647611944099, 45.619839406030486, 0.8124560390584067, 0.7476217532772511
-37.19009318603022, 45.686875583170085, 0.8124560390584067, 0.7476217532772511
-37.18365212511356, 45.75390614410331, 0.8124560390584067, 0.7476217532772511
-37.17715277080648, 45.820931027163766, 0.8124560390584067, 0.7476217532772511
-37.17059495722446, 45.887950170685244, 0.8124560390584067, 0.7476217532772511
-37.16397851848296, 45.95496351300133, 0.8124560390584067, 0.7476217532772511
-37.15730328869741, 46.02197099244576, 0.8124560390584067, 0.7476217532772511
-37.1505691019833, 46.08897254735224, 0.8124560390584067, 0.7476217532772511
-37.14377579245611, 46.1559681160544, 0.8124560390584067, 0.7476217532772511
-37.13692319423127, 46.22295763688599, 0.8124560390584067, 0.7476217532772511
-37.13001114142425, 46.2899410481806, 0.8124560390584067, 0.7476217532772511
-37.12303946815052, 46.356918288272, 0.8124560390584067, 0.7476217532772511
-37.11600800852554, 46.423889295493865, 0.8124560390584067, 0.7476217532772511
-37.10891659666478, 46.49085400817983, 0.8124560390584067, 0.7476217532772511
-37.10176506668368, 46.55781236466364, 0.8124560390584067, 0.7476217532772511
-37.094553252697736, 46.624764303278916, 0.8124560390584067, 0.7476217532772511
-37.0872809888224, 46.691709762359395, 0.8124560390584067, 0.7476217532772511
-37.07994810917312, 46.75864868023877, 0.8124560390584067, 0.7476217532772511
-37.072554447865365, 46.82558099525067, 0.8124560390584067, 0.7476217532772511
-37.06509983901459, 46.892506645728844, 0.8124560390584067, 0.7476217532772511
-37.05758411673629, 46.9594255700069, 0.8124560390584067, 0.7476217532772511
-37.05000711514589, 47.026337706418566, 0.8124560390584067, 0.7476217532772511
-37.04236866835888, 47.09324299329759, 0.8124560390584067, 0.7476217532772511
-37.034668610490705, 47.160141368977534, 0.8124560390584067, 0.7476217532772511
-37.02690677565683, 47.227032771792175, 0.8124560390584067, 0.7476217532772511
-37.01908299797273, 47.29391714007514, 0.8124560390584067, 0.7476217532772511
-37.01119711155386, 47.36079441216014, 0.8124560390584067, 0.7476217532772511
-37.0032489505157, 47.4276645263809, 0.8124560390584067, 0.7476217532772511
-36.99523834897367, 47.49452742107102, 0.8124560390584067, 0.7476217532772511
-36.98716514104327, 47.56138303456427, 0.8124560390584067, 0.7476217532772511
-36.97902916083996, 47.62823130519426, 0.8124560390584067, 0.7476217532772511
-36.97083024247918, 47.69507217129471, 0.8124560390584067, 0.7476217532772511
-36.96256822007641, 47.76190557119934, 0.8124560390584067, 0.7476217532772511
-36.954242927747124, 47.82873144324177, 0.8124560390584067, 0.7476217532772511
-36.945854199606764, 47.89554972575574, 0.8124560390584067, 0.7476217532772511
-36.93740186977079, 47.96236035707487, 0.8124560390584067, 0.7476217532772511
-36.92888577235468, 48.02916327553289, 0.8124560390584067, 0.7476217532772511
-36.9203057414739, 48.09595841946353, 0.8124560390584067, 0.7476217532772511
-36.91166161124391, 48.162745727200374, 0.8124560390584067, 0.7476217532772511
-36.90295321578016, 48.2295251370772, 0.8124560390584067, 0.7476217532772511
-36.89418038919811, 48.29629658742759, 0.8124560390584067, 0.7476217532772511
-36.88534296561324, 48.363060016585315, 0.8124560390584067, 0.7476217532772511
-36.87644077914102, 48.429815362884064, 0.8124560390584067, 0.7476217532772511
-36.86747366389688, 48.49656256465745, 0.8124560390584067, 0.7476217532772511
-36.858441453996306, 48.56330156023924, 0.8124560390584067, 0.7476217532772511
-36.84934398355476, 48.63003228796303, 0.8124560390584067, 0.7476217532772511
-36.8401810866877, 48.69675468616256, 0.8124560390584067, 0.7476217532772511
-36.8309525975106, 48.763468693171546, 0.8124560390584067, 0.7476217532772511
-36.82165835013891, 48.83017424732361, 0.8124560390584067, 0.7476217532772511
-36.812298178688096, 48.896871286952454, 0.8124560390584067, 0.7476217532772511
-36.80287191727361, 48.96355975039181, 0.8124560390584067, 0.7476217532772511
-36.793379400010934, 49.03023957597528, 0.8124560390584067, 0.7476217532772511
-36.78382046101553, 49.09691070203664, 0.8124560390584067, 0.7476217532772511
-36.77419493440286, 49.163573066909485, 0.8124560390584067, 0.7476217532772511
-36.764502654288364, 49.23022660892754, 0.8124560390584067, 0.7476217532772511
-36.754743454787516, 49.29687126642452, 0.8124560390584067, 0.7476217532772511
-36.744917170015796, 49.36350697773406, 0.8124560390584067, 0.7476217532772511
-36.735023634088655, 49.4301336811899, 0.8124560390584067, 0.7476217532772511
-36.72506268112155, 49.49675131512565, 0.8124560390584067, 0.7476217532772511
-36.715034145229964, 49.563359817875046, 0.8124560390584067, 0.7476217532772511
-36.70493786052932, 49.62995912777179, 0.8124560390584067, 0.7476217532772511
-36.69477366113513, 49.69654918314951, 0.8124560390584067, 0.7476217532772511
-36.68454138116283, 49.76312992234197, 0.8124560390584067, 0.7476217532772511
-36.674240854727884, 49.82970128368276, 0.8124560390584067, 0.7476217532772511
-36.663871915945755, 49.8962632055056, 0.8124560390584067, 0.7476217532772511
-36.65343439893191, 49.962815626144234, 0.8124560390584067, 0.7476217532772511
-36.6429281378018, 50.029358483932256, 0.8124560390584067, 0.7476217532772511
-36.63235296667091, 50.09589171720344, 0.8124560390584067, 0.7476217532772511
-36.62170871965469, 50.16241526429139, 0.8124560390584067, 0.7476217532772511
-36.610995230868596, 50.228929063529826, 0.8124560390584067, 0.7476217532772511
-36.6002123344281, 50.29543305325247, 0.8124560390584067, 0.7476217532772511
-36.58935986444867, 50.361927171792914, 0.8124560390584067, 0.7476217532772511
-36.578437655045754, 50.428411357484954, 0.8124560390584067, 0.7476217532772511
-36.56744554033483, 50.49488554866218, 0.8124560390584067, 0.7476217532772511
-36.55638335443135, 50.56134968365831, 0.8124560390584067, 0.7476217532772511
-36.54525093145078, 50.62780370080708, 0.8124560390584067, 0.7476217532772511
-36.53404810550858, 50.694247538442085, 0.8124560390584067, 0.7476217532772511
-36.52277471072023, 50.76068113489709, 0.8124560390584067, 0.7476217532772511
-36.51143058120117, 50.82710442850573, 0.8124560390584067, 0.7476217532772511
-36.50001555106687, 50.89351735760168, 0.8124560390584067, 0.7476217532772511
-36.4885294544328, 50.95991986051871, 0.8124560390584067, 0.7476217532772511
-36.47697212541441, 51.026311875590395, 0.8124560390584067, 0.7476217532772511
-36.46534339812718, 51.09269334115051, 0.8124560390584067, 0.7476217532772511
-36.453643106686556, 51.15906419553265, 0.8124560390584067, 0.7476217532772511
-36.44187108520802, 51.22542437707055, 0.8124560390584067, 0.7476217532772511
-36.430027167807, 51.291773824097945, 0.8124560390584067, 0.7476217532772511
-36.418111188599, 51.358112474948435, 0.8124560390584067, 0.7476217532772511
-36.406122981699454, 51.42444026795575, 0.8124560390584067, 0.7476217532772511
-36.39406238122386, 51.49075714145357, 0.8124560390584067, 0.7476217532772511
-36.381929221287635, 51.55706303377554, 0.8124560390584067, 0.7476217532772511
-36.36972333600626, 51.62335788325543, 0.8124560390584067, 0.7476217532772511
-36.35744455949523, 51.68964162822684, 0.8124560390584067, 0.7476217532772511
-36.34509272586995, 51.75591420702351, 0.8124560390584067, 0.7476217532772511
-36.33266766924592, 51.82217555797908, 0.8124560390584067, 0.7476217532772511
-36.32016922373859, 51.88842561942724, 0.8124560390584067, 0.7476217532772511
-36.30759722346344, 51.95466432970176, 0.8124560390584067, 0.7476217532772511
-36.29495150253591, 52.020891627136194, 0.8124560390584067, 0.7476217532772511
-36.282231895071476, 52.08710745006434, 0.8124560390584067, 0.7476217532772511
-36.269438067995345, 52.15331164311717, 0.8124560390584067, 0.7476217532772511
-36.2565690013189, 52.21950366594151, 0.8124560390584067, 0.7476217532772511
-36.24362349866432, 52.285682879325925, 0.8124560390584067, 0.7476217532772511
-36.23060036365369, 52.35184864405884, 0.8124560390584067, 0.7476217532772511
-36.21749839990904, 52.41800032092879, 0.8124560390584067, 0.7476217532772511
-36.20431641105246, 52.484137270724204, 0.8124560390584067, 0.7476217532772511
-36.19105320070604, 52.55025885423362, 0.8124560390584067, 0.7476217532772511
-36.17770757249181, 52.61636443224555, 0.8124560390584067, 0.7476217532772511
-36.16427833003187, 52.6824533655484, 0.8124560390584067, 0.7476217532772511
-36.15076427694826, 52.74852501493068, 0.8124560390584067, 0.7476217532772511
-36.13716421686306, 52.81457874118094, 0.8124560390584067, 0.7476217532772511
-36.123476953398345, 52.88061390508757, 0.8124560390584067, 0.7476217532772511
-36.109701290176176, 52.94662986743915, 0.8124560390584067, 0.7476217532772511
-36.09583603081861, 53.01262598902407, 0.8124560390584067, 0.7476217532772511
-36.08187997894774, 53.078601630630885, 0.8124560390584067, 0.7476217532772511
-36.06783193818562, 53.1445561530481, 0.8124560390584067, 0.7476217532772511
-36.053690712154314, 53.21048891706411, 0.8124560390584067, 0.7476217532772511
-36.03945510447589, 53.276399283467505, 0.8124560390584067, 0.7476217532772511
-36.02512391877242, 53.342286613046646, 0.8124560390584067, 0.7476217532772511
-36.01069595866598, 53.40815026659012, 0.8124560390584067, 0.7476217532772511
-35.99617002777861, 53.473989604886405, 0.8124560390584067, 0.7476217532772511
-35.98154492973243, 53.53980398872396, 0.8124560390584067, 0.7476217532772511
-35.96681946814944, 53.605592778891285, 0.8124560390584067, 0.7476217532772511
-35.951992446651765, 53.67135533617683, 0.8124560390584067, 0.7476217532772511
-35.93706266886145, 53.73709102136912, 0.8124560390584067, 0.7476217532772511
-35.92202893840055, 53.80279919525666, 0.8124560390584067, 0.7476217532772511
-35.906890058891165, 53.868479218627854, 0.8124560390584067, 0.7476217532772511
-35.89164483395532, 53.93413045227129, 0.8124560390584067, 0.7476217532772511
-35.876292067215125, 53.99975225697536, 0.8124560390584067, 0.7476217532772511
-35.860830562292634, 54.0653439935286, 0.8124560390584067, 0.7476217532772511
-35.84525912280989, 54.13090502271953, 0.8124560390584067, 0.7476217532772511
-35.829576552389, 54.19643470533656, 0.8124560390584067, 0.7476217532772511
-35.813781654652004, 54.261932402168235, 0.8124560390584067, 0.7476217532772511
-35.79787323322099, 54.32739747400299, 0.8124560390584067, 0.7476217532772511
-35.78185009171802, 54.39282928162934, 0.8124560390584067, 0.7476217532772511
-35.765711033765136, 54.458227185835796, 0.8124560390584067, 0.7476217532772511
-35.74945486298444, 54.52359054741079, 0.8124560390584067, 0.7476217532772511
-35.73308038299799, 54.58891872714288, 0.8124560390584067, 0.7476217532772511
-35.71658639742785, 54.65421108582045, 0.8124560390584067, 0.7476217532772511
-35.69997170989609, 54.71946698423204, 0.8124560390584067, 0.7476217532772511
-35.68323512402477, 54.784685783166196, 0.8124560390584067, 0.7476217532772511
-35.666375443435975, 54.849866843411306, 0.8124560390584067, 0.7476217532772511
-35.64939147175175, 54.91500952575593, 0.8124560390584067, 0.7476217532772511
-35.63228201259418, 54.98011319098847, 0.8124560390584067, 0.7476217532772511
-35.61504586958534, 55.04517719989747, 0.8124560390584067, 0.7476217532772511
-35.59768184634727, 55.110200913271456, 0.8124560390584067, 0.7476217532772511
-35.58018874650206, 55.175183691898816, 0.8124560390584067, 0.7476217532772511
-35.56256537367177, 55.24012489656812, 0.8124560390584067, 0.7476217532772511
-35.54481053147847, 55.305023888067794, 0.8124560390584067, 0.7476217532772511
-35.526923023544235, 55.36988002718636, 0.8124560390584067, 0.7476217532772511
-35.508901653491115, 55.43469267471231, 0.8124560390584067, 0.7476217532772511
-35.490746009213375, 55.49946144638125, 0.8124560390584067, 0.7476217532772511
-35.47246517263519, 55.56418904419917, 0.8124560390584067, 0.7476217532772511
-35.45407453469476, 55.628880221073665, 0.8124560390584067, 0.7476217532772511
-35.435589600056964, 55.69353976688212, 0.8124560390584067, 0.7476217532772511
-35.417025873386635, 55.75817247150195, 0.8124560390584067, 0.7476217532772511
-35.39839885934871, 55.82278312481046, 0.8124560390584067, 0.7476217532772511
-35.37972406260803, 55.88737651668504, 0.8124560390584067, 0.7476217532772511
-35.361016987829466, 55.95195743700299, 0.8124560390584067, 0.7476217532772511
-35.34229313967791, 56.01653067564172, 0.8124560390584067, 0.7476217532772511
-35.32356802281822, 56.08110102247859, 0.8124560390584067, 0.7476217532772511
-35.304857141915285, 56.145673267390904, 0.8124560390584067, 0.7476217532772511
-35.28617600163398, 56.21025220025607, 0.8124560390584067, 0.7476217532772511
-35.26754010663916, 56.27484261095146, 0.8124560390584067, 0.7476217532772511
-35.24896496159573, 56.33944928935437, 0.8124560390584067, 0.7476217532772511
-35.230466071168536, 56.40407702534223, 0.8124560390584067, 0.7476217532772511
-35.21205894002248, 56.4687306087923, 0.8124560390584067, 0.7476217532772511
-35.19375907282241, 56.53341482958203, 0.8124560390584067, 0.7476217532772511
-35.17558197423322, 56.59813447758876, 0.8124560390584067, 0.7476217532772511
-35.157543148919785, 56.6628943426898, 0.8124560390584067, 0.7476217532772511
-35.139658101546964, 56.72769921476258, 0.8124560390584067, 0.7476217532772511
-35.12194233677965, 56.79255388368438, 0.8124560390584067, 0.7476217532772511
-35.10441135928271, 56.85746313933259, 0.8124560390584067, 0.7476217532772511
-35.08708067372101, 56.92243177158462, 0.8124560390584067, 0.7476217532772511
-35.06996578475945, 56.987464570317734, 0.8124560390584067, 0.7476217532772511
-35.05308219706287, 57.05256632540939, 0.8124560390584067, 0.7476217532772511
-35.03644541529617, 57.11774182673684, 0.8124560390584067, 0.7476217532772511
-35.020070944124235, 57.1829958641775, 0.8124560390584067, 0.7476217532772511
-35.00397428821191, 57.248333227608754, 0.8124560390584067, 0.7476217532772511
-34.988170952224095, 57.313758706907905, 0.8124560390584067, 0.7476217532772511
-34.97267644082564, 57.37927709195235, 0.8124560390584067, 0.7476217532772511
-34.95750625868145, 57.444893172619416, 0.8124560390584067, 0.7476217532772511
-34.94267591045638, 57.510611738786466, 0.8124560390584067, 0.7476217532772511
-34.9282009008153, 57.57643758033089, 0.8124560390584067, 0.7476217532772511
-34.9140967344231, 57.64237548712999, 0.8124560390584067, 0.7476217532772511
-34.90037891594464, 57.7084302490612, 0.8124560390584067, 0.7476217532772511
-34.88706295004482, 57.774606656001815, 0.8124560390584067, 0.7476217532772511
-34.87416434138849, 57.84090949782918, 0.8124560390584067, 0.7476217532772511
-34.861698594640536, 57.907343564420735, 0.8124560390584067, 0.7476217532772511
-34.84968121446583, 57.97391364565375, 0.8124560390584067, 0.7476217532772511
-34.838127705529246, 58.04062453140564, 0.8124560390584067, 0.7476217532772511
-34.82705357249567, 58.10748101155374, 0.8124560390584067, 0.7476217532772511
-34.81647432002997, 58.17448787597539, 0.8124560390584067, 0.7476217532772511
-34.80640182825114, 58.24164863104083, 0.8124560390584067, 0.7476217532772511
-34.7967994699528, 58.30894960593358, 0.8124560390584067, 0.7476217532772511
-34.78759600483223, 58.376364872810036, 0.8124560390584067, 0.7476217532772511
-34.77871944648184, 58.443868239619256, 0.8124560390584067, 0.7476217532772511
-34.77009780849407, 58.51143351431042, 0.8124560390584067, 0.7476217532772511
-34.76165910446139, 58.57903450483274, 0.8124560390584067, 0.7476217532772511
-34.75333134797622, 58.646645019135256, 0.8124560390584067, 0.7476217532772511
-34.74504255263101, 58.7142388651672, 0.8124560390584067, 0.7476217532772511
-34.73672073201822, 58.781789850877665, 0.8124560390584067, 0.7476217532772511
-34.728293899730275, 58.84927178421582, 0.8124560390584067, 0.7476217532772511
-34.71969006935962, 58.91665847313087, 0.8124560390584067, 0.7476217532772511
-34.71083725449872, 58.98392372557188, 0.8124560390584067, 0.7476217532772511
-34.70166346873999, 59.05104134948806, 0.8124560390584067, 0.7476217532772511
-34.69209672567588, 59.11798515282849, 0.8124560390584067, 0.7476217532772511
-34.68206503889886, 59.18472894354238, 0.8124560390584067, 0.7476217532772511
-34.67149642200134, 59.251246529578886, 0.8124560390584067, 0.7476217532772511
-34.66031888857579, 59.31751171888712, 0.8124560390584067, 0.7476217532772511
-34.64846045221464, 59.383498319416276, 0.8124560390584067, 0.7476217532772511
-34.635849126510344, 59.44918013911544, 0.8124560390584067, 0.7476217532772511
-34.622412925055336, 59.514530985933774, 0.8124560390584067, 0.7476217532772511
-34.608079861442064, 59.57952466782051, 0.8124560390584067, 0.7476217532772511
-34.59277794926298, 59.6441349927247, 0.8124560390584067, 0.7476217532772511
-34.57643520211051, 59.708335768595546, 0.8124560390584067, 0.7476217532772511
-34.55897963357712, 59.772100803382166, 0.8124560390584067, 0.7476217532772511
-34.54033925725524, 59.83540390503373, 0.8124560390584067, 0.7476217532772511
-34.52044208673731, 59.898218881499396, 0.8124560390584067, 0.7476217532772511
-34.4992161356158, 59.96051954072829, 0.8124560390584067, 0.7476217532772511
-34.47658941748312, 60.02227969066955, 0.8124560390584067, 0.7476217532772511
-34.452489945931724, 60.0834731392724, 0.8124560390584067, 0.7476217532772511
-34.42684573455408, 60.144073694485876, 0.8124560390584067, 0.7476217532772511
-34.39958479694259, 60.204055164259245, 0.8124560390584067, 0.7476217532772511
-34.37064709482758, 60.26339417133845, 0.8124560390584067, 0.7476217532772511
-34.34005823021139, 60.32208751399607, 0.8124560390584067, 0.7476217532772511
-34.30788117114319, 60.38014079336863, 0.8124560390584067, 0.7476217532772511
-34.27417904117507, 60.43755964722667, 0.8124560390584067, 0.7476217532772511
-34.23901496385909, 60.49434971334086, 0.8124560390584067, 0.7476217532772511
-34.20245206274736, 60.55051662948175, 0.8124560390584067, 0.7476217532772511
-34.16455346139193, 60.60606603341994, 0.8124560390584067, 0.7476217532772511
-34.125382283344884, 60.66100356292611, 0.8124560390584067, 0.7476217532772511
-34.08500165215829, 60.71533485577075, 0.8124560390584067, 0.7476217532772511
-34.043474691384205, 60.76906554972454, 0.8124560390584067, 0.7476217532772511
-34.000864524574766, 60.82220128255803, 0.8124560390584067, 0.7476217532772511
-33.95723425194509, 60.874747646916155, 0.8124560390584067, 0.7476217532772511
-33.91263489687267, 60.9266868829134, 0.8124560390584067, 0.7476217532772511
-33.867085702001766, 60.977939777446004, 0.8124560390584067, 0.7476217532772511
-33.82060074424806, 61.02841712863385, 0.8124560390584067, 0.7476217532772511
-33.77319410052736, 61.078029734596754, 0.8124560390584067, 0.7476217532772511
-33.72487984775539, 61.1266883934546, 0.8124560390584067, 0.7476217532772511
-33.67567206284784, 61.17430390332728, 0.8124560390584067, 0.7476217532772511
-33.62558482272054, 61.2207870623346, 0.8124560390584067, 0.7476217532772511
-33.57463220428915, 61.26604866859647, 0.8124560390584067, 0.7476217532772511
-33.52282828446951, 61.3099995202327, 0.8124560390584067, 0.7476217532772511
-33.47018801679801, 61.35255716216134, 0.8124560390584067, 0.7476217532772511
-33.41673715519713, 61.39372226307828, 0.8124560390584067, 0.7476217532772511
-33.36250872244431, 61.433551435483054, 0.8124560390584067, 0.7476217532772511
-33.30753587672805, 61.472102334050085, 0.8124560390584067, 0.7476217532772511
-33.25185177623698, 61.5094326134537, 0.8124560390584067, 0.7476217532772511
-33.19548957915964, 61.545599928368304, 0.8124560390584067, 0.7476217532772511
-33.13848244368456, 61.58066193346829, 0.8124560390584067, 0.7476217532772511
-33.080863528000364, 61.61467628342799, 0.8124560390584067, 0.7476217532772511
-33.02266599029556, 61.64770063292184, 0.8124560390584067, 0.7476217532772511
-32.96392298875879, 61.67979263662415, 0.8124560390584067, 0.7476217532772511
-32.90466768157858, 61.71100994920934, 0.8124560390584067, 0.7476217532772511
-32.84493322694346, 61.74141022535179, 0.8124560390584067, 0.7476217532772511
-32.784752783042066, 61.77105111972584, 0.8124560390584067, 0.7476217532772511
-32.7241595080629, 61.7999902870059, 0.8124560390584067, 0.7476217532772511
-32.663186560194596, 61.82828538186631, 0.8124560390584067, 0.7476217532772511
-32.60186709762569, 61.85599405898146, 0.8124560390584067, 0.7476217532772511
-32.5402342785447, 61.88317397302576, 0.8124560390584067, 0.7476217532772511
-32.47832126114029, 61.90988277867356, 0.8124560390584067, 0.7476217532772511
-32.416161203600936, 61.936178130599224, 0.8124560390584067, 0.7476217532772511
-32.35378726411527, 61.962117683477146, 0.8124560390584067, 0.7476217532772511
-32.291232600871844, 61.987759091981694, 0.8124560390584067, 0.7476217532772511
-32.22853037205916, 62.01316001078723, 0.8124560390584067, 0.7476217532772511
-32.16571373586589, 62.038378094568166, 0.8124560390584067, 0.7476217532772511
-32.10281585048052, 62.06347099799886, 0.8124560390584067, 0.7476217532772511
-32.03986987409168, 62.08849637575368, 0.8124560390584067, 0.7476217532772511
-31.976908964887894, 62.113511882507005, 0.8124560390584067, 0.7476217532772511
-31.91396628105771, 62.13857517293322, 0.8124560390584067, 0.7476217532772511
-31.85107498078976, 62.1637439017067, 0.8124560390584067, 0.7476217532772511
-31.78826822227254, 62.18907572350182, 0.8124560390584067, 0.7476217532772511
-31.72557916369468, 62.214628292992934, 0.8124560390584067, 0.7476217532772511
-31.663040963244722, 62.24045926485445, 0.8124560390584067, 0.7476217532772511
-31.6006867791112, 62.26662629376074, 0.8124560390584067, 0.7476217532772511
-31.538549769482735, 62.293187034386136, 0.8124560390584067, 0.7476217532772511
-31.476663092547867, 62.32019914140506, 0.8124560390584067, 0.7476217532772511
-31.41505990649514, 62.34772026949189, 0.8124560390584067, 0.7476217532772511
-31.35377336951318, 62.375808073321, 0.8124560390584067, 0.7476217532772511
-31.29283663979049, 62.40452020756675, 0.8124560390584067, 0.7476217532772511
-31.232282875515693, 62.4339143269035, 0.8124560390584067, 0.7476217532772511
-31.172145234877345, 62.46404808600567, 0.8124560390584067, 0.7476217532772511
-31.11245549320152, 62.49497605624401, 0.8124560390584067, 0.7476217532772511
-31.053228068536885, 62.52671410828047, 0.8124560390584067, 0.7476217532772511
-30.994465540529028, 62.559251717244486, 0.8124560390584067, 0.7476217532772511
-30.936170260654666, 62.59257784952767, 0.8124560390584067, 0.7476217532772511
-30.878344580390465, 62.62668147152176, 0.8124560390584067, 0.7476217532772511
-30.82099085121301, 62.661551549618416, 0.8124560390584067, 0.7476217532772511
-30.76411142459906, 62.69717705020932, 0.8124560390584067, 0.7476217532772511
-30.70770865202521, 62.73354693968617, 0.8124560390584067, 0.7476217532772511
-30.651784884968187, 62.77065018444063, 0.8124560390584067, 0.7476217532772511
-30.596342474904624, 62.80847575086439, 0.8124560390584067, 0.7476217532772511
-30.541383773311154, 62.84701260534914, 0.8124560390584067, 0.7476217532772511
-30.48691113166451, 62.886249714286556, 0.8124560390584067, 0.7476217532772511
-30.43292690144128, 62.92617604406832, 0.8124560390584067, 0.7476217532772511
-30.379433434118198, 62.966780561086104, 0.8124560390584067, 0.7476217532772511
-30.326433081171906, 63.00805223173162, 0.8124560390584067, 0.7476217532772511
-30.27392819407903, 63.04998002239655, 0.8124560390584067, 0.7476217532772511
-30.2219211243163, 63.09255289947254, 0.8124560390584067, 0.7476217532772511
-30.17041422336032, 63.13575982935133, 0.8124560390584067, 0.7476217532772511
-30.11940984268781, 63.17958977842453, 0.8124560390584067, 0.7476217532772511
-30.068910333775406, 63.22403171308386, 0.8124560390584067, 0.7476217532772511
-30.018918048099742, 63.26907459972102, 0.8124560390584067, 0.7476217532772511
-29.969435337137536, 63.314707404727656, 0.8124560390584067, 0.7476217532772511
-29.920464552365416, 63.360919094495515, 0.8124560390584067, 0.7476217532772511
-29.87200804526008, 63.40769863541621, 0.8124560390584067, 0.7476217532772511
-29.824068167298186, 63.45503499388144, 0.8124560390584067, 0.7476217532772511
-29.776647269956353, 63.502917136282925, 0.8124560390584067, 0.7476217532772511
-29.7297477047113, 63.5513340290123, 0.8124560390584067, 0.7476217532772511
-29.683371823039653, 63.6002746384613, 0.8124560390584067, 0.7476217532772511
-29.63752197641812, 63.64972793102154, 0.8124560390584067, 0.7476217532772511
-29.59220051632334, 63.69968287308476, 0.8124560390584067, 0.7476217532772511
-29.547409794231953, 63.75012843104263, 0.8124560390584067, 0.7476217532772511
-29.50315216162067, 63.8010535712868, 0.8124560390584067, 0.7476217532772511
-29.459429969966116, 63.85244726020902, 0.8124560390584067, 0.7476217532772511
-29.416245570744998, 63.904298464200906, 0.8124560390584067, 0.7476217532772511
-29.37360131543396, 63.956596149654175, 0.8124560390584067, 0.7476217532772511
-29.331499555509634, 64.00932928296051, 0.8124560390584067, 0.7476217532772511
-29.289942642448743, 64.06248683051157, 0.8124560390584067, 0.7476217532772511
-29.248932927727896, 64.11605775869909, 0.8124560390584067, 0.7476217532772511
-29.20847276282381, 64.1700310339147, 0.8124560390584067, 0.7476217532772511
-29.16856449921312, 64.22439562255005, 0.8124560390584067, 0.7476217532772511
-29.129210488372475, 64.27914049099694, 0.8124560390584067, 0.7476217532772511
-29.090413081778586, 64.33425460564696, 0.8124560390584067, 0.7476217532772511
-29.052174630908063, 64.38972693289183, 0.8124560390584067, 0.7476217532772511
-29.01449748723763, 64.44554643912322, 0.8124560390584067, 0.7476217532772511
-28.977384002243912, 64.50170209073279, 0.8124560390584067, 0.7476217532772511
-28.94083652740357, 64.5581828541123, 0.8124560390584067, 0.7476217532772511
-28.904857414193298, 64.61497769565334, 0.8124560390584067, 0.7476217532772511
-28.86944901408972, 64.67207558174766, 0.8124560390584067, 0.7476217532772511
-28.834613526205324, 64.72946556796495, 0.8124560390584067, 0.7476217532772511
-28.80034842179375, 64.78713947706781, 0.8124560390584067, 0.7476217532772511
-28.766645644317695, 64.84509236720824, 0.8124560390584067, 0.7476217532772511
-28.733496823662787, 64.90331948007324, 0.8124560390584067, 0.7476217532772511
-28.700893589714617, 64.96181605734994, 0.8124560390584067, 0.7476217532772511
-28.668827572358794, 65.02057734072544, 0.8124560390584067, 0.7476217532772511
-28.637290401480936, 65.07959857188679, 0.8124560390584067, 0.7476217532772511
-28.606273706966622, 65.13887499252114, 0.8124560390584067, 0.7476217532772511
-28.575769118701494, 65.19840184431553, 0.8124560390584067, 0.7476217532772511
-28.54576826657115, 65.25817436895704, 0.8124560390584067, 0.7476217532772511
-28.516262780461172, 65.31818780813283, 0.8124560390584067, 0.7476217532772511
-28.487244290257184, 65.3784374035299, 0.8124560390584067, 0.7476217532772511
-28.458704425844793, 65.43891839683542, 0.8124560390584067, 0.7476217532772511
-28.43063481710961, 65.49962602973642, 0.8124560390584067, 0.7476217532772511
-28.40302709393723, 65.56055554392, 0.8124560390584067, 0.7476217532772511
-28.37587288621325, 65.6217021810733, 0.8124560390584067, 0.7476217532772511
-28.349163823823307, 65.68306118288332, 0.8124560390584067, 0.7476217532772511
-28.322891536652982, 65.74462779103727, 0.8124560390584067, 0.7476217532772511
-28.297047654587903, 65.80639724722211, 0.8124560390584067, 0.7476217532772511
-28.271623807513652, 65.868364793125, 0.8124560390584067, 0.7476217532772511
-28.24661162531584, 65.93052567043304, 0.8124560390584067, 0.7476217532772511
-28.222002737880093, 65.99287512083326, 0.8124560390584067, 0.7476217532772511
-28.19778877509199, 66.05540838601283, 0.8124560390584067, 0.7476217532772511
-28.173961366837165, 66.11812070765876, 0.8124560390584067, 0.7476217532772511
-28.15051214300121, 66.18100732745819, 0.8124560390584067, 0.7476217532772511
-28.12743273346973, 66.24406348709823, 0.8124560390584067, 0.7476217532772511
-28.104714768128332, 66.30728442826587, 0.8124560390584067, 0.7476217532772511
-28.082349876862615, 66.37066539264832, 0.8124560390584067, 0.7476217532772511
-28.060329689558202, 66.43420162193259, 0.8124560390584067, 0.7476217532772511
-28.0386458361007, 66.49788835780576, 0.8124560390584067, 0.7476217532772511
-28.01728994637569, 66.56172084195502, 0.8124560390584067, 0.7476217532772511
-27.996253650268823, 66.62569431606738, 0.8124560390584067, 0.7476217532772511
-27.97552857766565, 66.68980402182993, 0.8124560390584067, 0.7476217532772511
-27.95510635845182, 66.75404520092974, 0.8124560390584067, 0.7476217532772511
-27.93497862251293, 66.81841309505397, 0.8124560390584067, 0.7476217532772511
-27.915136999734557, 66.88290294588965, 0.8124560390584067, 0.7476217532772511
-27.89557312000235, 66.94750999512391, 0.8124560390584067, 0.7476217532772511
-27.876278613201883, 67.01222948444381, 0.8124560390584067, 0.7476217532772511
-27.857245109218788, 67.07705665553642, 0.8124560390584067, 0.7476217532772511
-27.838464237938663, 67.14198675008889, 0.8124560390584067, 0.7476217532772511
-27.81992762924709, 67.20701500978828, 0.8124560390584067, 0.7476217532772511
-27.801626913029722, 67.27213667632167, 0.8124560390584067, 0.7476217532772511
-27.78355371917212, 67.33734699137617, 0.8124560390584067, 0.7476217532772511
-27.765699677559915, 67.40264119663881, 0.8124560390584067, 0.7476217532772511
-27.74805641807871, 67.46801453379676, 0.8124560390584067, 0.7476217532772511
-27.730615570614113, 67.5334622445371, 0.8124560390584067, 0.7476217532772511
-27.71336876505172, 67.59897957054685, 0.8124560390584067, 0.7476217532772511
-27.696307631277143, 67.66456175351318, 0.8124560390584067, 0.7476217532772511
-27.679423799175993, 67.73020403512312, 0.8124560390584067, 0.7476217532772511
-27.662708898633877, 67.79590165706377, 0.8124560390584067, 0.7476217532772511
-27.646154559536388, 67.86164986102226, 0.8124560390584067, 0.7476217532772511
-27.629752411769147, 67.92744388868563, 0.8124560390584067, 0.7476217532772511
-27.613494085217752, 67.99327898174101, 0.8124560390584067, 0.7476217532772511
-27.597371209767815, 68.05915038187545, 0.8124560390584067, 0.7476217532772511
-27.581375415304944, 68.12505333077607, 0.8124560390584067, 0.7476217532772511
-27.565498331714732, 68.19098307012997, 0.8124560390584067, 0.7476217532772511
-27.5497315888828, 68.2569348416242, 0.8124560390584067, 0.7476217532772511
-27.534066816694743, 68.32290388694584, 0.8124560390584067, 0.7476217532772511
-27.51849564503618, 68.38888544778207, 0.8124560390584067, 0.7476217532772511
-27.503009703792706, 68.45487476581987, 0.8124560390584067, 0.7476217532772511
-27.48760062284993, 68.5208670827464, 0.8124560390584067, 0.7476217532772511
-27.47226005431526, 68.58685765428166, 0.8124560390584067, 0.7476217532772511
-27.456982149555742, 68.65284331441327, 0.8124560390584067, 0.7476217532772511
-27.441765815108432, 68.71882389999057, 0.8124560390584067, 0.7476217532772511
-27.426610490313116, 68.78479958432447, 0.8124560390584067, 0.7476217532772511
-27.411515614509558, 68.85077054072613, 0.8124560390584067, 0.7476217532772511
-27.39648062703754, 68.91673694250642, 0.8124560390584067, 0.7476217532772511
-27.38150496723683, 68.98269896297644, 0.8124560390584067, 0.7476217532772511
-27.366588074447204, 69.04865677544726, 0.8124560390584067, 0.7476217532772511
-27.35172938800844, 69.1146105532298, 0.8124560390584067, 0.7476217532772511
-27.33692834726029, 69.1805604696351, 0.8124560390584067, 0.7476217532772511
-27.322184391542557, 69.24650669797418, 0.8124560390584067, 0.7476217532772511
-27.30749696019501, 69.31244941155808, 0.8124560390584067, 0.7476217532772511
-27.2928654925574, 69.37838878369783, 0.8124560390584067, 0.7476217532772511
-27.278289427969526, 69.4443249877044, 0.8124560390584067, 0.7476217532772511
-27.263768205771147, 69.51025819688887, 0.8124560390584067, 0.7476217532772511
-27.24930126530204, 69.57618858456217, 0.8124560390584067, 0.7476217532772511
-27.234888045901993, 69.64211632403541, 0.8124560390584067, 0.7476217532772511
-27.220527986910753, 69.7080415886196, 0.8124560390584067, 0.7476217532772511
-27.20622052766812, 69.77396455162568, 0.8124560390584067, 0.7476217532772511
-27.191965107513838, 69.83988538636474, 0.8124560390584067, 0.7476217532772511
-27.177761165787718, 69.90580426614775, 0.8124560390584067, 0.7476217532772511
-27.163608141829506, 69.97172136428576, 0.8124560390584067, 0.7476217532772511
-27.149505474978977, 70.03763685408981, 0.8124560390584067, 0.7476217532772511
-27.13545260457592, 70.10355090887084, 0.8124560390584067, 0.7476217532772511
-27.121448969960095, 70.16946370193999, 0.8124560390584067, 0.7476217532772511
-27.10749401047129, 70.23537540660813, 0.8124560390584067, 0.7476217532772511
-27.093587165449268, 70.3012861961864, 0.8124560390584067, 0.7476217532772511
-27.079727874233807, 70.36719624398579, 0.8124560390584067, 0.7476217532772511
-27.06591557616467, 70.43310572331723, 0.8124560390584067, 0.7476217532772511
-27.052149710581638, 70.49901480749189, 0.8124560390584067, 0.7476217532772511
-27.038429716824492, 70.56492366982066, 0.8124560390584067, 0.7476217532772511
-27.024755034233, 70.63083248361458, 0.8124560390584067, 0.7476217532772511
-27.011125102146934, 70.69674142218477, 0.8124560390584067, 0.7476217532772511
-26.997539359906074, 70.76265065884212, 0.8124560390584067, 0.7476217532772511
-26.983997246850183, 70.82856036689773, 0.8124560390584067, 0.7476217532772511
-26.970498202319046, 70.89447071966258, 0.8124560390584067, 0.7476217532772511
-26.95704166565243, 70.96038189044768, 0.8124560390584067, 0.7476217532772511
-26.943627076190108, 71.0262940525641, 0.8124560390584067, 0.7476217532772511
-26.930253873271866, 71.09220737932279, 0.8124560390584067, 0.7476217532772511
-26.91692149623746, 71.15812204403485, 0.8124560390584067, 0.7476217532772511
-26.903629384426676, 71.22403822001118, 0.8124560390584067, 0.7476217532772511
-26.89037697717928, 71.2899560805629, 0.8124560390584067, 0.7476217532772511
-26.877163713835046, 71.35587579900103, 0.8124560390584067, 0.7476217532772511
-26.86398903373376, 71.42179754863652, 0.8124560390584067, 0.7476217532772511
-26.850852376215173, 71.48772150278046, 0.8124560390584067, 0.7476217532772511
-26.83775318061909, 71.55364783474378, 0.8124560390584067, 0.7476217532772511
-26.82469088628526, 71.61957671783756, 0.8124560390584067, 0.7476217532772511
-26.811664932553462, 71.68550832537287, 0.8124560390584067, 0.7476217532772511
-26.79867475876347, 71.75144283066058, 0.8124560390584067, 0.7476217532772511
-26.785719804255063, 71.81738040701188, 0.8124560390584067, 0.7476217532772511
-26.77279950836802, 71.88332122773765, 0.8124560390584067, 0.7476217532772511
-26.7599133104421, 71.94926546614894, 0.8124560390584067, 0.7476217532772511
-26.747060649817076, 72.01521329555688, 0.8124560390584067, 0.7476217532772511
-26.73424096583274, 72.08116488927232, 0.8124560390584067, 0.7476217532772511
-26.72145369782885, 72.14712042060636, 0.8124560390584067, 0.7476217532772511
-26.70869828514518, 72.21308006287005, 0.8124560390584067, 0.7476217532772511
-26.695974167121513, 72.27904398937434, 0.8124560390584067, 0.7476217532772511
-26.68328078309761, 72.34501237343031, 0.8124560390584067, 0.7476217532772511
-26.670617572413274, 72.41098538834895, 0.8124560390584067, 0.7476217532772511
-26.657983974408243, 72.47696320744126, 0.8124560390584067, 0.7476217532772511
-26.645379428422306, 72.54294600401832, 0.8124560390584067, 0.7476217532772511
-26.632803373795234, 72.60893395139104, 0.8124560390584067, 0.7476217532772511
-26.620255249866805, 72.67492722287056, 0.8124560390584067, 0.7476217532772511
-26.60773449597679, 72.7409259917678, 0.8124560390584067, 0.7476217532772511
-26.595240551464972, 72.80693043139384, 0.8124560390584067, 0.7476217532772511
-26.582772855671102, 72.87294071505968, 0.8124560390584067, 0.7476217532772511
-26.570330847934972, 72.9389570160763, 0.8124560390584067, 0.7476217532772511
-26.55791396759636, 73.00497950775483, 0.8124560390584067, 0.7476217532772511
-26.545521653995024, 73.07100836340616, 0.8124560390584067, 0.7476217532772511
-26.533153346470744, 73.13704375634134, 0.8124560390584067, 0.7476217532772511
-26.520808484363304, 73.20308585987148, 0.8124560390584067, 0.7476217532772511
-26.508486507012464, 73.26913484730748, 0.8124560390584067, 0.7476217532772511
-26.496186853757997, 73.33519089196044, 0.8124560390584067, 0.7476217532772511
-26.48390896393969, 73.40125416714129, 0.8124560390584067, 0.7476217532772511
-26.47165227689731, 73.46732484616112, 0.8124560390584067, 0.7476217532772511
-26.459416231970614, 73.53340310233095, 0.8124560390584067, 0.7476217532772511
-26.447200268499422, 73.59948910896178, 0.8124560390584067, 0.7476217532772511
-26.435003825823447, 73.66558303936465, 0.8124560390584067, 0.7476217532772511
-26.42282634328251, 73.73168506685049, 0.8124560390584067, 0.7476217532772511
-26.41066726021637, 73.79779536473042, 0.8124560390584067, 0.7476217532772511
-26.398526015964784, 73.86391410631543, 0.8124560390584067, 0.7476217532772511
-26.38640204986755, 73.93004146491653, 0.8124560390584067, 0.7476217532772511
-26.37429480126443, 73.99617761384475, 0.8124560390584067, 0.7476217532772511
-26.3622037094952, 74.06232272641107, 0.8124560390584067, 0.7476217532772511
-26.350128213899644, 74.12847697592653, 0.8124560390584067, 0.7476217532772511
-26.33806775381751, 74.19464053570218, 0.8124560390584067, 0.7476217532772511
-26.326021768635204, 74.26081357903317, 0.8124560390584067, 0.7476217532772511
-26.313989856985465, 74.32699622510324, 0.8124560390584067, 0.7476217532772511
-26.301972132707213, 74.39318841803056, 0.8124560390584067, 0.7476217532772511
-26.289968813640247, 74.45939006659412, 0.8124560390584067, 0.7476217532772511
-26.27798011762435, 74.52560107957297, 0.8124560390584067, 0.7476217532772511
-26.266006262499346, 74.591821365746, 0.8124560390584067, 0.7476217532772511
-26.254047466105014, 74.65805083389229, 0.8124560390584067, 0.7476217532772511
-26.242103946281173, 74.72428939279077, 0.8124560390584067, 0.7476217532772511
-26.230175920867612, 74.79053695122043, 0.8124560390584067, 0.7476217532772511
-26.21826360770412, 74.85679341796032, 0.8124560390584067, 0.7476217532772511
-26.206367224630522, 74.92305870178937, 0.8124560390584067, 0.7476217532772511
-26.194486989486595, 74.98933271148661, 0.8124560390584067, 0.7476217532772511
-26.182623120112158, 75.055615355831, 0.8124560390584067, 0.7476217532772511
-26.170775834346994, 75.1219065436015, 0.8124560390584067, 0.7476217532772511
-26.158945350030898, 75.18820618357718, 0.8124560390584067, 0.7476217532772511
-26.14713188500369, 75.25451418453696, 0.8124560390584067, 0.7476217532772511
-26.13533565710516, 75.32083045525992, 0.8124560390584067, 0.7476217532772511
-26.123556884175105, 75.3871549045249, 0.8124560390584067, 0.7476217532772511
-26.111795784053335, 75.45348744111102, 0.8124560390584067, 0.7476217532772511
-26.100052574579635, 75.51982797379725, 0.8124560390584067, 0.7476217532772511
-26.08832747359381, 75.58617641136252, 0.8124560390584067, 0.7476217532772511
-26.07662069893566, 75.65253266258587, 0.8124560390584067, 0.7476217532772511
-26.064932468444997, 75.71889663624628, 0.8124560390584067, 0.7476217532772511
-26.053262999961607, 75.78526824112271, 0.8124560390584067, 0.7476217532772511
-26.04161251132528, 75.85164738599421, 0.8124560390584067, 0.7476217532772511
-26.029981220375838, 75.9180339796397, 0.8124560390584067, 0.7476217532772511
-26.018369344953076, 75.98442793083822, 0.8124560390584067, 0.7476217532772511
-26.00677710289678, 76.05082914836876, 0.8124560390584067, 0.7476217532772511
-25.995204712046753, 76.11723754101025, 0.8124560390584067, 0.7476217532772511
-25.983652390242803, 76.18365301754179, 0.8124560390584067, 0.7476217532772511
-25.972120355324737, 76.25007548674226, 0.8124560390584067, 0.7476217532772511
-25.960608825132333, 76.31650485739067, 0.8124560390584067, 0.7476217532772511
-25.949118017505405, 76.38294103826608, 0.8124560390584067, 0.7476217532772511
-25.93764815028375, 76.44938393814739, 0.8124560390584067, 0.7476217532772511
-25.926199441307162, 76.51583346581367, 0.8124560390584067, 0.7476217532772511
-25.91477210841545, 76.58228953004384, 0.8124560390584067, 0.7476217532772511
-25.90336636944841, 76.64875203961691, 0.8124560390584067, 0.7476217532772511
-25.89198244224584, 76.71522090331194, 0.8124560390584067, 0.7476217532772511
-25.880620544647538, 76.78169602990778, 0.8124560390584067, 0.7476217532772511
-25.86928089449331, 76.8481773281836, 0.8124560390584067, 0.7476217532772511
-25.857963709622958, 76.91466470691822, 0.8124560390584067, 0.7476217532772511
-25.84666920787626, 76.98115807489066, 0.8124560390584067, 0.7476217532772511
-25.83539760709304, 77.04765734088002, 0.8124560390584067, 0.7476217532772511
-25.824149125113088, 77.11416241366517, 0.8124560390584067, 0.7476217532772511
-25.812923979776198, 77.18067320202518, 0.8124560390584067, 0.7476217532772511
-25.801722388922187, 77.24718961473899, 0.8124560390584067, 0.7476217532772511
-25.790544570390843, 77.3137115605856, 0.8124560390584067, 0.7476217532772511
-25.779390742021967, 77.38023894834406, 0.8124560390584067, 0.7476217532772511
-25.768261121655353, 77.44677168679324, 0.8124560390584067, 0.7476217532772511
-25.7571559271308, 77.51330968471224, 0.8124560390584067, 0.7476217532772511
-25.746075376288125, 77.57985285087997, 0.8124560390584067, 0.7476217532772511
-25.735019686967114, 77.64640109407546, 0.8124560390584067, 0.7476217532772511
-25.723989077007563, 77.71295432307771, 0.8124560390584067, 0.7476217532772511
-25.71298376424928, 77.77951244666568, 0.8124560390584067, 0.7476217532772511
-25.702003966532068, 77.84607537361842, 0.8124560390584067, 0.7476217532772511
-25.69104990169572, 77.91264301271481, 0.8124560390584067, 0.7476217532772511
-25.680121787580035, 77.97921527273391, 0.8124560390584067, 0.7476217532772511
-25.66921984202481, 78.04579206245477, 0.8124560390584067, 0.7476217532772511
-25.65834428286985, 78.11237329065622, 0.8124560390584067, 0.7476217532772511
-25.647495327954957, 78.17895886611743, 0.8124560390584067, 0.7476217532772511
-25.636673195119926, 78.24554869761722, 0.8124560390584067, 0.7476217532772511
-25.625878102204556, 78.31214269393469, 0.8124560390584067, 0.7476217532772511
-25.615110267048646, 78.37874076384881, 0.8124560390584067, 0.7476217532772511
-25.604369907492007, 78.44534281613856, 0.8124560390584067, 0.7476217532772511
-25.59365724137442, 78.51194875958294, 0.8124560390584067, 0.7476217532772511
-25.582972486535702, 78.5785585029609, 0.8124560390584067, 0.7476217532772511
-25.572315860815642, 78.64517195505147, 0.8124560390584067, 0.7476217532772511
-25.56168758205404, 78.71178902463365, 0.8124560390584067, 0.7476217532772511
-25.55108786809071, 78.77840962048639, 0.8124560390584067, 0.7476217532772511
-25.540516936765425, 78.8450336513887, 0.8124560390584067, 0.7476217532772511
-25.529975005918004, 78.91166102611956, 0.8124560390584067, 0.7476217532772511
-25.519462293388255, 78.97829165345797, 0.8124560390584067, 0.7476217532772511
-25.508979017015946, 79.04492544218294, 0.8124560390584067, 0.7476217532772511
-25.49852539464091, 79.11156230107342, 0.8124560390584067, 0.7476217532772511
-25.488101644102922, 79.17820213890842, 0.8124560390584067, 0.7476217532772511
-25.477707983241803, 79.2448448644669, 0.8124560390584067, 0.7476217532772511
-25.467344629897333, 79.3114903865279, 0.8124560390584067, 0.7476217532772511
-25.457011801909324, 79.3781386138704, 0.8124560390584067, 0.7476217532772511
-25.446709717117578, 79.44478945527335, 0.8124560390584067, 0.7476217532772511
-25.436438593361874, 79.51144281951579, 0.8124560390584067, 0.7476217532772511
-25.426198648482043, 79.57809861537663, 0.8124560390584067, 0.7476217532772511
-25.415990100317863, 79.64475675163497, 0.8124560390584067, 0.7476217532772511
-25.405813166709134, 79.71141713706973, 0.8124560390584067, 0.7476217532772511
-25.39566806549566, 79.7780796804599, 0.8124560390584067, 0.7476217532772511
-25.385555014517248, 79.84474429058446, 0.8124560390584067, 0.7476217532772511
-25.37547423161368, 79.91141087622248, 0.8124560390584067, 0.7476217532772511
-25.365425934624774, 79.97807934615284, 0.8124560390584067, 0.7476217532772511
-25.355410341390325, 80.04474960915462, 0.8124560390584067, 0.7476217532772511
-25.34542766975013, 80.11142157400676, 0.8124560390584067, 0.7476217532772511
-25.33547813754398, 80.17809514948821, 0.8124560390584067, 0.7476217532772511
-25.325561962611694, 80.24477024437812, 0.8124560390584067, 0.7476217532772511
-25.315679362793055, 80.31144676745527, 0.8124560390584067, 0.7476217532772511
-25.30583055592786, 80.3781246274988, 0.8124560390584067, 0.7476217532772511
-25.296015759855926, 80.44480373328761, 0.8124560390584067, 0.7476217532772511
-25.286235192417042, 80.51148399360073, 0.8124560390584067, 0.7476217532772511
-25.276489071451014, 80.57816531721721, 0.8124560390584067, 0.7476217532772511
-25.26677761479763, 80.64484761291591, 0.8124560390584067, 0.7476217532772511
-25.257101040296696, 80.71153078947594, 0.8124560390584067, 0.7476217532772511
-25.24745956578802, 80.7782147556762, 0.8124560390584067, 0.7476217532772511
-25.237853409111395, 80.84489942029572, 0.8124560390584067, 0.7476217532772511
-25.228282788106608, 80.91158469211352, 0.8124560390584067, 0.7476217532772511
-25.218747920613488, 80.97827047990853, 0.8124560390584067, 0.7476217532772511
-25.2092490244718, 81.04495669245978, 0.8124560390584067, 0.7476217532772511
-25.199786317521365, 81.11164323854622, 0.8124560390584067, 0.7476217532772511
-25.190360017601982, 81.17833002694687, 0.8124560390584067, 0.7476217532772511
-25.180970342553444, 81.24501696644074, 0.8124560390584067, 0.7476217532772511
-25.17161753249436, 81.31170397234239, 0.8124560390584067, 0.7476217532772511
-25.162302454535737, 81.37839114389887, 0.8124560390584067, 0.7476217532772511
-25.153026673931763, 81.44507878516195, 0.8124560390584067, 0.7476217532772511
-25.143791792497133, 81.5117672109088, 0.8124560390584067, 0.7476217532772511
-25.134599412046544, 81.57845673591655, 0.8124560390584067, 0.7476217532772511
-25.125451134394716, 81.64514767496229, 0.8124560390584067, 0.7476217532772511
-25.11634856135632, 81.71184034282317, 0.8124560390584067, 0.7476217532772511
-25.107293294746107, 81.7785350542763, 0.8124560390584067, 0.7476217532772511
-25.09828693637873, 81.84523212409873, 0.8124560390584067, 0.7476217532772511
-25.089331088068924, 81.91193186706779, 0.8124560390584067, 0.7476217532772511
-25.080427351631386, 81.97863459796035, 0.8124560390584067, 0.7476217532772511
-25.071577328880807, 82.04534063155373, 0.8124560390584067, 0.7476217532772511
-25.062782621631904, 82.11205028262493, 0.8124560390584067, 0.7476217532772511
-25.05404483169937, 82.1787638659511, 0.8124560390584067, 0.7476217532772511
-25.045365560897906, 82.24548169630945, 0.8124560390584067, 0.7476217532772511
-25.03674641104223, 82.31220408847697, 0.8124560390584067, 0.7476217532772511
-25.028188983947025, 82.37893135723087, 0.8124560390584067, 0.7476217532772511
-25.01969488142701, 82.44566381734826, 0.8124560390584067, 0.7476217532772511
-25.011265705296875, 82.51240178360621, 0.8124560390584067, 0.7476217532772511
-25.002903057371338, 82.57914557078192, 0.8124560390584067, 0.7476217532772511
-24.994608539465087, 82.64589549365243, 0.8124560390584067, 0.7476217532772511
-24.986383753392836, 82.71265186699499, 0.8124560390584067, 0.7476217532772511
-24.978230300969273, 82.77941500558656, 0.8124560390584067, 0.7476217532772511
-24.970149784009113, 82.84618522420435, 0.8124560390584067, 0.7476217532772511
-24.962143804327052, 82.91296283762551, 0.8124560390584067, 0.7476217532772511
-24.95421396373781, 82.97974816062711, 0.8124560390584067, 0.7476217532772511
-24.946361864056072, 83.04654150798635, 0.8124560390584067, 0.7476217532772511
-24.938589107096536, 83.1133431944802, 0.8124560390584067, 0.7476217532772511
-24.930897294673922, 83.18015353488592, 0.8124560390584067, 0.7476217532772511
-24.923288028602922, 83.2469728439806, 0.8124560390584067, 0.7476217532772511
-24.915762910698238, 83.31380143654131, 0.8124560390584067, 0.7476217532772511
-24.908323542774585, 83.38063962734525, 0.8124560390584067, 0.7476217532772511
-24.900971526646646, 83.44748773116952, 0.8124560390584067, 0.7476217532772511
-24.893708464129144, 83.51434606279119, 0.8124560390584067, 0.7476217532772511
-24.88653595703677, 83.58121493698748, 0.8124560390584067, 0.7476217532772511
-24.879455607184223, 83.64809466853539, 0.8124560390584067, 0.7476217532772511
-24.872469016386223, 83.71498557221213, 0.8124560390584067, 0.7476217532772511
-24.865577786457454, 83.78188796279484, 0.8124560390584067, 0.7476217532772511
-24.85878351921263, 83.84880215506057, 0.8124560390584067, 0.7476217532772511
-24.852087816466437, 83.91572846378646, 0.8124560390584067, 0.7476217532772511
-24.845492280033614, 83.98266720374967, 0.8124560390584067, 0.7476217532772511
-24.83899851172883, 84.0496186897273, 0.8124560390584067, 0.7476217532772511
-24.832608113366792, 84.11658323649647, 0.8124560390584067, 0.7476217532772511
-24.826322686762214, 84.1835611588343, 0.8124560390584067, 0.7476217532772511
-24.820143833729798, 84.25055277151796, 0.8124560390584067, 0.7476217532772511
-24.81407315608424, 84.31755838932447, 0.8124560390584067, 0.7476217532772511
-24.80811225564025, 84.38457832703104, 0.8124560390584067, 0.7476217532772511
-24.802262734212523, 84.45161289941481, 0.8124560390584067, 0.7476217532772511
-24.79652619361576, 84.51866242125278, 0.8124560390584067, 0.7476217532772511
-24.79090423566468, 84.58572720732225, 0.8124560390584067, 0.7476217532772511
-24.78539846217397, 84.65280757240016, 0.8124560390584067, 0.7476217532772511
-24.78001047495834, 84.71990383126374, 0.8124560390584067, 0.7476217532772511
-24.774741875832476, 84.7870162986901, 0.8124560390584067, 0.7476217532772511
-24.7695942666111, 84.85414528945633, 0.8124560390584067, 0.7476217532772511
-24.76456924910892, 84.92129111833964, 0.8124560390584067, 0.7476217532772511
-24.759668425140628, 84.98845410011704, 0.8124560390584067, 0.7476217532772511
-24.75489339652093, 85.05563454956571, 0.8124560390584067, 0.7476217532772511
-24.750245765064516, 85.12283278146279, 0.8124560390584067, 0.7476217532772511
-24.745727124951028, 85.19004908461376, 0.8124560390584067, 0.7476217532772511
-24.741338922968424, 85.25728324645499, 0.8124560390584067, 0.7476217532772511
-24.73708247266807, 85.32453460120342, 0.8124560390584067, 0.7476217532772511
-24.732959082806353, 85.39180246676543, 0.8124560390584067, 0.7476217532772511
-24.728970062139616, 85.45908616104735, 0.8124560390584067, 0.7476217532772511
-24.725116719424275, 85.52638500195548, 0.8124560390584067, 0.7476217532772511
-24.721400363416656, 85.59369830739611, 0.8124560390584067, 0.7476217532772511
-24.717822302873177, 85.66102539527563, 0.8124560390584067, 0.7476217532772511
-24.714383846550174, 85.72836558350029, 0.8124560390584067, 0.7476217532772511
-24.71108630320404, 85.79571818997648, 0.8124560390584067, 0.7476217532772511
-24.70793098159114, 85.86308253261046, 0.8124560390584067, 0.7476217532772511
-24.70491919046785, 85.9304579293086, 0.8124560390584067, 0.7476217532772511
-24.70205223859054, 85.99784369797716, 0.8124560390584067, 0.7476217532772511
-24.699331434715578, 86.06523915652248, 0.8124560390584067, 0.7476217532772511
-24.696758087599356, 86.13264362285098, 0.8124560390584067, 0.7476217532772511
-24.69433350599823, 86.20005641486884, 0.8124560390584067, 0.7476217532772511
-24.69205899866857, 86.26747685048247, 0.8124560390584067, 0.7476217532772511
-24.689935874366753, 86.33490424759809, 0.8124560390584067, 0.7476217532772511
-24.68796544184916, 86.40233792412211, 0.8124560390584067, 0.7476217532772511
-24.686149009872146, 86.46977719796085, 0.8124560390584067, 0.7476217532772511
-24.6844878871921, 86.5372213870206, 0.8124560390584067, 0.7476217532772511
-24.682983382565393, 86.6046698092077, 0.8124560390584067, 0.7476217532772511
-24.68163680474839, 86.67212178242843, 0.8124560390584067, 0.7476217532772511
-24.680449462497467, 86.73957662458912, 0.8124560390584067, 0.7476217532772511
-24.679422664569003, 86.80703365359619, 0.8124560390584067, 0.7476217532772511
-24.678557719719358, 86.87449218735581, 0.8124560390584067, 0.7476217532772511
-24.67785593670491, 86.94195154377441, 0.8124560390584067, 0.7476217532772511
-24.677318624282037, 87.00941104075824, 0.8124560390584067, 0.7476217532772511
-24.676947091207104, 87.07686999621366, 0.8124560390584067, 0.7476217532772511
-24.67674264623649, 87.14432772804702, 0.8124560390584067, 0.7476217532772511
-24.67670659812656, 87.21178355416454, 0.8124560390584067, 0.7476217532772511
-24.676840255633696, 87.27923679247262, 0.8124560390584067, 0.7476217532772511
-24.677144927514263, 87.34668676087757, 0.8124560390584067, 0.7476217532772511
-24.67762192252464, 87.4141327772857, 0.8124560390584067, 0.7476217532772511
-24.678272549421195, 87.48157415960337, 0.8124560390584067, 0.7476217532772511
-24.679098116960304, 87.54901022573681, 0.8124560390584067, 0.7476217532772511
-24.680099933898333, 87.6164402935924, 0.8124560390584067, 0.7476217532772511
-24.681279308991662, 87.68386368107649, 0.8124560390584067, 0.7476217532772511
-24.682637550996667, 87.75127970609533, 0.8124560390584067, 0.7476217532772511
-24.6841759686697, 87.8186876865553, 0.8124560390584067, 0.7476217532772511
-24.685895870767165, 87.88608694036269, 0.8124560390584067, 0.7476217532772511
-24.6877985660454, 87.95347678542377, 0.8124560390584067, 0.7476217532772511
-24.68988536326081, 88.020856539645, 0.8124560390584067, 0.7476217532772511
-24.692157571169748, 88.08822552093257, 0.8124560390584067, 0.7476217532772511
-24.694616498528596, 88.15558304719289, 0.8124560390584067, 0.7476217532772511
-24.697263454093722, 88.22292843633218, 0.8124560390584067, 0.7476217532772511
-24.70009974662149, 88.29026100625684, 0.8124560390584067, 0.7476217532772511
-24.703126684868295, 88.3575800748732, 0.8124560390584067, 0.7476217532772511
-24.706345577590483, 88.4248849600875, 0.8124560390584067, 0.7476217532772511
-24.709757733544443, 88.49217497980614, 0.8124560390584067, 0.7476217532772511
-24.713364461486552, 88.5594494519354, 0.8124560390584067, 0.7476217532772511
-24.717167070173165, 88.62670769438157, 0.8124560390584067, 0.7476217532772511
-24.721166868360676, 88.69394902505107, 0.8124560390584067, 0.7476217532772511
-24.72536516480544, 88.7611727618501, 0.8124560390584067, 0.7476217532772511
-24.729763268263838, 88.82837822268512, 0.8124560390584067, 0.7476217532772511
-24.73436248749224, 88.89556472546231, 0.8124560390584067, 0.7476217532772511
-24.73916413124702, 88.96273158808805, 0.8124560390584067, 0.7476217532772511
-24.744169508284557, 89.02987812846872, 0.8124560390584067, 0.7476217532772511
-24.74937992908636, 89.09700366423587, 0.8124560390584067, 0.7476217532772511
-24.754797730223522, 89.16410734967353, 0.8124560390584067, 0.7476217532772511
-24.760428005406176, 89.23118790014402, 0.8124560390584067, 0.7476217532772511
-24.766276306675795, 89.29824395804614, 0.8124560390584067, 0.7476217532772511
-24.772348186073806, 89.36527416577853, 0.8124560390584067, 0.7476217532772511
-24.778649195641655, 89.43227716573982, 0.8124560390584067, 0.7476217532772511
-24.785184887420776, 89.4992516003287, 0.8124560390584067, 0.7476217532772511
-24.7919608134526, 89.56619611194384, 0.8124560390584067, 0.7476217532772511
-24.798982525778584, 89.63310934298387, 0.8124560390584067, 0.7476217532772511
-24.806255576440172, 89.69998993584755, 0.8124560390584067, 0.7476217532772511
-24.81378551747879, 89.76683653293348, 0.8124560390584067, 0.7476217532772511
-24.821577900935885, 89.83364777664033, 0.8124560390584067, 0.7476217532772511
-24.829638278852894, 89.90042230936677, 0.8124560390584067, 0.7476217532772511
-24.837972203271256, 89.96715877351147, 0.8124560390584067, 0.7476217532772511
-24.846585226232428, 90.03385581147315, 0.8124560390584067, 0.7476217532772511
-24.85548289977783, 90.1005120656504, 0.8124560390584067, 0.7476217532772511
-24.864670775948916, 90.16712617844198, 0.8124560390584067, 0.7476217532772511
-24.874154406787113, 90.23369679224643, 0.8124560390584067, 0.7476217532772511
-24.883939344333857, 90.30022254946246, 0.8124560390584067, 0.7476217532772511
-24.894031140630624, 90.36670209248888, 0.8124560390584067, 0.7476217532772511
-24.90443534771882, 90.43313406372417, 0.8124560390584067, 0.7476217532772511
-24.915157517639894, 90.4995171055671, 0.8124560390584067, 0.7476217532772511
-24.926203202435296, 90.56584986041631, 0.8124560390584067, 0.7476217532772511
-24.93757795414645, 90.63213097067045, 0.8124560390584067, 0.7476217532772511
-24.949287324814815, 90.69835907872825, 0.8124560390584067, 0.7476217532772511
-24.961336866481822, 90.76453282698833, 0.8124560390584067, 0.7476217532772511
-24.9737321311889, 90.83065085784934, 0.8124560390584067, 0.7476217532772511
-24.986478670977508, 90.89671181370998, 0.8124560390584067, 0.7476217532772511
-24.999582037889077, 90.9627143369689, 0.8124560390584067, 0.7476217532772511
-25.013047455799967, 91.02865712838191, 0.8124560390584067, 0.7476217532772511
-25.026869323067153, 91.09454081378986, 0.8124560390584067, 0.7476217532772511
-25.041029000835493, 91.16036833742082, 0.8124560390584067, 0.7476217532772511
-25.05550707494859, 91.22614278137344, 0.8124560390584067, 0.7476217532772511
-25.070284131250027, 91.29186722774627, 0.8124560390584067, 0.7476217532772511
-25.085340755583402, 91.35754475863797, 0.8124560390584067, 0.7476217532772511
-25.100657533792305, 91.42317845614713, 0.8124560390584067, 0.7476217532772511
-25.116215051720324, 91.48877140237241, 0.8124560390584067, 0.7476217532772511
-25.131993895211064, 91.5543266794124, 0.8124560390584067, 0.7476217532772511
-25.147974650108104, 91.6198473693657, 0.8124560390584067, 0.7476217532772511
-25.164137902255057, 91.685336554331, 0.8124560390584067, 0.7476217532772511
-25.18046423749549, 91.75079731640686, 0.8124560390584067, 0.7476217532772511
-25.196934241673006, 91.81623273769189, 0.8124560390584067, 0.7476217532772511
-25.21352850063122, 91.88164590028478, 0.8124560390584067, 0.7476217532772511
-25.23022760021368, 91.94703988628405, 0.8124560390584067, 0.7476217532772511
-25.247012126264025, 92.01241777778843, 0.8124560390584067, 0.7476217532772511
-25.263862664625815, 92.07778265689643, 0.8124560390584067, 0.7476217532772511
-25.280759801142654, 92.14313760570674, 0.8124560390584067, 0.7476217532772511
-25.29768412165814, 92.20848570631799, 0.8124560390584067, 0.7476217532772511
-25.314616212015853, 92.27383004082871, 0.8124560390584067, 0.7476217532772511
-25.33153665805941, 92.33917369133765, 0.8124560390584067, 0.7476217532772511
-25.348426045632383, 92.40451973994334, 0.8124560390584067, 0.7476217532772511
-25.365264960578358, 92.4698712687444, 0.8124560390584067, 0.7476217532772511
-25.382033988740954, 92.53523135983951, 0.8124560390584067, 0.7476217532772511
-25.398713715963737, 92.6006030953272, 0.8124560390584067, 0.7476217532772511
-25.415284728090324, 92.66598955730618, 0.8124560390584067, 0.7476217532772511
-25.43172913194064, 92.73139361075424, 0.8124560390584067, 0.7476217532772511
-25.4480419303606, 92.79681627972975, 0.8124560390584067, 0.7476217532772511
-25.464224624006565, 92.86225766072272, 0.8124560390584067, 0.7476217532772511
-25.480278763131867, 92.92771784314307, 0.8124560390584067, 0.7476217532772511
-25.496205897989874, 92.99319691640076, 0.8124560390584067, 0.7476217532772511
-25.51200757883395, 93.05869496990576, 0.8124560390584067, 0.7476217532772511
-25.52768535591742, 93.124212093068, 0.8124560390584067, 0.7476217532772511
-25.543240779493676, 93.18974837529746, 0.8124560390584067, 0.7476217532772511
-25.558675399816046, 93.25530390600409, 0.8124560390584067, 0.7476217532772511
-25.5739907671379, 93.32087877459784, 0.8124560390584067, 0.7476217532772511
-25.589188431712582, 93.38647307048868, 0.8124560390584067, 0.7476217532772511
-25.604269943793458, 93.45208688308654, 0.8124560390584067, 0.7476217532772511
-25.619236853633886, 93.51772030180142, 0.8124560390584067, 0.7476217532772511
-25.634090711487204, 93.5833734160432, 0.8124560390584067, 0.7476217532772511
-25.64883306760679, 93.64904631522194, 0.8124560390584067, 0.7476217532772511
-25.66346547224598, 93.71473908874749, 0.8124560390584067, 0.7476217532772511
-25.677989475658134, 93.78045182602987, 0.8124560390584067, 0.7476217532772511
-25.692406628096617, 93.84618461647905, 0.8124560390584067, 0.7476217532772511
-25.70671847981477, 93.91193754950491, 0.8124560390584067, 0.7476217532772511
-25.720926581065964, 93.9777107145175, 0.8124560390584067, 0.7476217532772511
-25.735032482103534, 94.04350420092666, 0.8124560390584067, 0.7476217532772511
-25.749037733180856, 94.10931809814244, 0.8124560390584067, 0.7476217532772511
-25.76294388455128, 94.17515249557484, 0.8124560390584067, 0.7476217532772511
-25.776752486468144, 94.24100748263365, 0.8124560390584067, 0.7476217532772511
-25.79046508918483, 94.30688314872897, 0.8124560390584067, 0.7476217532772511
-25.804083242954682, 94.3727795832707, 0.8124560390584067, 0.7476217532772511
-25.817608498031042, 94.43869687566878, 0.8124560390584067, 0.7476217532772511
-25.831042404667294, 94.50463511533323, 0.8124560390584067, 0.7476217532772511
-25.844386513116763, 94.57059439167392, 0.8124560390584067, 0.7476217532772511
-25.857642373632828, 94.63657479410091, 0.8124560390584067, 0.7476217532772511
-25.87081153646882, 94.70257641202403, 0.8124560390584067, 0.7476217532772511
-25.883895551878112, 94.7685993348533, 0.8124560390584067, 0.7476217532772511
-25.89689597011407, 94.83464365199875, 0.8124560390584067, 0.7476217532772511
-25.909814341430025, 94.90070945287019, 0.8124560390584067, 0.7476217532772511
-25.922652216079335, 94.96679682687765, 0.8124560390584067, 0.7476217532772511
-25.93541114431538, 95.03290586343115, 0.8124560390584067, 0.7476217532772511
-25.948092676391482, 95.09903665194052, 0.8124560390584067, 0.7476217532772511
-25.960698362561025, 95.16518928181583, 0.8124560390584067, 0.7476217532772511
-25.973229753077344, 95.23136384246695, 0.8124560390584067, 0.7476217532772511
-25.9856883981938, 95.29756042330385, 0.8124560390584067, 0.7476217532772511
-25.998075848163765, 95.36377911373654, 0.8124560390584067, 0.7476217532772511
-26.010393653240563, 95.43002000317492, 0.8124560390584067, 0.7476217532772511
-26.02264336367758, 95.496283181029, 0.8124560390584067, 0.7476217532772511
-26.034826529728146, 95.56256873670864, 0.8124560390584067, 0.7476217532772511
-26.04694470164562, 95.62887675962384, 0.8124560390584067, 0.7476217532772511
-26.05899942968339, 95.69520733918466, 0.8124560390584067, 0.7476217532772511
-26.07099226409477, 95.76156056480092, 0.8124560390584067, 0.7476217532772511
-26.082924755133146, 95.82793652588268, 0.8124560390584067, 0.7476217532772511
-26.094798453063223, 95.89433531183616, 0.8124560390584067, 0.7476217532772511
-26.106620169634756, 95.96075534225378, 0.8124560390584067, 0.7476217532772511
-26.118416951528147, 96.0271886148584, 0.8124560390584067, 0.7476217532772511
-26.13022070915886, 96.09362558379087, 0.8124560390584067, 0.7476217532772511
-26.142063352942362, 96.16005670319227, 0.8124560390584067, 0.7476217532772511
-26.153976793294113, 96.22647242720343, 0.8124560390584067, 0.7476217532772511
-26.165992940629568, 96.29286320996535, 0.8124560390584067, 0.7476217532772511
-26.1781437053642, 96.35921950561897, 0.8124560390584067, 0.7476217532772511
-26.19046099791345, 96.4255317683052, 0.8124560390584067, 0.7476217532772511
-26.202976728692814, 96.49179045216509, 0.8124560390584067, 0.7476217532772511
-26.21572280811773, 96.55798601133947, 0.8124560390584067, 0.7476217532772511
-26.228731146603657, 96.62410889996933, 0.8124560390584067, 0.7476217532772511
-26.242033654566082, 96.69014957219568, 0.8124560390584067, 0.7476217532772511
-26.255662242420435, 96.75609848215937, 0.8124560390584067, 0.7476217532772511
-26.26964882058221, 96.82194608400142, 0.8124560390584067, 0.7476217532772511
-26.284025299466837, 96.88768283186273, 0.8124560390584067, 0.7476217532772511
-26.298823589489796, 96.95329917988425, 0.8124560390584067, 0.7476217532772511
-26.314075601066563, 97.018785582207, 0.8124560390584067, 0.7476217532772511
-26.32981324461257, 97.08413249297185, 0.8124560390584067, 0.7476217532772511
-26.34606843054331, 97.14933036631982, 0.8124560390584067, 0.7476217532772511
-26.362873069274215, 97.21436965639174, 0.8124560390584067, 0.7476217532772511
-26.380259071220763, 97.27924081732866, 0.8124560390584067, 0.7476217532772511
-26.398258346798425, 97.34393430327151, 0.8124560390584067, 0.7476217532772511
-26.41688962108996, 97.40844513513599, 0.8124560390584067, 0.7476217532772511
-26.43611884303634, 97.47278661299401, 0.8124560390584067, 0.7476217532772511
-26.455898758834486, 97.53697660972261, 0.8124560390584067, 0.7476217532772511
-26.47618211468139, 97.60103299819892, 0.8124560390584067, 0.7476217532772511
-26.49692165677399, 97.66497365130007, 0.8124560390584067, 0.7476217532772511
-26.51807013130923, 97.72881644190305, 0.8124560390584067, 0.7476217532772511
-26.539580284484092, 97.79257924288507, 0.8124560390584067, 0.7476217532772511
-26.5614048624955, 97.85627992712314, 0.8124560390584067, 0.7476217532772511
-26.58349661154043, 97.91993636749439, 0.8124560390584067, 0.7476217532772511
-26.605808277815843, 97.98356643687595, 0.8124560390584067, 0.7476217532772511
-26.62829260751868, 98.04718800814486, 0.8124560390584067, 0.7476217532772511
-26.65090234684591, 98.1108189541783, 0.8124560390584067, 0.7476217532772511
-26.673590241994468, 98.17447714785324, 0.8124560390584067, 0.7476217532772511
-26.696309039161317, 98.23818046204684, 0.8124560390584067, 0.7476217532772511
-26.719011484543437, 98.30194676963625, 0.8124560390584067, 0.7476217532772511
-26.741650324337748, 98.36579394349849, 0.8124560390584067, 0.7476217532772511
-26.76417830474123, 98.42973985651068, 0.8124560390584067, 0.7476217532772511
-26.78654817195082, 98.49380238154991, 0.8124560390584067, 0.7476217532772511
-26.808705463162777, 98.55799703570155, 0.8124560390584067, 0.7476217532772511
-26.83056212737496, 98.62232835993882, 0.8124560390584067, 0.7476217532772511
-26.852020338987195, 98.686797701045, 0.8124560390584067, 0.7476217532772511
-26.87298227129603, 98.7514064054428, 0.8124560390584067, 0.7476217532772511
-26.893350097598038, 98.8161558195551, 0.8124560390584067, 0.7476217532772511
-26.913025991189734, 98.88104728980457, 0.8124560390584067, 0.7476217532772511
-26.931912125367695, 98.94608216261403, 0.8124560390584067, 0.7476217532772511
-26.949910673428448, 99.0112617844062, 0.8124560390584067, 0.7476217532772511
-26.966923808668536, 99.07658750160387, 0.8124560390584067, 0.7476217532772511
-26.98285370438453, 99.14206066062982, 0.8124560390584067, 0.7476217532772511
-26.99760253387294, 99.20768260790672, 0.8124560390584067, 0.7476217532772511
-27.01107247043035, 99.2734546898575, 0.8124560390584067, 0.7476217532772511
-27.023165687353277, 99.33937825290474, 0.8124560390584067, 0.7476217532772511
-27.033784357938288, 99.40545464347129, 0.8124560390584067, 0.7476217532772511
-27.042830655481925, 99.47168520797997, 0.8124560390584067, 0.7476217532772511
-27.050206753280722, 99.53807129285343, 0.8124560390584067, 0.7476217532772511
-27.05582351439234, 99.60461347402334, 0.8124560390584067, 0.7476217532772511
-27.059729718330434, 99.67130009884346, 0.8124560390584067, 0.7476217532772511
-27.062084499804214, 99.73810972985235, 0.8124560390584067, 0.7476217532772511
-27.063050085002722, 99.80502065547759, 0.8124560390584067, 0.7476217532772511
-27.062788700114993, 99.87201116414666, 0.8124560390584067, 0.7476217532772511
-27.06146257133008, 99.93905954428713, 0.8124560390584067, 0.7476217532772511
-27.059233924837024, 100.00614408432658, 0.8124560390584067, 0.7476217532772511
-27.056264986824875, 100.07324307269255, 0.8124560390584067, 0.7476217532772511
-27.05271798348267, 100.14033479781264, 0.8124560390584067, 0.7476217532772511
-27.04875514099947, 100.20739754811437, 0.8124560390584067, 0.7476217532772511
-27.0445386855643, 100.27440961202532, 0.8124560390584067, 0.7476217532772511
-27.04023084336622, 100.34134927797302, 0.8124560390584067, 0.7476217532772511
-27.035993798858588, 100.40819487688817, 0.8124560390584067, 0.7476217532772511
-27.03197676916375, 100.47493794548741, 0.8124560390584067, 0.7476217532772511
-27.02829769384551, 100.54160187320538, 0.8124560390584067, 0.7476217532772511
-27.02506989123402, 100.60821475568989, 0.8124560390584067, 0.7476217532772511
-27.022406679659433, 100.67480468858858, 0.8124560390584067, 0.7476217532772511
-27.020421377451882, 100.74139976754925, 0.8124560390584067, 0.7476217532772511
-27.01922730294154, 100.80802808821966, 0.8124560390584067, 0.7476217532772511
-27.01893777445854, 100.87471774624744, 0.8124560390584067, 0.7476217532772511
-27.019666110333038, 100.94149683728044, 0.8124560390584067, 0.7476217532772511
-27.02152562889519, 101.00839345696632, 0.8124560390584067, 0.7476217532772511
-27.02462964847514, 101.07543570095282, 0.8124560390584067, 0.7476217532772511
-27.029079748787876, 101.14265058662957, 0.8124560390584067, 0.7476217532772511
-27.034757822300985, 101.21004495187007, 0.8124560390584067, 0.7476217532772511
-27.041350844662883, 101.27760773033593, 0.8124560390584067, 0.7476217532772511
-27.0485390292294, 101.34532723453388, 0.8124560390584067, 0.7476217532772511
-27.05600258935629, 101.41319177697065, 0.8124560390584067, 0.7476217532772511
-27.063421738399363, 101.48118967015304, 0.8124560390584067, 0.7476217532772511
-27.0704766897144, 101.54930922658767, 0.8124560390584067, 0.7476217532772511
-27.076847656657208, 101.61753875878142, 0.8124560390584067, 0.7476217532772511
-27.082214811387974, 101.68586642014249, 0.8124560390584067, 0.7476217532772511
-27.086246657772772, 101.75423530082288, 0.8124560390584067, 0.7476217532772511
-27.088584051570276, 101.82248171326273, 0.8124560390584067, 0.7476217532772511
-27.08886384382051, 101.8904265035741, 0.8124560390584067, 0.7476217532772511
-27.086722885563486, 101.9578905178692, 0.8124560390584067, 0.7476217532772511
-27.081798027839213, 102.02469460226004, 0.8124560390584067, 0.7476217532772511
-27.073726121687706, 102.09065960285878, 0.8124560390584067, 0.7476217532772511
-27.062144018148967, 102.15560636577759, 0.8124560390584067, 0.7476217532772511
-27.04668938008424, 102.21935555571679, 0.8124560390584067, 0.7476217532772511
-27.027115350129144, 102.28170203195712, 0.8124560390584067, 0.7476217532772511
-27.003409283973326, 102.34238831590326, 0.8124560390584067, 0.7476217532772511
-26.97558688720982, 102.40115059381444, 0.8124560390584067, 0.7476217532772511
-26.943663865431585, 102.45772505194991, 0.8124560390584067, 0.7476217532772511
-26.907655924231662, 102.51184787656892, 0.8124560390584067, 0.7476217532772511
-26.867578769203043, 102.56325525393079, 0.8124560390584067, 0.7476217532772511
-26.823449927563455, 102.61168416959534, 0.8124560390584067, 0.7476217532772511
-26.77541016086296, 102.65692568242501, 0.8124560390584067, 0.7476217532772511
-26.723799720159995, 102.69885838416698, 0.8124560390584067, 0.7476217532772511
-26.66897704730603, 102.73736884840449, 0.8124560390584067, 0.7476217532772511
-26.611300584152477, 102.77234364872088, 0.8124560390584067, 0.7476217532772511
-26.55112877255073, 102.80366935869947, 0.8124560390584067, 0.7476217532772511
-26.48882005435228, 102.83123255192348, 0.8124560390584067, 0.7476217532772511
-26.424732871408498, 102.85491980197634, 0.8124560390584067, 0.7476217532772511
-26.359225665570886, 102.87461768244124, 0.8124560390584067, 0.7476217532772511
-26.292656878690828, 102.89021276690154, 0.8124560390584067, 0.7476217532772511
-26.22538495261973, 102.90159162894055, 0.8124560390584067, 0.7476217532772511
-26.15776832920909, 102.90864084214155, 0.8124560390584067, 0.7476217532772511
-26.090165450310266, 102.91124698008782, 0.8124560390584067, 0.7476217532772511
-26.02293475777476, 102.90929661636271, 0.8124560390584067, 0.7476217532772511
-25.95643170123119, 102.90268038457988, 0.8124560390584067, 0.7476217532772511
-25.89090916225739, 102.89142808893955, 0.8124560390584067, 0.7476217532772511
-25.826494235211726, 102.87574020941321, 0.8124560390584067, 0.7476217532772511
-25.763306317690947, 102.85582766940735, 0.8124560390584067, 0.7476217532772511
-25.70146480729201, 102.83190139232866, 0.8124560390584067, 0.7476217532772511
-25.641089101611723, 102.80417230158376, 0.8124560390584067, 0.7476217532772511
-25.582298598246936, 102.77285132057924, 0.8124560390584067, 0.7476217532772511
-25.525212694794565, 102.73814937272174, 0.8124560390584067, 0.7476217532772511
-25.4699507888514, 102.70027738141779, 0.8124560390584067, 0.7476217532772511
-25.41663227801438, 102.65944627007414, 0.8124560390584067, 0.7476217532772511
-25.36537655988033, 102.61586696209734, 0.8124560390584067, 0.7476217532772511
-25.31630303204608, 102.56975038089399, 0.8124560390584067, 0.7476217532772511
-25.26953109210855, 102.52130744987073, 0.8124560390584067, 0.7476217532772511
-25.225180137664555, 102.47074909243419, 0.8124560390584067, 0.7476217532772511
-25.18336896134083, 102.41828602020782, 0.8124560390584067, 0.7476217532772511
-25.144134034959897, 102.36410012659863, 0.8124560390584067, 0.7476217532772511
-25.107346795145173, 102.30831553079577, 0.8124560390584067, 0.7476217532772511
-25.072858977065312, 102.25104945505886, 0.8124560390584067, 0.7476217532772511
-25.04052231588886, 102.19241912164742, 0.8124560390584067, 0.7476217532772511
-25.01018854678446, 102.13254175282104, 0.8124560390584067, 0.7476217532772511
-24.981709404920675, 102.07153457083929, 0.8124560390584067, 0.7476217532772511
-24.954936625466114, 102.00951479796169, 0.8124560390584067, 0.7476217532772511
-24.929721943589378, 101.94659965644786, 0.8124560390584067, 0.7476217532772511
-24.905917094459063, 101.88290636855734, 0.8124560390584067, 0.7476217532772511
-24.88337381324377, 101.81855215654971, 0.8124560390584067, 0.7476217532772511
-24.861943835112097, 101.75365424268455, 0.8124560390584067, 0.7476217532772511
-24.84147889523262, 101.68832984922135, 0.8124560390584067, 0.7476217532772511
-24.82183072877398, 101.62269619841979, 0.8124560390584067, 0.7476217532772511
-24.802851070904726, 101.5568705125393, 0.8124560390584067, 0.7476217532772511
-24.78439165679349, 101.49097001383957, 0.8124560390584067, 0.7476217532772511
-24.76631139101406, 101.42510566085701, 0.8124560390584067, 0.7476217532772511
-24.748551560542474, 101.35931643676254, 0.8124560390584067, 0.7476217532772511
-24.731106149065614, 101.29359528497955, 0.8124560390584067, 0.7476217532772511
-24.713969998409183, 101.22793439919755, 0.8124560390584067, 0.7476217532772511
-24.697137950398922, 101.16232597310628, 0.8124560390584067, 0.7476217532772511
-24.68060484686054, 101.09676220039529, 0.8124560390584067, 0.7476217532772511
-24.664365529619747, 101.03123527475424, 0.8124560390584067, 0.7476217532772511
-24.64841484050229, 100.96573738987281, 0.8124560390584067, 0.7476217532772511
-24.632747621333873, 100.9002607394406, 0.8124560390584067, 0.7476217532772511
-24.617358713940213, 100.8347975171472, 0.8124560390584067, 0.7476217532772511
-24.60224296014705, 100.76933991668233, 0.8124560390584067, 0.7476217532772511
-24.587395201780076, 100.70388013173552, 0.8124560390584067, 0.7476217532772511
-24.57281028066504, 100.63841035599653, 0.8124560390584067, 0.7476217532772511
-24.55848303862765, 100.5729227831549, 0.8124560390584067, 0.7476217532772511
-24.544408317493623, 100.50740960690027, 0.8124560390584067, 0.7476217532772511
-24.530580959088695, 100.44186302092236, 0.8124560390584067, 0.7476217532772511
-24.51699580523856, 100.37627521891065, 0.8124560390584067, 0.7476217532772511
-24.503647697768976, 100.31063839455494, 0.8124560390584067, 0.7476217532772511
-24.490531477473397, 100.24494478335902, 0.8124560390584067, 0.7476217532772511
-24.477641905233533, 100.17918985791808, 0.8124560390584067, 0.7476217532772511
-24.464973606448492, 100.11337457899995, 0.8124560390584067, 0.7476217532772511
-24.452521193390435, 100.04750043912101, 0.8124560390584067, 0.7476217532772511
-24.44027927833158, 99.98156893079802, 0.8124560390584067, 0.7476217532772511
-24.42824247354408, 99.91558154654741, 0.8124560390584067, 0.7476217532772511
-24.416405391300135, 99.84953977888576, 0.8124560390584067, 0.7476217532772511
-24.404762643871944, 99.78344512032966, 0.8124560390584067, 0.7476217532772511
-24.39330884353167, 99.71729906339564, 0.8124560390584067, 0.7476217532772511
-24.382038602551514, 99.65110310060031, 0.8124560390584067, 0.7476217532772511
-24.370946533203657, 99.58485872446019, 0.8124560390584067, 0.7476217532772511
-24.36002724776028, 99.51856742749183, 0.8124560390584067, 0.7476217532772511
-24.34927535849358, 99.45223070221185, 0.8124560390584067, 0.7476217532772511
-24.338685477675714, 99.3858500411367, 0.8124560390584067, 0.7476217532772511
-24.32825221757891, 99.3194269367831, 0.8124560390584067, 0.7476217532772511
-24.31797019047533, 99.2529628816675, 0.8124560390584067, 0.7476217532772511
-24.30783400863715, 99.18645936830646, 0.8124560390584067, 0.7476217532772511
-24.297838284336574, 99.11991788921658, 0.8124560390584067, 0.7476217532772511
-24.287977629845784, 99.05333993691438, 0.8124560390584067, 0.7476217532772511
-24.27824665743696, 98.98672700391647, 0.8124560390584067, 0.7476217532772511
-24.268639979382293, 98.92008058273942, 0.8124560390584067, 0.7476217532772511
-24.259152207953964, 98.85340216589968, 0.8124560390584067, 0.7476217532772511
-24.249777955424165, 98.78669324591398, 0.8124560390584067, 0.7476217532772511
-24.240511834065067, 98.71995531529872, 0.8124560390584067, 0.7476217532772511
-24.23134845614888, 98.65318986657057, 0.8124560390584067, 0.7476217532772511
-24.22228243394777, 98.58639839224605, 0.8124560390584067, 0.7476217532772511
-24.213308379733927, 98.51958238484173, 0.8124560390584067, 0.7476217532772511
-24.204420905779543, 98.45274333687418, 0.8124560390584067, 0.7476217532772511
-24.195614624356793, 98.3858827408599, 0.8124560390584067, 0.7476217532772511
-24.186884147737874, 98.31900208931556, 0.8124560390584067, 0.7476217532772511
-24.178224088194966, 98.25210287475763, 0.8124560390584067, 0.7476217532772511
-24.169629058000247, 98.18518658970267, 0.8124560390584067, 0.7476217532772511
-24.161093669425917, 98.11825472666727, 0.8124560390584067, 0.7476217532772511
-24.152612534744158, 98.05130877816802, 0.8124560390584067, 0.7476217532772511
-24.14418026622715, 97.98435023672147, 0.8124560390584067, 0.7476217532772511
-24.13579147614708, 97.91738059484415, 0.8124560390584067, 0.7476217532772511
-24.127440776776137, 97.8504013450526, 0.8124560390584067, 0.7476217532772511
-24.119122780386505, 97.78341397986347, 0.8124560390584067, 0.7476217532772511
-24.11083209925036, 97.71641999179319, 0.8124560390584067, 0.7476217532772511
-24.102563345639915, 97.64942087335848, 0.8124560390584067, 0.7476217532772511
-24.09431113182732, 97.58241811707578, 0.8124560390584067, 0.7476217532772511
-24.086070070084798, 97.51541321546169, 0.8124560390584067, 0.7476217532772511
-24.0778347726845, 97.44840766103276, 0.8124560390584067, 0.7476217532772511
-24.069599851898626, 97.38140294630556, 0.8124560390584067, 0.7476217532772511
-24.06135991999937, 97.31440056379667, 0.8124560390584067, 0.7476217532772511
-24.053109589258913, 97.24740200602267, 0.8124560390584067, 0.7476217532772511
-24.044843471949424, 97.18040876549999, 0.8124560390584067, 0.7476217532772511
-24.036556180343105, 97.11342233474534, 0.8124560390584067, 0.7476217532772511
-24.02824232671216, 97.04644420627525, 0.8124560390584067, 0.7476217532772511
-24.019896523328732, 96.97947587260622, 0.8124560390584067, 0.7476217532772511
-24.011513382465033, 96.91251882625485, 0.8124560390584067, 0.7476217532772511
-24.003087516393244, 96.84557455973768, 0.8124560390584067, 0.7476217532772511
-23.994613537385554, 96.77864456557134, 0.8124560390584067, 0.7476217532772511
-23.98608605771414, 96.71173033627231, 0.8124560390584067, 0.7476217532772511
-23.97749956251964, 96.64483334821615, 0.8124560390584067, 0.7476217532772511
-23.96884734196996, 96.57795492606115, 0.8124560390584067, 0.7476217532772511
-23.96012203132637, 96.51109631131652, 0.8124560390584067, 0.7476217532772511
-23.95131625913642, 96.44425874463924, 0.8124560390584067, 0.7476217532772511
-23.94242265394761, 96.37744346668617, 0.8124560390584067, 0.7476217532772511
-23.933433844307476, 96.31065171811414, 0.8124560390584067, 0.7476217532772511
-23.924342458763544, 96.24388473958018, 0.8124560390584067, 0.7476217532772511
-23.91514112586333, 96.17714377174107, 0.8124560390584067, 0.7476217532772511
-23.905822474154377, 96.11043005525383, 0.8124560390584067, 0.7476217532772511
-23.896379132184197, 96.04374483077527, 0.8124560390584067, 0.7476217532772511
-23.88680372850031, 95.97708933896224, 0.8124560390584067, 0.7476217532772511
-23.87708889165026, 95.91046482047182, 0.8124560390584067, 0.7476217532772511
-23.86722725018155, 95.8438725159607, 0.8124560390584067, 0.7476217532772511
-23.85721143264172, 95.7773136660859, 0.8124560390584067, 0.7476217532772511
-23.84703406757829, 95.71078951150433, 0.8124560390584067, 0.7476217532772511
-23.836687783538782, 95.6443012928728, 0.8124560390584067, 0.7476217532772511
-23.826165209070734, 95.57785025084829, 0.8124560390584067, 0.7476217532772511
-23.815458972721647, 95.51143762608763, 0.8124560390584067, 0.7476217532772511
-23.804561703039074, 95.4450646592478, 0.8124560390584067, 0.7476217532772511
-23.793466028570524, 95.37873259098565, 0.8124560390584067, 0.7476217532772511
-23.78216457786352, 95.31244266195806, 0.8124560390584067, 0.7476217532772511
-23.7706499794656, 95.246196112822, 0.8124560390584067, 0.7476217532772511
-23.758914861924275, 95.17999418423426, 0.8124560390584067, 0.7476217532772511
-23.746951853787085, 95.11383811685187, 0.8124560390584067, 0.7476217532772511
-23.734753583601535, 95.04772915133162, 0.8124560390584067, 0.7476217532772511
-23.72231267991516, 94.98166852833042, 0.8124560390584067, 0.7476217532772511
-23.709621771275497, 94.91565748850525, 0.8124560390584067, 0.7476217532772511
-23.69667348623005, 94.84969727251293, 0.8124560390584067, 0.7476217532772511
-23.683460453326365, 94.78378912101039, 0.8124560390584067, 0.7476217532772511
-23.669975301111954, 94.71793427465452, 0.8124560390584067, 0.7476217532772511
-23.656210658134338, 94.6521339741022, 0.8124560390584067, 0.7476217532772511
-23.64215915294105, 94.58638946001037, 0.8124560390584067, 0.7476217532772511
-23.62781341407962, 94.52070197303588, 0.8124560390584067, 0.7476217532772511
-23.61316607009756, 94.45507275383568, 0.8124560390584067, 0.7476217532772511
-23.598209749542406, 94.38950304306665, 0.8124560390584067, 0.7476217532772511
-23.582937116234678, 94.32399408037845, 0.8124560390584067, 0.7476217532772511
-23.567344284363262, 94.25854700689639, 0.8124560390584067, 0.7476217532772511
-23.5514336691243, 94.19316278382189, 0.8124560390584067, 0.7476217532772511
-23.535208356776245, 94.12784235319451, 0.8124560390584067, 0.7476217532772511
-23.51867143357751, 94.06258665705371, 0.8124560390584067, 0.7476217532772511
-23.50182598578652, 93.99739663743892, 0.8124560390584067, 0.7476217532772511
-23.484675099661736, 93.93227323638973, 0.8124560390584067, 0.7476217532772511
-23.467221861461553, 93.86721739594554, 0.8124560390584067, 0.7476217532772511
-23.449469357444414, 93.80223005814587, 0.8124560390584067, 0.7476217532772511
-23.431420673868754, 93.73731216503022, 0.8124560390584067, 0.7476217532772511
-23.413078896992985, 93.67246465863798, 0.8124560390584067, 0.7476217532772511
-23.394447113075568, 93.60768848100876, 0.8124560390584067, 0.7476217532772511
-23.3755284083749, 93.54298457418197, 0.8124560390584067, 0.7476217532772511
-23.356325869149426, 93.4783538801971, 0.8124560390584067, 0.7476217532772511
-23.336842581657585, 93.4137973410937, 0.8124560390584067, 0.7476217532772511
-23.317081632157787, 93.34931589891114, 0.8124560390584067, 0.7476217532772511
-23.29704610690847, 93.28491049568898, 0.8124560390584067, 0.7476217532772511
-23.276739092168068, 93.2205820734667, 0.8124560390584067, 0.7476217532772511
-23.256163674195, 93.15633157428374, 0.8124560390584067, 0.7476217532772511
-23.235322939247716, 93.09215994017964, 0.8124560390584067, 0.7476217532772511
-23.21421997358462, 93.02806811319385, 0.8124560390584067, 0.7476217532772511
-23.192857863464166, 92.96405703536591, 0.8124560390584067, 0.7476217532772511
-23.171239695144767, 92.90012764873522, 0.8124560390584067, 0.7476217532772511
-23.149368554884852, 92.83628089534129, 0.8124560390584067, 0.7476217532772511
-23.12724752894287, 92.77251771722365, 0.8124560390584067, 0.7476217532772511
-23.104879703577215, 92.70883905642168, 0.8124560390584067, 0.7476217532772511
-23.082268165046354, 92.64524585497502, 0.8124560390584067, 0.7476217532772511
-23.059415999608706, 92.58173905492303, 0.8124560390584067, 0.7476217532772511
-23.03632629352269, 92.51831959830524, 0.8124560390584067, 0.7476217532772511
-23.013002133046747, 92.45498842716114, 0.8124560390584067, 0.7476217532772511
-22.989446604439287, 92.39174648353016, 0.8124560390584067, 0.7476217532772511
-22.965662793958774, 92.32859470945186, 0.8124560390584067, 0.7476217532772511
-22.941653787863615, 92.2655340469657, 0.8124560390584067, 0.7476217532772511
-22.917422672412233, 92.20256543811114, 0.8124560390584067, 0.7476217532772511
-22.892972533863077, 92.13968982492767, 0.8124560390584067, 0.7476217532772511
-22.868306458474557, 92.07690814945478, 0.8124560390584067, 0.7476217532772511
-22.84342753250512, 92.01422135373197, 0.8124560390584067, 0.7476217532772511
-22.8183388422132, 91.95163037979873, 0.8124560390584067, 0.7476217532772511
-22.793043473857193, 91.88913616969447, 0.8124560390584067, 0.7476217532772511
-22.76754451091812, 91.8267396454635, 0.8124560390584067, 0.7476217532772511
-22.741844909519386, 91.76444081228423, 0.8124560390584067, 0.7476217532772511
-22.71594744816349, 91.70223839661581, 0.8124560390584067, 0.7476217532772511
-22.689854892172782, 91.64013103003153, 0.8124560390584067, 0.7476217532772511
-22.66357000686958, 91.57811734410468, 0.8124560390584067, 0.7476217532772511
-22.63709555757626, 91.51619597040867, 0.8124560390584067, 0.7476217532772511
-22.610434309615126, 91.45436554051668, 0.8124560390584067, 0.7476217532772511
-22.583589028308563, 91.39262468600214, 0.8124560390584067, 0.7476217532772511
-22.556562478978893, 91.33097203843835, 0.8124560390584067, 0.7476217532772511
-22.529357426948458, 91.26940622939861, 0.8124560390584067, 0.7476217532772511
-22.501976637539617, 91.20792589045625, 0.8124560390584067, 0.7476217532772511
-22.47442287607469, 91.1465296531846, 0.8124560390584067, 0.7476217532772511
-22.446698907876055, 91.085216149157, 0.8124560390584067, 0.7476217532772511
-22.418807498266034, 91.02398400994676, 0.8124560390584067, 0.7476217532772511
-22.39075141256696, 90.96283186712712, 0.8124560390584067, 0.7476217532772511
-22.362533416101204, 90.90175835227151, 0.8124560390584067, 0.7476217532772511
-22.33415627419108, 90.84076209695318, 0.8124560390584067, 0.7476217532772511
-22.305622752158968, 90.77984173274552, 0.8124560390584067, 0.7476217532772511
-22.276935615327194, 90.71899589122182, 0.8124560390584067, 0.7476217532772511
-22.24809762901808, 90.65822320395533, 0.8124560390584067, 0.7476217532772511
-22.219111558554008, 90.59752230251951, 0.8124560390584067, 0.7476217532772511
-22.189980169257293, 90.53689181848755, 0.8124560390584067, 0.7476217532772511
-22.160706226450305, 90.47633038343287, 0.8124560390584067, 0.7476217532772511
-22.131292495455366, 90.4158366289287, 0.8124560390584067, 0.7476217532772511
-22.101741741594815, 90.35540918654843, 0.8124560390584067, 0.7476217532772511
-22.072056730191026, 90.29504668786538, 0.8124560390584067, 0.7476217532772511
-22.042240226566303, 90.23474776445279, 0.8124560390584067, 0.7476217532772511
-22.012294996043035, 90.17451104788408, 0.8124560390584067, 0.7476217532772511
-21.98222380394354, 90.11433516973256, 0.8124560390584067, 0.7476217532772511
-21.952029415590154, 90.05421876157148, 0.8124560390584067, 0.7476217532772511
-21.921714596305247, 89.99416045497424, 0.8124560390584067, 0.7476217532772511
-21.89128211141113, 89.93415888151408, 0.8124560390584067, 0.7476217532772511
-21.860734726230177, 89.87421267276439, 0.8124560390584067, 0.7476217532772511
-21.83007520608472, 89.81432046029848, 0.8124560390584067, 0.7476217532772511
-21.799306316297088, 89.75448087568962, 0.8124560390584067, 0.7476217532772511
-21.768430822189664, 89.69469255051122, 0.8124560390584067, 0.7476217532772511
-21.73745148908476, 89.63495411633653, 0.8124560390584067, 0.7476217532772511
-21.706371082304706, 89.57526420473887, 0.8124560390584067, 0.7476217532772511
-21.67519236717189, 89.51562144729161, 0.8124560390584067, 0.7476217532772511
-21.64391810900862, 89.456024475568, 0.8124560390584067, 0.7476217532772511
-21.61255107313727, 89.39647192114147, 0.8124560390584067, 0.7476217532772511
-21.581094024880162, 89.33696241558526, 0.8124560390584067, 0.7476217532772511
-21.549549729559637, 89.27749459047267, 0.8124560390584067, 0.7476217532772511
-21.517920952498056, 89.21806707737709, 0.8124560390584067, 0.7476217532772511
-21.486210459017734, 89.15867850787178, 0.8124560390584067, 0.7476217532772511
-21.45442101444106, 89.09932751353011, 0.8124560390584067, 0.7476217532772511
-21.42255538409035, 89.04001272592541, 0.8124560390584067, 0.7476217532772511
-21.390616333287937, 88.9807327766309, 0.8124560390584067, 0.7476217532772511
-21.358606627356192, 88.92148629722003, 0.8124560390584067, 0.7476217532772511
-21.326529031617433, 88.86227191926605, 0.8124560390584067, 0.7476217532772511
-21.29438631139403, 88.8030882743423, 0.8124560390584067, 0.7476217532772511
-21.26218123200832, 88.7439339940221, 0.8124560390584067, 0.7476217532772511
-21.229916558782616, 88.68480770987871, 0.8124560390584067, 0.7476217532772511
-21.197595057039308, 88.62570805348558, 0.8124560390584067, 0.7476217532772511
-21.165219492100704, 88.56663365641592, 0.8124560390584067, 0.7476217532772511
-21.132792629289177, 88.50758315024312, 0.8124560390584067, 0.7476217532772511
-21.10031723392705, 88.44855516654046, 0.8124560390584067, 0.7476217532772511
-21.06779607133667, 88.38954833688126, 0.8124560390584067, 0.7476217532772511
-21.035231906840387, 88.33056129283885, 0.8124560390584067, 0.7476217532772511
-21.002627505760536, 88.27159266598655, 0.8124560390584067, 0.7476217532772511
-20.96998563341948, 88.2126410878977, 0.8124560390584067, 0.7476217532772511
-20.93730905513956, 88.15370519014564, 0.8124560390584067, 0.7476217532772511
-20.904600536243077, 88.0947836043036, 0.8124560390584067, 0.7476217532772511
-20.871862842052433, 88.035874961945, 0.8124560390584067, 0.7476217532772511
-20.839098737889937, 87.9769778946431, 0.8124560390584067, 0.7476217532772511
-20.80631098907795, 87.91809103397124, 0.8124560390584067, 0.7476217532772511
-20.773502360938817, 87.85921301150276, 0.8124560390584067, 0.7476217532772511
-20.74067561879485, 87.80034245881092, 0.8124560390584067, 0.7476217532772511
-20.707833527968432, 87.74147800746911, 0.8124560390584067, 0.7476217532772511
-20.674978853781887, 87.68261828905062, 0.8124560390584067, 0.7476217532772511
-20.642114361557574, 87.6237619351288, 0.8124560390584067, 0.7476217532772511
-20.609242816617822, 87.56490757727693, 0.8124560390584067, 0.7476217532772511
-20.57636698428497, 87.50605384706833, 0.8124560390584067, 0.7476217532772511
-20.54348962988138, 87.44719937607636, 0.8124560390584067, 0.7476217532772511
-20.51061351872938, 87.38834279587431, 0.8124560390584067, 0.7476217532772511
-20.477741416151332, 87.3294827380355, 0.8124560390584067, 0.7476217532772511
-20.444876087469574, 87.27061783413329, 0.8124560390584067, 0.7476217532772511
-20.41202029800643, 87.21174671574096, 0.8124560390584067, 0.7476217532772511
-20.37917681308427, 87.15286801443185, 0.8124560390584067, 0.7476217532772511
-20.34634839802542, 87.09398036177924, 0.8124560390584067, 0.7476217532772511
-20.31353781815224, 87.03508238935655, 0.8124560390584067, 0.7476217532772511
-20.280747838787065, 86.976172728737, 0.8124560390584067, 0.7476217532772511
-20.24798122525223, 86.91725001149393, 0.8124560390584067, 0.7476217532772511
-20.215240742870098, 86.85831286920072, 0.8124560390584067, 0.7476217532772511
-20.182529156962985, 86.79935993343061, 0.8124560390584067, 0.7476217532772511
-20.149849232853274, 86.74038983575699, 0.8124560390584067, 0.7476217532772511
-20.117203735863292, 86.68140120775318, 0.8124560390584067, 0.7476217532772511
-20.08459543131536, 86.6223926809924, 0.8124560390584067, 0.7476217532772511
-20.052027084531858, 86.5633628870481, 0.8124560390584067, 0.7476217532772511
-20.019501460835105, 86.50431045749355, 0.8124560390584067, 0.7476217532772511
-19.987021325547445, 86.44523402390203, 0.8124560390584067, 0.7476217532772511
-19.954589392788986, 86.38613224482584, 0.8124560390584067, 0.7476217532772511
-19.922207238203807, 86.3270043786904, 0.8124560390584067, 0.7476217532772511
-19.889875320308246, 86.26785027254587, 0.8124560390584067, 0.7476217532772511
-19.85759405068647, 86.20866979817133, 0.8124560390584067, 0.7476217532772511
-19.825363840922623, 86.14946282734577, 0.8124560390584067, 0.7476217532772511
-19.793185102600937, 86.09022923184835, 0.8124560390584067, 0.7476217532772511
-19.761058247305535, 86.0309688834581, 0.8124560390584067, 0.7476217532772511
-19.728983686620637, 85.9716816539541, 0.8124560390584067, 0.7476217532772511
-19.69696183213041, 85.91236741511548, 0.8124560390584067, 0.7476217532772511
-19.664993095418993, 85.8530260387212, 0.8124560390584067, 0.7476217532772511
-19.633077888070623, 85.79365739655047, 0.8124560390584067, 0.7476217532772511
-19.601216621669415, 85.73426136038222, 0.8124560390584067, 0.7476217532772511
-19.569409707799597, 85.67483780199565, 0.8124560390584067, 0.7476217532772511
-19.53765755804533, 85.6153865931698, 0.8124560390584067, 0.7476217532772511
-19.505960583990756, 85.55590760568367, 0.8124560390584067, 0.7476217532772511
-19.474319197220108, 85.49640071131648, 0.8124560390584067, 0.7476217532772511
-19.442733809317517, 85.43686578184712, 0.8124560390584067, 0.7476217532772511
-19.411204831867188, 85.37730268905482, 0.8124560390584067, 0.7476217532772511
-19.379732676453294, 85.31771130471863, 0.8124560390584067, 0.7476217532772511
-19.348317754659984, 85.25809150061752, 0.8124560390584067, 0.7476217532772511
-19.316960478071472, 85.19844314853069, 0.8124560390584067, 0.7476217532772511
-19.2856612582719, 85.13876612023711, 0.8124560390584067, 0.7476217532772511
-19.254420506845477, 85.07906028751594, 0.8124560390584067, 0.7476217532772511
-19.223238635376376, 85.01932552214626, 0.8124560390584067, 0.7476217532772511
-19.192116055448732, 84.95956169590703, 0.8124560390584067, 0.7476217532772511
-19.161053178646778, 84.89976868057747, 0.8124560390584067, 0.7476217532772511
-19.130050416554646, 84.83994634793653, 0.8124560390584067, 0.7476217532772511
-19.09910818075655, 84.78009456976338, 0.8124560390584067, 0.7476217532772511
-19.06822688283664, 84.72021321783704, 0.8124560390584067, 0.7476217532772511
-19.037406934379085, 84.66030216393658, 0.8124560390584067, 0.7476217532772511
-19.006648746968093, 84.60036127984112, 0.8124560390584067, 0.7476217532772511
-18.97595273218781, 84.54039043732966, 0.8124560390584067, 0.7476217532772511
-18.945319301622444, 84.48038950818137, 0.8124560390584067, 0.7476217532772511
-18.914748866856154, 84.4203583641753, 0.8124560390584067, 0.7476217532772511
-18.8842418394731, 84.36029687709045, 0.8124560390584067, 0.7476217532772511
-18.85379863105749, 84.30020491870597, 0.8124560390584067, 0.7476217532772511
-18.823419653193472, 84.2400823608009, 0.8124560390584067, 0.7476217532772511
-18.793105317465248, 84.17992907515432, 0.8124560390584067, 0.7476217532772511
-18.76285603545699, 84.11974493354533, 0.8124560390584067, 0.7476217532772511
-18.732672218752842, 84.05952980775295, 0.8124560390584067, 0.7476217532772511
-18.702554278937033, 83.99928356955635, 0.8124560390584067, 0.7476217532772511
-18.672502627593687, 83.93900609073448, 0.8124560390584067, 0.7476217532772511
-18.64251767630703, 83.87869724306653, 0.8124560390584067, 0.7476217532772511
-18.61259983666121, 83.8183568983315, 0.8124560390584067, 0.7476217532772511
-18.58274952024039, 83.75798492830849, 0.8124560390584067, 0.7476217532772511
-18.552967138628787, 83.69758120477655, 0.8124560390584067, 0.7476217532772511
-18.523253103410536, 83.63714559951478, 0.8124560390584067, 0.7476217532772511
-18.493607826169853, 83.5766779843023, 0.8124560390584067, 0.7476217532772511
-18.464031718490887, 83.51617823091811, 0.8124560390584067, 0.7476217532772511
-18.434525191957807, 83.45564621114129, 0.8124560390584067, 0.7476217532772511
-18.405088658154828, 83.39508179675096, 0.8124560390584067, 0.7476217532772511
-18.375722528666085, 83.33448485952616, 0.8124560390584067, 0.7476217532772511
-18.34642721507578, 83.27385527124596, 0.8124560390584067, 0.7476217532772511
-18.317203128968092, 83.21319290368949, 0.8124560390584067, 0.7476217532772511
-18.288050681927164, 83.15249762863573, 0.8124560390584067, 0.7476217532772511
-18.258970285537217, 83.09176931786384, 0.8124560390584067, 0.7476217532772511
-18.229962351382408, 83.03100784315286, 0.8124560390584067, 0.7476217532772511
-18.201027291046888, 82.97021307628185, 0.8124560390584067, 0.7476217532772511
-18.172165516114884, 82.90938488902994, 0.8124560390584067, 0.7476217532772511
-18.14337743817053, 82.8485231531761, 0.8124560390584067, 0.7476217532772511
-18.114663468798025, 82.78762774049953, 0.8124560390584067, 0.7476217532772511
-18.086024019581547, 82.72669852277926, 0.8124560390584067, 0.7476217532772511
-18.05745950210525, 82.66573537179428, 0.8124560390584067, 0.7476217532772511
-18.02897032795334, 82.6047381593238, 0.8124560390584067, 0.7476217532772511
-18.00055690870996, 82.5437067571468, 0.8124560390584067, 0.7476217532772511
-17.972219655959325, 82.4826410370424, 0.8124560390584067, 0.7476217532772511
-17.943958981285586, 82.42154087078964, 0.8124560390584067, 0.7476217532772511
-17.91577529627292, 82.36040613016759, 0.8124560390584067, 0.7476217532772511
-17.88766901250552, 82.2992366869554, 0.8124560390584067, 0.7476217532772511
-17.859640541567536, 82.23803241293204, 0.8124560390584067, 0.7476217532772511
-17.831690295043174, 82.17679317987667, 0.8124560390584067, 0.7476217532772511
-17.8038186845166, 82.11551885956834, 0.8124560390584067, 0.7476217532772511
-17.776026121571974, 82.0542093237861, 0.8124560390584067, 0.7476217532772511
-17.748313017793503, 81.99286444430908, 0.8124560390584067, 0.7476217532772511
-17.720679784765323, 81.93148409291624, 0.8124560390584067, 0.7476217532772511
-17.693126834071652, 81.87006814138677, 0.8124560390584067, 0.7476217532772511
-17.665654577296646, 81.8086164614997, 0.8124560390584067, 0.7476217532772511
-17.63826342602448, 81.7471289250341, 0.8124560390584067, 0.7476217532772511
-17.61095379183934, 81.68560540376907, 0.8124560390584067, 0.7476217532772511
-17.583726086325385, 81.62404576948366, 0.8124560390584067, 0.7476217532772511
-17.556580721066823, 81.56244989395697, 0.8124560390584067, 0.7476217532772511
-17.529518107647803, 81.50081764896805, 0.8124560390584067, 0.7476217532772511
-17.5025386576525, 81.43914890629597, 0.8124560390584067, 0.7476217532772511
-17.475642782665116, 81.37744353771981, 0.8124560390584067, 0.7476217532772511
-17.44883089426979, 81.31570141501864, 0.8124560390584067, 0.7476217532772511
-17.42210340405075, 81.2539224099716, 0.8124560390584067, 0.7476217532772511
-17.39546072359213, 81.1921063943577, 0.8124560390584067, 0.7476217532772511
-17.368903264478107, 81.13025323995596, 0.8124560390584067, 0.7476217532772511
-17.342431438292888, 81.06836281854558, 0.8124560390584067, 0.7476217532772511
-17.31604565662062, 81.00643500190556, 0.8124560390584067, 0.7476217532772511
-17.2897463310455, 80.94446966181498, 0.8124560390584067, 0.7476217532772511
-17.2635338731517, 80.88246667005295, 0.8124560390584067, 0.7476217532772511
-17.23740869452337, 80.82042589839845, 0.8124560390584067, 0.7476217532772511
-17.211371206744737, 80.75834721863072, 0.8124560390584067, 0.7476217532772511
-17.185421821399924, 80.69623050252864, 0.8124560390584067, 0.7476217532772511
-17.15956095007315, 80.63407562187145, 0.8124560390584067, 0.7476217532772511
-17.13378900434858, 80.57188244843816, 0.8124560390584067, 0.7476217532772511
-17.108106395810363, 80.50965085400779, 0.8124560390584067, 0.7476217532772511
-17.08251353604272, 80.4473807103595, 0.8124560390584067, 0.7476217532772511
-17.057010836629782, 80.3850718892723, 0.8124560390584067, 0.7476217532772511
-17.031598709155766, 80.32272426252531, 0.8124560390584067, 0.7476217532772511
-17.006277565204833, 80.26033770189761, 0.8124560390584067, 0.7476217532772511
-16.981047816361144, 80.19791207916822, 0.8124560390584067, 0.7476217532772511
-16.9559098742089, 80.13544726611627, 0.8124560390584067, 0.7476217532772511
-16.930864150332255, 80.07294313452078, 0.8124560390584067, 0.7476217532772511
-16.90591105631541, 80.0103995561609, 0.8124560390584067, 0.7476217532772511
-16.881051003742535, 79.94781640281566, 0.8124560390584067, 0.7476217532772511
-16.85628440419778, 79.8851935462641, 0.8124560390584067, 0.7476217532772511
-16.83161166926536, 79.82253085828538, 0.8124560390584067, 0.7476217532772511
-16.807033208026507, 79.75982821194387, 0.8124560390584067, 0.7476217532772511
-16.78254907472607, 79.69708566253547, 0.8124560390584067, 0.7476217532772511
-16.758158604566884, 79.63430363463011, 0.8124560390584067, 0.7476217532772511
-16.733861045807153, 79.57148259744943, 0.8124560390584067, 0.7476217532772511
-16.709655646705112, 79.50862302021513, 0.8124560390584067, 0.7476217532772511
-16.68554165551896, 79.44572537214881, 0.8124560390584067, 0.7476217532772511
-16.661518320506904, 79.38279012247214, 0.8124560390584067, 0.7476217532772511
-16.63758488992718, 79.31981774040682, 0.8124560390584067, 0.7476217532772511
-16.613740612037972, 79.25680869517443, 0.8124560390584067, 0.7476217532772511
-16.58998473509753, 79.19376345599669, 0.8124560390584067, 0.7476217532772511
-16.56631650736405, 79.13068249209523, 0.8124560390584067, 0.7476217532772511
-16.542735177095715, 79.06756627269164, 0.8124560390584067, 0.7476217532772511
-16.519239992550794, 79.00441526700769, 0.8124560390584067, 0.7476217532772511
-16.495830201987452, 78.9412299442649, 0.8124560390584067, 0.7476217532772511
-16.47250505366394, 78.87801077368508, 0.8124560390584067, 0.7476217532772511
-16.44926379583845, 78.81475822448976, 0.8124560390584067, 0.7476217532772511
-16.426105676769183, 78.75147276590059, 0.8124560390584067, 0.7476217532772511
-16.403029944714387, 78.6881548671393, 0.8124560390584067, 0.7476217532772511
-16.380035847932245, 78.62480499742747, 0.8124560390584067, 0.7476217532772511
-16.357122634680987, 78.56142362598683, 0.8124560390584067, 0.7476217532772511
-16.334289553218827, 78.498011222039, 0.8124560390584067, 0.7476217532772511
-16.31153585180396, 78.43456825480557, 0.8124560390584067, 0.7476217532772511
-16.288860778694627, 78.37109519350828, 0.8124560390584067, 0.7476217532772511
-16.266263582149005, 78.30759250736871, 0.8124560390584067, 0.7476217532772511
-16.24374351042535, 78.2440606656086, 0.8124560390584067, 0.7476217532772511
-16.22129981178185, 78.18050013744956, 0.8124560390584067, 0.7476217532772511
-16.198931734476712, 78.1169113921132, 0.8124560390584067, 0.7476217532772511
-16.17663852676817, 78.05329489882122, 0.8124560390584067, 0.7476217532772511
-16.154419436914413, 77.98965112679525, 0.8124560390584067, 0.7476217532772511
-16.132273713173685, 77.92598054525699, 0.8124560390584067, 0.7476217532772511
-16.11020060380418, 77.86228362342807, 0.8124560390584067, 0.7476217532772511
-16.0881993570641, 77.79856083053004, 0.8124560390584067, 0.7476217532772511
-16.066269221211687, 77.73481263578473, 0.8124560390584067, 0.7476217532772511
-16.044409444505128, 77.67103950841367, 0.8124560390584067, 0.7476217532772511
-16.022619275202654, 77.60724191763858, 0.8124560390584067, 0.7476217532772511
-16.000897961562476, 77.54342033268108, 0.8124560390584067, 0.7476217532772511
-15.979244751842792, 77.47957522276279, 0.8124560390584067, 0.7476217532772511
-15.957658894301836, 77.41570705710541, 0.8124560390584067, 0.7476217532772511
-15.936139637197805, 77.35181630493057, 0.8124560390584067, 0.7476217532772511
-15.914686228788929, 77.28790343545998, 0.8124560390584067, 0.7476217532772511
-15.89329791733341, 77.22396891791523, 0.8124560390584067, 0.7476217532772511
-15.87197395108945, 77.16001322151796, 0.8124560390584067, 0.7476217532772511
-15.85071357831529, 77.09603681548988, 0.8124560390584067, 0.7476217532772511
-15.829516047269113, 77.03204016905258, 0.8124560390584067, 0.7476217532772511
-15.808380606209166, 76.9680237514278, 0.8124560390584067, 0.7476217532772511
-15.787306503393637, 76.90398803183713, 0.8124560390584067, 0.7476217532772511
-15.766292987080739, 76.8399334795022, 0.8124560390584067, 0.7476217532772511
-15.745339305528702, 76.77586056364471, 0.8124560390584067, 0.7476217532772511
-15.72444470699572, 76.7117697534863, 0.8124560390584067, 0.7476217532772511
-15.703608439740027, 76.64766151824863, 0.8124560390584067, 0.7476217532772511
-15.682829752019826, 76.58353632715335, 0.8124560390584067, 0.7476217532772511
-15.662107892093317, 76.51939464942208, 0.8124560390584067, 0.7476217532772511
-15.641442108218742, 76.45523695427654, 0.8124560390584067, 0.7476217532772511
-15.620831648654281, 76.3910637109383, 0.8124560390584067, 0.7476217532772511
-15.600275761658185, 76.3268753886291, 0.8124560390584067, 0.7476217532772511
-15.57977369548864, 76.26267245657054, 0.8124560390584067, 0.7476217532772511
-15.559324698403856, 76.19845538398425, 0.8124560390584067, 0.7476217532772511
-15.53892801866207, 76.13422464009194, 0.8124560390584067, 0.7476217532772511
-15.518582904521471, 76.06998069411523, 0.8124560390584067, 0.7476217532772511
-15.498288604309897, 76.00572401482732, 0.8124560390584067, 0.7476217532772511
-15.478044380788837, 75.94145497800474, 0.8124560390584067, 0.7476217532772511
-15.457849528766364, 75.87717375294636, 0.8124560390584067, 0.7476217532772511
-15.437703347362513, 75.81288048116961, 0.8124560390584067, 0.7476217532772511
-15.417605135697276, 75.74857530419166, 0.8124560390584067, 0.7476217532772511
-15.397554192890649, 75.68425836352972, 0.8124560390584067, 0.7476217532772511
-15.377549818062656, 75.61992980070107, 0.8124560390584067, 0.7476217532772511
-15.357591310333278, 75.5555897572229, 0.8124560390584067, 0.7476217532772511
-15.337677968822549, 75.49123837461252, 0.8124560390584067, 0.7476217532772511
-15.317809092650455, 75.42687579438714, 0.8124560390584067, 0.7476217532772511
-15.297983980936996, 75.36250215806396, 0.8124560390584067, 0.7476217532772511
-15.278201932802196, 75.29811760716028, 0.8124560390584067, 0.7476217532772511
-15.258462247366035, 75.23372228319326, 0.8124560390584067, 0.7476217532772511
-15.238764223748543, 75.16931632768026, 0.8124560390584067, 0.7476217532772511
-15.219107161069722, 75.10489988213847, 0.8124560390584067, 0.7476217532772511
-15.199490358449552, 75.04047308808505, 0.8124560390584067, 0.7476217532772511
-15.179913115008066, 74.97603608703736, 0.8124560390584067, 0.7476217532772511
-15.160374729865248, 74.91158902051254, 0.8124560390584067, 0.7476217532772511
-15.140874502141129, 74.84713203002792, 0.8124560390584067, 0.7476217532772511
-15.121411730955689, 74.78266525710067, 0.8124560390584067, 0.7476217532772511
-15.10198571542893, 74.71818884324804, 0.8124560390584067, 0.7476217532772511
-15.082595754680888, 74.65370292998733, 0.8124560390584067, 0.7476217532772511
-15.063241147831532, 74.58920765883568, 0.8124560390584067, 0.7476217532772511
-15.043921194000895, 74.52470317131043, 0.8124560390584067, 0.7476217532772511
-15.02463519230897, 74.4601896089288, 0.8124560390584067, 0.7476217532772511
-15.00538244187575, 74.39566711320794, 0.8124560390584067, 0.7476217532772511
-14.986162241821265, 74.3311358256652, 0.8124560390584067, 0.7476217532772511
-14.966973891265498, 74.26659588781776, 0.8124560390584067, 0.7476217532772511
-14.94781668932847, 74.20204744118288, 0.8124560390584067, 0.7476217532772511
-14.92868993513018, 74.13749062727781, 0.8124560390584067, 0.7476217532772511
-14.909592927790621, 74.07292558761974, 0.8124560390584067, 0.7476217532772511
-14.890524966429822, 74.008352463726, 0.8124560390584067, 0.7476217532772511
-14.87148535016776, 73.94377139711374, 0.8124560390584067, 0.7476217532772511
-14.852473378124468, 73.87918252930024, 0.8124560390584067, 0.7476217532772511
-14.833488349419936, 73.81458600180277, 0.8124560390584067, 0.7476217532772511
-14.81452956317416, 73.74998195613848, 0.8124560390584067, 0.7476217532772511
-14.795596318507164, 73.68537053382472, 0.8124560390584067, 0.7476217532772511
-14.776687914538938, 73.62075187637865, 0.8124560390584067, 0.7476217532772511
-14.7578036503895, 73.55612612531756, 0.8124560390584067, 0.7476217532772511
-14.738942825178848, 73.49149342215865, 0.8124560390584067, 0.7476217532772511
-14.72010473802698, 73.42685390841919, 0.8124560390584067, 0.7476217532772511
-14.701288688053914, 73.3622077256164, 0.8124560390584067, 0.7476217532772511
-14.682493974379636, 73.2975550152675, 0.8124560390584067, 0.7476217532772511
-14.66371989612418, 73.23289591888981, 0.8124560390584067, 0.7476217532772511
-14.644965752407533, 73.16823057800053, 0.8124560390584067, 0.7476217532772511
-14.626230842349692, 73.10355913411684, 0.8124560390584067, 0.7476217532772511
-14.607514465070675, 73.03888172875605, 0.8124560390584067, 0.7476217532772511
-14.588815919690482, 72.97419850343536, 0.8124560390584067, 0.7476217532772511
-14.570134505329124, 72.90950959967206, 0.8124560390584067, 0.7476217532772511
-14.5514695211066, 72.84481515898335, 0.8124560390584067, 0.7476217532772511
-14.53282026614291, 72.78011532288646, 0.8124560390584067, 0.7476217532772511
-14.514186039558076, 72.7154102328987, 0.8124560390584067, 0.7476217532772511
-14.495566140472079, 72.6507000305372, 0.8124560390584067, 0.7476217532772511
-14.476959868004942, 72.58598485731929, 0.8124560390584067, 0.7476217532772511
-14.45836652127667, 72.52126485476218, 0.8124560390584067, 0.7476217532772511
-14.439785399407253, 72.4565401643831, 0.8124560390584067, 0.7476217532772511
-14.421215801516716, 72.39181092769931, 0.8124560390584067, 0.7476217532772511
-14.40265702672505, 72.32707728622805, 0.8124560390584067, 0.7476217532772511
-14.384108374152255, 72.26233938148651, 0.8124560390584067, 0.7476217532772511
-14.365569142918352, 72.19759735499201, 0.8124560390584067, 0.7476217532772511
-14.347038650377755, 72.13285134496638, 0.8124560390584067, 0.7476217532772511
-14.328516648680134, 72.06810141105488, 0.8124560390584067, 0.7476217532772511
-14.310003333504062, 72.00334753274774, 0.8124560390584067, 0.7476217532772511
-14.291498920509477, 71.93858968592403, 0.8124560390584067, 0.7476217532772511
-14.273003625356347, 71.87382784646294, 0.8124560390584067, 0.7476217532772511
-14.254517663704608, 71.8090619902436, 0.8124560390584067, 0.7476217532772511
-14.236041251214225, 71.74429209314518, 0.8124560390584067, 0.7476217532772511
-14.217574603545145, 71.6795181310468, 0.8124560390584067, 0.7476217532772511
-14.199117936357307, 71.61474007982761, 0.8124560390584067, 0.7476217532772511
-14.180671465310686, 71.54995791536678, 0.8124560390584067, 0.7476217532772511
-14.162235406065207, 71.48517161354334, 0.8124560390584067, 0.7476217532772511
-14.143809974280844, 71.42038115023662, 0.8124560390584067, 0.7476217532772511
-14.125395385617535, 71.35558650132565, 0.8124560390584067, 0.7476217532772511
-14.106991855735227, 71.29078764268955, 0.8124560390584067, 0.7476217532772511
-14.088599600293884, 71.22598455020753, 0.8124560390584067, 0.7476217532772511
-14.07021883495344, 71.16117719975865, 0.8124560390584067, 0.7476217532772511
-14.05184977537387, 71.09636556722221, 0.8124560390584067, 0.7476217532772511
-14.033492637215112, 71.03154962847721, 0.8124560390584067, 0.7476217532772511
-14.015147636137106, 70.96672935940282, 0.8124560390584067, 0.7476217532772511
-13.996814987799821, 70.90190473587823, 0.8124560390584067, 0.7476217532772511
-13.978494907863194, 70.83707573378253, 0.8124560390584067, 0.7476217532772511
-13.960187611987196, 70.77224232899495, 0.8124560390584067, 0.7476217532772511
-13.94189331583176, 70.70740449739455, 0.8124560390584067, 0.7476217532772511
-13.923612235056837, 70.64256221486049, 0.8124560390584067, 0.7476217532772511
-13.905344585322393, 70.57771545727195, 0.8124560390584067, 0.7476217532772511
-13.887090582288357, 70.512864200508, 0.8124560390584067, 0.7476217532772511
-13.868850441614702, 70.44800842044789, 0.8124560390584067, 0.7476217532772511
-13.850624378961374, 70.3831480929707, 0.8124560390584067, 0.7476217532772511
-13.832412609988303, 70.31828319395554, 0.8124560390584067, 0.7476217532772511
-13.81421535035547, 70.25341369928162, 0.8124560390584067, 0.7476217532772511
-13.796032815722807, 70.18853958482806, 0.8124560390584067, 0.7476217532772511
-13.77786522175028, 70.12366082647404, 0.8124560390584067, 0.7476217532772511
-13.759712784097827, 70.05877740009863, 0.8124560390584067, 0.7476217532772511
-13.741575718425398, 69.993889281581, 0.8124560390584067, 0.7476217532772511
-13.723454240392956, 69.92899644680034, 0.8124560390584067, 0.7476217532772511
-13.705348565660435, 69.86409887163573, 0.8124560390584067, 0.7476217532772511
-13.687258909887811, 69.79919653196639, 0.8124560390584067, 0.7476217532772511
-13.669185488735017, 69.7342894036714, 0.8124560390584067, 0.7476217532772511
-13.651128517861999, 69.6693774626299, 0.8124560390584067, 0.7476217532772511
-13.633088212928728, 69.6044606847211, 0.8124560390584067, 0.7476217532772511
-13.615064789595127, 69.53953904582404, 0.8124560390584067, 0.7476217532772511
-13.597058463521183, 69.47461252181799, 0.8124560390584067, 0.7476217532772511
-13.579069450366823, 69.40968108858203, 0.8124560390584067, 0.7476217532772511
-13.561097965791992, 69.34474472199524, 0.8124560390584067, 0.7476217532772511
-13.543144225456667, 69.27980339793689, 0.8124560390584067, 0.7476217532772511
-13.52520844502077, 69.21485709228601, 0.8124560390584067, 0.7476217532772511
-13.507290840144282, 69.14990578092186, 0.8124560390584067, 0.7476217532772511
-13.48939162648713, 69.08494943972347, 0.8124560390584067, 0.7476217532772511
-13.47151101970927, 69.01998804457004, 0.8124560390584067, 0.7476217532772511
-13.453649235470664, 68.95502157134074, 0.8124560390584067, 0.7476217532772511
-13.435806489431247, 68.89004999591465, 0.8124560390584067, 0.7476217532772511
-13.417982997250991, 68.82507329417099, 0.8124560390584067, 0.7476217532772511
-13.40017897458983, 68.76009144198883, 0.8124560390584067, 0.7476217532772511
-13.382394637107712, 68.69510441524733, 0.8124560390584067, 0.7476217532772511
-13.364630200464608, 68.63011218982571, 0.8124560390584067, 0.7476217532772511
-13.346885880320459, 68.56511474160303, 0.8124560390584067, 0.7476217532772511
-13.329161892335197, 68.50011204645841, 0.8124560390584067, 0.7476217532772511
-13.311458452168802, 68.43510408027109, 0.8124560390584067, 0.7476217532772511
-13.293775775481208, 68.37009081892013, 0.8124560390584067, 0.7476217532772511
-13.276114077932379, 68.30507223828475, 0.8124560390584067, 0.7476217532772511
-13.258473573537628, 68.24004831374515, 0.8124560390584067, 0.7476217532772511
-13.240854453403324, 68.17501901373194, 0.8124560390584067, 0.7476217532772511
-13.223256891831282, 68.10998430157805, 0.8124560390584067, 0.7476217532772511
-13.205681062736382, 68.04494414049894, 0.8124560390584067, 0.7476217532772511
-13.188127140033544, 67.97989849371018, 0.8124560390584067, 0.7476217532772511
-13.170595297637655, 67.91484732442723, 0.8124560390584067, 0.7476217532772511
-13.153085709463614, 67.84979059586557, 0.8124560390584067, 0.7476217532772511
-13.135598549426334, 67.78472827124078, 0.8124560390584067, 0.7476217532772511
-13.118133991440693, 67.71966031376827, 0.8124560390584067, 0.7476217532772511
-13.100692209421616, 67.65458668666359, 0.8124560390584067, 0.7476217532772511
-13.083273377283987, 67.58950735314228, 0.8124560390584067, 0.7476217532772511
-13.065877668942708, 67.52442227641977, 0.8124560390584067, 0.7476217532772511
-13.048505258312687, 67.45933141971166, 0.8124560390584067, 0.7476217532772511
-13.031156319308806, 67.39423474623334, 0.8124560390584067, 0.7476217532772511
-13.013831025845988, 67.32913221920039, 0.8124560390584067, 0.7476217532772511
-12.996529551839123, 67.26402380182833, 0.8124560390584067, 0.7476217532772511
-12.979252071203103, 67.19890945733258, 0.8124560390584067, 0.7476217532772511
-12.96199875785284, 67.13378914892873, 0.8124560390584067, 0.7476217532772511
-12.944769785703222, 67.06866283983223, 0.8124560390584067, 0.7476217532772511
-12.927565328669168, 67.00353049325864, 0.8124560390584067, 0.7476217532772511
-12.910385560665562, 66.93839207242341, 0.8124560390584067, 0.7476217532772511
-12.893230655607296, 66.87324754054201, 0.8124560390584067, 0.7476217532772511
-12.876100787409301, 66.80809686083008, 0.8124560390584067, 0.7476217532772511
-12.85899612998644, 66.74293999650297, 0.8124560390584067, 0.7476217532772511
-12.841916857253649, 66.67777691077633, 0.8124560390584067, 0.7476217532772511
-12.824863143125803, 66.61260756686555, 0.8124560390584067, 0.7476217532772511
-12.8078351615178, 66.54743192798615, 0.8124560390584067, 0.7476217532772511
-12.79083308634456, 66.48224995735369, 0.8124560390584067, 0.7476217532772511
-12.773857091520963, 66.41706161818362, 0.8124560390584067, 0.7476217532772511
-12.756907350961924, 66.3518668736915, 0.8124560390584067, 0.7476217532772511
-12.739984038582344, 66.2866656870928, 0.8124560390584067, 0.7476217532772511
-12.723087328297103, 66.221458021603, 0.8124560390584067, 0.7476217532772511
-12.706217394021124, 66.15624384043765, 0.8124560390584067, 0.7476217532772511
-12.68937440966929, 66.09102310681222, 0.8124560390584067, 0.7476217532772511
-12.672558549156514, 66.02579578394227, 0.8124560390584067, 0.7476217532772511
-12.655769986397694, 65.96056183504324, 0.8124560390584067, 0.7476217532772511
-12.639008895307713, 65.89532122333063, 0.8124560390584067, 0.7476217532772511
-12.622275449801496, 65.83007391202, 0.8124560390584067, 0.7476217532772511
-12.605569823793918, 65.76481986432678, 0.8124560390584067, 0.7476217532772511
-12.588892191199905, 65.69955904346659, 0.8124560390584067, 0.7476217532772511
-12.572242725934341, 65.63429141265485, 0.8124560390584067, 0.7476217532772511
-12.555621601912119, 65.56901693510704, 0.8124560390584067, 0.7476217532772511
-12.539028993048163, 65.50373557403874, 0.8124560390584067, 0.7476217532772511
-12.522465073257349, 65.43844729266539, 0.8124560390584067, 0.7476217532772511
-12.505930016454595, 65.37315205420255, 0.8124560390584067, 0.7476217532772511
-12.489423996554796, 65.3078498218657, 0.8124560390584067, 0.7476217532772511
-12.472947187472835, 65.24254055887032, 0.8124560390584067, 0.7476217532772511
-12.456499763123636, 65.17722422843194, 0.8124560390584067, 0.7476217532772511
-12.440081897422083, 65.11190079376604, 0.8124560390584067, 0.7476217532772511
-12.423693764283092, 65.04657021808819, 0.8124560390584067, 0.7476217532772511
-12.40733553762155, 64.98123246461384, 0.8124560390584067, 0.7476217532772511
-12.391007391352353, 64.91588749655847, 0.8124560390584067, 0.7476217532772511
-12.374709499390416, 64.85053527713764, 0.8124560390584067, 0.7476217532772511
-12.35844203565063, 64.78517576956683, 0.8124560390584067, 0.7476217532772511
-12.342205174047887, 64.71980893706153, 0.8124560390584067, 0.7476217532772511
-12.325999088497108, 64.65443474283727, 0.8124560390584067, 0.7476217532772511
-12.30982395291317, 64.58905315010955, 0.8124560390584067, 0.7476217532772511
-12.293679941211, 64.52366412209389, 0.8124560390584067, 0.7476217532772511
-12.27756722730547, 64.45826762200574, 0.8124560390584067, 0.7476217532772511
-12.261485985111491, 64.39286361306063, 0.8124560390584067, 0.7476217532772511
-12.24543636309549, 64.32745206425867, 0.8124560390584067, 0.7476217532772511
-12.229418250775758, 64.2620330034605, 0.8124560390584067, 0.7476217532772511
-12.2134313866045, 64.19660649286494, 0.8124560390584067, 0.7476217532772511
-12.197475507146248, 64.13117259510003, 0.8124560390584067, 0.7476217532772511
-12.181550348965551, 64.06573137279359, 0.8124560390584067, 0.7476217532772511
-12.165655648626952, 64.0002828885737, 0.8124560390584067, 0.7476217532772511
-12.149791142694994, 63.93482720506823, 0.8124560390584067, 0.7476217532772511
-12.133956567734224, 63.86936438490518, 0.8124560390584067, 0.7476217532772511
-12.118151660309188, 63.803894490712494, 0.8124560390584067, 0.7476217532772511
-12.102376156984413, 63.73841758511806, 0.8124560390584067, 0.7476217532772511
-12.086629794324464, 63.67293373074993, 0.8124560390584067, 0.7476217532772511
-12.07091230889387, 63.607442990235995, 0.8124560390584067, 0.7476217532772511
-12.055223437257188, 63.54194542620423, 0.8124560390584067, 0.7476217532772511
-12.039562915978951, 63.47644110128259, 0.8124560390584067, 0.7476217532772511
-12.023930481623703, 63.410930078098986, 0.8124560390584067, 0.7476217532772511
-12.008325870755996, 63.34541241928143, 0.8124560390584067, 0.7476217532772511
-11.992748819940362, 63.2798881874578, 0.8124560390584067, 0.7476217532772511
-11.977199065741354, 63.21435744525613, 0.8124560390584067, 0.7476217532772511
-11.961676344723518, 63.14882025530433, 0.8124560390584067, 0.7476217532772511
-11.946180393451382, 63.08327668023033, 0.8124560390584067, 0.7476217532772511
-11.930710948489509, 63.01772678266212, 0.8124560390584067, 0.7476217532772511
-11.915267746402426, 62.95217062522764, 0.8124560390584067, 0.7476217532772511
-11.899850523754694, 62.88660827055486, 0.8124560390584067, 0.7476217532772511
-11.884459017110848, 62.82103978127171, 0.8124560390584067, 0.7476217532772511
-11.869092963035422, 62.755465220006116, 0.8124560390584067, 0.7476217532772511
-11.853752098092976, 62.68988464938609, 0.8124560390584067, 0.7476217532772511
-11.838436158848042, 62.62429813203953, 0.8124560390584067, 0.7476217532772511
-11.823144881865174, 62.55870573059443, 0.8124560390584067, 0.7476217532772511
-11.80787800370891, 62.49310750767873, 0.8124560390584067, 0.7476217532772511
-11.792635260943786, 62.42750352592035, 0.8124560390584067, 0.7476217532772511
-11.777416390134368, 62.361893847947314, 0.8124560390584067, 0.7476217532772511
-11.762221127845168, 62.29627853638745, 0.8124560390584067, 0.7476217532772511
-11.747049210640764, 62.23065765386886, 0.8124560390584067, 0.7476217532772511
-11.731900375085676, 62.165031263019415, 0.8124560390584067, 0.7476217532772511
-11.716774357744447, 62.09939942646702, 0.8124560390584067, 0.7476217532772511
-11.701670895181643, 62.03376220683976, 0.8124560390584067, 0.7476217532772511
-11.68658972396178, 61.968119666765446, 0.8124560390584067, 0.7476217532772511
-11.671530580649424, 61.90247186887214, 0.8124560390584067, 0.7476217532772511
-11.656493201809111, 61.83681887578774, 0.8124560390584067, 0.7476217532772511
-11.641477324005372, 61.77116075014018, 0.8124560390584067, 0.7476217532772511
-11.626482683802775, 61.705497554557475, 0.8124560390584067, 0.7476217532772511
-11.611509017765838, 61.63982935166748, 0.8124560390584067, 0.7476217532772511
-11.596556062459129, 61.574156204098266, 0.8124560390584067, 0.7476217532772511
-11.581623554447182, 61.50847817447774, 0.8124560390584067, 0.7476217532772511
-11.56671123029453, 61.442795325433785, 0.8124560390584067, 0.7476217532772511
-11.55181882656573, 61.37710771959445, 0.8124560390584067, 0.7476217532772511
-11.53694607982532, 61.311415419587604, 0.8124560390584067, 0.7476217532772511
-11.522092726637847, 61.24571848804127, 0.8124560390584067, 0.7476217532772511
-11.507258503567858, 61.18001698758339, 0.8124560390584067, 0.7476217532772511
-11.492443147179886, 61.11431098084185, 0.8124560390584067, 0.7476217532772511
-11.477646394038484, 61.04860053044469, 0.8124560390584067, 0.7476217532772511
-11.462867980708191, 60.98288569901981, 0.8124560390584067, 0.7476217532772511
-11.448107643753547, 60.917166549195144, 0.8124560390584067, 0.7476217532772511
-11.43336511973911, 60.851443143598715, 0.8124560390584067, 0.7476217532772511
-11.418640145229405, 60.785715544858384, 0.8124560390584067, 0.7476217532772511
-11.40393245678899, 60.719983815602184, 0.8124560390584067, 0.7476217532772511
-11.389241790982412, 60.65424801845807, 0.8124560390584067, 0.7476217532772511
-11.374567884374192, 60.588508216053896, 0.8124560390584067, 0.7476217532772511
-11.3599104735289, 60.52276447101771, 0.8124560390584067, 0.7476217532772511
-11.345269295011056, 60.45701684597738, 0.8124560390584067, 0.7476217532772511
-11.33064408538523, 60.39126540356098, 0.8124560390584067, 0.7476217532772511
-11.31603458121595, 60.32551020639638, 0.8124560390584067, 0.7476217532772511
-11.30144051906775, 60.25975131711151, 0.8124560390584067, 0.7476217532772511
-11.2868616355052, 60.193988798334395, 0.8124560390584067, 0.7476217532772511
-11.272297667092813, 60.128222712692875, 0.8124560390584067, 0.7476217532772511
-11.257748350395165, 60.06245312281505, 0.8124560390584067, 0.7476217532772511
-11.243213421976778, 59.996680091328784, 0.8124560390584067, 0.7476217532772511
-11.228692618402196, 59.930903680861995, 0.8124560390584067, 0.7476217532772511
-11.214185676235973, 59.86512395404273, 0.8124560390584067, 0.7476217532772511
-11.199692332042643, 59.79934097349886, 0.8124560390584067, 0.7476217532772511
-11.18521232238676, 59.7335548018584, 0.8124560390584067, 0.7476217532772511
-11.170745383832866, 59.66776550174928, 0.8124560390584067, 0.7476217532772511
-11.156291252945488, 59.60197313579939, 0.8124560390584067, 0.7476217532772511
-11.141849666289195, 59.53617776663679, 0.8124560390584067, 0.7476217532772511
-11.127420360428507, 59.47037945688931, 0.8124560390584067, 0.7476217532772511
-11.11300307192799, 59.404578269185045, 0.8124560390584067, 0.7476217532772511
-11.098597537352173, 59.33877426615184, 0.8124560390584067, 0.7476217532772511
-11.0842034932656, 59.27296751041765, 0.8124560390584067, 0.7476217532772511
-11.069820676232828, 59.20715806461051, 0.8124560390584067, 0.7476217532772511
-11.055448822818377, 59.141345991358264, 0.8124560390584067, 0.7476217532772511
-11.041087669586817, 59.075531353288966, 0.8124560390584067, 0.7476217532772511
-11.02673695310268, 59.00971421303051, 0.8124560390584067, 0.7476217532772511
-11.012396409930501, 58.94389463321083, 0.8124560390584067, 0.7476217532772511
-10.998065776634837, 58.87807267645794, 0.8124560390584067, 0.7476217532772511
-10.983744789780223, 58.81224840539972, 0.8124560390584067, 0.7476217532772511
-10.969433185931214, 58.746421882664194, 0.8124560390584067, 0.7476217532772511
-10.955130701652346, 58.680593170879284, 0.8124560390584067, 0.7476217532772511
-10.940837073508153, 58.61476233267289, 0.8124560390584067, 0.7476217532772511
-10.9265520380632, 58.54892943067308, 0.8124560390584067, 0.7476217532772511
-10.912275331882013, 58.48309452750768, 0.8124560390584067, 0.7476217532772511
-10.898006691529146, 58.41725768580473, 0.8124560390584067, 0.7476217532772511
-10.88374585356914, 58.35141896819216, 0.8124560390584067, 0.7476217532772511
-10.869492554566532, 58.28557843729787, 0.8124560390584067, 0.7476217532772511
-10.855246531085875, 58.2197361557499, 0.8124560390584067, 0.7476217532772511
-10.841007519691706, 58.15389218617612, 0.8124560390584067, 0.7476217532772511
-10.826775256948578, 58.08804659120457, 0.8124560390584067, 0.7476217532772511
-10.812549479421032, 58.022199433463136, 0.8124560390584067, 0.7476217532772511
-10.798329923673597, 57.956350775579764, 0.8124560390584067, 0.7476217532772511
-10.784116326270839, 57.890500680182456, 0.8124560390584067, 0.7476217532772511
-10.769908423777279, 57.82464920989909, 0.8124560390584067, 0.7476217532772511
-10.755705952757484, 57.758796427357716, 0.8124560390584067, 0.7476217532772511
-10.741508649775984, 57.69294239518623, 0.8124560390584067, 0.7476217532772511
-10.727316251397319, 57.62708717601255, 0.8124560390584067, 0.7476217532772511
-10.713128494186048, 57.561230832464695, 0.8124560390584067, 0.7476217532772511
-10.698945114706707, 57.49537342717062, 0.8124560390584067, 0.7476217532772511
-10.684765849523828, 57.429515022758196, 0.8124560390584067, 0.7476217532772511
-10.670590435201971, 57.363655681855434, 0.8124560390584067, 0.7476217532772511
-10.65641860830567, 57.297795467090275, 0.8124560390584067, 0.7476217532772511
-10.642250105399482, 57.231934441090694, 0.8124560390584067, 0.7476217532772511
-10.628084663047938, 57.166072666484624, 0.8124560390584067, 0.7476217532772511
-10.613922017815579, 57.10021020589998, 0.8124560390584067, 0.7476217532772511
-10.599761906266961, 57.03434712196478, 0.8124560390584067, 0.7476217532772511
-10.585604064966613, 56.968483477306904, 0.8124560390584067, 0.7476217532772511
-10.571448230479097, 56.902619334554394, 0.8124560390584067, 0.7476217532772511
-10.557294139368949, 56.83675475633514, 0.8124560390584067, 0.7476217532772511
-10.543141528200703, 56.770889805277086, 0.8124560390584067, 0.7476217532772511
-10.528990133538919, 56.70502454400824, 0.8124560390584067, 0.7476217532772511
-10.51483969194812, 56.63915903515647, 0.8124560390584067, 0.7476217532772511
-10.50068993999287, 56.573293341349824, 0.8124560390584067, 0.7476217532772511
-10.486540614237713, 56.5074275252162, 0.8124560390584067, 0.7476217532772511
-10.47239145124717, 56.44156164938353, 0.8124560390584067, 0.7476217532772511
-10.458242187585807, 56.37569577647982, 0.8124560390584067, 0.7476217532772511
-10.444092559818156, 56.30982996913296, 0.8124560390584067, 0.7476217532772511
-10.42994230450877, 56.24396428997098, 0.8124560390584067, 0.7476217532772511
-10.415791158222188, 56.17809880162179, 0.8124560390584067, 0.7476217532772511
-10.401638857522945, 56.1122335667133, 0.8124560390584067, 0.7476217532772511
-10.387485138975602, 56.04636864787355, 0.8124560390584067, 0.7476217532772511
-10.373329739144687, 55.9805041077304, 0.8124560390584067, 0.7476217532772511
-10.359172394594758, 55.91464000891188, 0.8124560390584067, 0.7476217532772511
-10.345012841890352, 55.84877641404592, 0.8124560390584067, 0.7476217532772511
-10.330850817596001, 55.78291338576042, 0.8124560390584067, 0.7476217532772511
-10.316686058276272, 55.71705098668341, 0.8124560390584067, 0.7476217532772511
-10.302518300495684, 55.65118927944277, 0.8124560390584067, 0.7476217532772511
-10.288347280818806, 55.58532832666653, 0.8124560390584067, 0.7476217532772511
-10.274172735810165, 55.51946819098259, 0.8124560390584067, 0.7476217532772511
-10.259994402034303, 55.45360893501888, 0.8124560390584067, 0.7476217532772511
-10.245812016055778, 55.38775062140342, 0.8124560390584067, 0.7476217532772511
-10.231625314439118, 55.32189331276409, 0.8124560390584067, 0.7476217532772511
-10.21743403374888, 55.256037071728926, 0.8124560390584067, 0.7476217532772511
-10.2032379105496, 55.190181960925806, 0.8124560390584067, 0.7476217532772511
-10.18903668140582, 55.1243280429827, 0.8124560390584067, 0.7476217532772511
-10.174830082882092, 55.058475380527575, 0.8124560390584067, 0.7476217532772511
-10.160617851542948, 54.99262403618836, 0.8124560390584067, 0.7476217532772511
-10.146399723952948, 54.92677407259306, 0.8124560390584067, 0.7476217532772511
-10.132175436676624, 54.86092555236958, 0.8124560390584067, 0.7476217532772511
-10.117944726278516, 54.795078538145845, 0.8124560390584067, 0.7476217532772511
-10.103707329323182, 54.72923309254989, 0.8124560390584067, 0.7476217532772511
-10.08946298237515, 54.66338927820958, 0.8124560390584067, 0.7476217532772511
-10.075211421998977, 54.597547157752956, 0.8124560390584067, 0.7476217532772511
-10.060952384759204, 54.531706793807906, 0.8124560390584067, 0.7476217532772511
-10.046685607220365, 54.465868249002376, 0.8124560390584067, 0.7476217532772511
-10.032410825947016, 54.40003158596437, 0.8124560390584067, 0.7476217532772511
-10.018127777503686, 54.33419686732177, 0.8124560390584067, 0.7476217532772511
-10.003836198454938, 54.26836415570261, 0.8124560390584067, 0.7476217532772511
-9.989535825365307, 54.2025335137348, 0.8124560390584067, 0.7476217532772511
-9.975226394799327, 54.13670500404624, 0.8124560390584067, 0.7476217532772511
-9.960907643321558, 54.070878689264994, 0.8124560390584067, 0.7476217532772511
-9.94657930749653, 54.00505463201892, 0.8124560390584067, 0.7476217532772511
-9.932241123888799, 53.939232894936026, 0.8124560390584067, 0.7476217532772511
-9.917892829062902, 53.87341354064425, 0.8124560390584067, 0.7476217532772511
-9.903534159583378, 53.807596631771496, 0.8124560390584067, 0.7476217532772511
-9.889164852014781, 53.74178223094581, 0.8124560390584067, 0.7476217532772511
-9.87478464292165, 53.67597040079506, 0.8124560390584067, 0.7476217532772511
-9.860393268868524, 53.610161203947214, 0.8124560390584067, 0.7476217532772511
-9.845990466419956, 53.54435470303027, 0.8124560390584067, 0.7476217532772511
-9.83157597214048, 53.47855096067212, 0.8124560390584067, 0.7476217532772511
-9.817149522594649, 53.41275003950077, 0.8124560390584067, 0.7476217532772511
-9.802710854347007, 53.346952002144164, 0.8124560390584067, 0.7476217532772511
-9.788259703962083, 53.281156911230184, 0.8124560390584067, 0.7476217532772511
-9.773795808004436, 53.21536482938687, 0.8124560390584067, 0.7476217532772511
-9.759318903038602, 53.14957581924211, 0.8124560390584067, 0.7476217532772511
-9.744828725629135, 53.08378994342392, 0.8124560390584067, 0.7476217532772511
-9.73032501234057, 53.018007264560225, 0.8124560390584067, 0.7476217532772511
-9.715807499737444, 52.95222784527893, 0.8124560390584067, 0.7476217532772511
-9.701275924384317, 52.886451748208046, 0.8124560390584067, 0.7476217532772511
-9.686730022845717, 52.82067903597549, 0.8124560390584067, 0.7476217532772511
-9.672169531686201, 52.75490977120925, 0.8124560390584067, 0.7476217532772511
-9.657594187470309, 52.68914401653726, 0.8124560390584067, 0.7476217532772511
-9.643003726762574, 52.62338183458745, 0.8124560390584067, 0.7476217532772511
-9.628397886127557, 52.557623287987816, 0.8124560390584067, 0.7476217532772511
-9.613776402129785, 52.49186843936624, 0.8124560390584067, 0.7476217532772511
-9.599139011333818, 52.42611735135077, 0.8124560390584067, 0.7476217532772511
-9.584485450304193, 52.360370086569304, 0.8124560390584067, 0.7476217532772511
-9.569815455605442, 52.294626707649755, 0.8124560390584067, 0.7476217532772511
-9.555128763802129, 52.22888727722017, 0.8124560390584067, 0.7476217532772511
-9.54042511145878, 52.1631518579084, 0.8124560390584067, 0.7476217532772511
-9.525704235139951, 52.097420512342474, 0.8124560390584067, 0.7476217532772511
-9.510965871410189, 52.031693303150334, 0.8124560390584067, 0.7476217532772511
-9.496209756834016, 51.96597029295987, 0.8124560390584067, 0.7476217532772511
-9.481435627976001, 51.90025154439911, 0.8124560390584067, 0.7476217532772511
-9.466643221400666, 51.83453712009594, 0.8124560390584067, 0.7476217532772511
-9.451832273672576, 51.768827082678385, 0.8124560390584067, 0.7476217532772511
-9.437002521356263, 51.70312149477435, 0.8124560390584067, 0.7476217532772511
-9.422153701016263, 51.63742041901177, 0.8124560390584067, 0.7476217532772511
-9.407285549217137, 51.57172391801865, 0.8124560390584067, 0.7476217532772511
-9.392397802523414, 51.50603205442289, 0.8124560390584067, 0.7476217532772511
-9.377490197499652, 51.44034489085249, 0.8124560390584067, 0.7476217532772511
-9.362562470710383, 51.374662489935375, 0.8124560390584067, 0.7476217532772511
-9.34761435872015, 51.30898491429947, 0.8124560390584067, 0.7476217532772511
-9.33264559809351, 51.2433122265728, 0.8124560390584067, 0.7476217532772511
-9.317655925394991, 51.177644489383226, 0.8124560390584067, 0.7476217532772511
-9.302645077189148, 51.11198176535879, 0.8124560390584067, 0.7476217532772511
-9.287612790040523, 51.04632411712741, 0.8124560390584067, 0.7476217532772511
-9.272558800513647, 50.98067160731698, 0.8124560390584067, 0.7476217532772511
-9.257482845173085, 50.91502429855555, 0.8124560390584067, 0.7476217532772511
-9.242384660583362, 50.849382253470985, 0.8124560390584067, 0.7476217532772511
-9.227263983309035, 50.783745534691306, 0.8124560390584067, 0.7476217532772511
-9.212120549914644, 50.718114204844454, 0.8124560390584067, 0.7476217532772511
-9.196954096964722, 50.652488326558306, 0.8124560390584067, 0.7476217532772511
-9.18176436102383, 50.586867962460914, 0.8124560390584067, 0.7476217532772511
-9.166551078656497, 50.521253175180156, 0.8124560390584067, 0.7476217532772511
-9.15131398642728, 50.45564402734405, 0.8124560390584067, 0.7476217532772511
-9.136052820900717, 50.3900405815805, 0.8124560390584067, 0.7476217532772511
-9.120767318641342, 50.32444290051745, 0.8124560390584067, 0.7476217532772511
-9.105457216213715, 50.258851046782894, 0.8124560390584067, 0.7476217532772511
-9.090122250182363, 50.19326508300473, 0.8124560390584067, 0.7476217532772511
-9.074762157111852, 50.127685071810994, 0.8124560390584067, 0.7476217532772511
-9.059376673566709, 50.06211107582958, 0.8124560390584067, 0.7476217532772511
-9.043965536111472, 49.99654315768839, 0.8124560390584067, 0.7476217532772511
-9.028528481310705, 49.9309813800155, 0.8124560390584067, 0.7476217532772511
-9.013065245728939, 49.865425805438775, 0.8124560390584067, 0.7476217532772511
-8.997575565930713, 49.79987649658615, 0.8124560390584067, 0.7476217532772511
-8.982059178480586, 49.73433351608567, 0.8124560390584067, 0.7476217532772511
-8.966515819943085, 49.66879692656518, 0.8124560390584067, 0.7476217532772511
-8.95094522688277, 49.603266790652725, 0.8124560390584067, 0.7476217532772511
-8.935347135864175, 49.537743170976206, 0.8124560390584067, 0.7476217532772511
-8.919721283451837, 49.472226130163556, 0.8124560390584067, 0.7476217532772511
-8.90406740621032, 49.40671573084279, 0.8124560390584067, 0.7476217532772511
-8.888385240704144, 49.34121203564179, 0.8124560390584067, 0.7476217532772511
-8.872674523497874, 49.27571510718858, 0.8124560390584067, 0.7476217532772511
-8.856934991156045, 49.21022500811107, 0.8124560390584067, 0.7476217532772511
-8.841166380243195, 49.1447418010372, 0.8124560390584067, 0.7476217532772511
-8.825368427323873, 49.07926554859494, 0.8124560390584067, 0.7476217532772511
-8.809540868962621, 49.01379631341223, 0.8124560390584067, 0.7476217532772511
-8.79368344172399, 48.94833415811707, 0.8124560390584067, 0.7476217532772511
-8.77779588217252, 48.88287914533737, 0.8124560390584067, 0.7476217532772511
-8.761877926872744, 48.81743133770106, 0.8124560390584067, 0.7476217532772511
-8.745929312389222, 48.75199079783614, 0.8124560390584067, 0.7476217532772511
-8.72994977528648, 48.68655758837051, 0.8124560390584067, 0.7476217532772511
-8.713939052129083, 48.6211317719322, 0.8124560390584067, 0.7476217532772511
