# x_m, y_m, w_tr_right_m, w_tr_left_m
9.605438055507422, 71.39825830395543, 0.9856086159070804, 1.111427094948162
9.551346270367564, 71.32373221854577, 0.9856086159070804, 1.111427094948162
9.498082896584974, 71.24879198578994, 0.9856086159070804, 1.111427094948162
9.44563324073894, 71.17344523562937, 0.9856086159070804, 1.111427094948162
9.39398260940874, 71.09769959800532, 0.9856086159070804, 1.111427094948162
9.343116309173642, 71.0215627028591, 0.9856086159070804, 1.111427094948162
9.293019646612933, 70.94504218013215, 0.9856086159070804, 1.111427094948162
9.24367792830588, 70.86814565976564, 0.9856086159070804, 1.111427094948162
9.19507646083178, 70.7908807717011, 0.9856086159070804, 1.111427094948162
9.1472005507699, 70.71325514587971, 0.9856086159070804, 1.111427094948162
9.100035504699513, 70.63527641224286, 0.9856086159070804, 1.111427094948162
9.053566629199908, 70.55695220073187, 0.9856086159070804, 1.111427094948162
9.007779230850353, 70.4782901412881, 0.9856086159070804, 1.111427094948162
8.962658616230136, 70.39929786385287, 0.9856086159070804, 1.111427094948162
8.918190091918529, 70.3199829983675, 0.9856086159070804, 1.111427094948162
8.874358964494812, 70.24035317477329, 0.9856086159070804, 1.111427094948162
8.831150540538259, 70.16041602301165, 0.9856086159070804, 1.111427094948162
8.78855012662815, 70.08017917302385, 0.9856086159070804, 1.111427094948162
8.746543029343771, 69.99965025475127, 0.9856086159070804, 1.111427094948162
8.705114555264393, 69.91883689813523, 0.9856086159070804, 1.111427094948162
8.66425001096929, 69.83774673311702, 0.9856086159070804, 1.111427094948162
8.62393470303775, 69.75638738963801, 0.9856086159070804, 1.111427094948162
8.584153938049045, 69.67476649763955, 0.9856086159070804, 1.111427094948162
8.544893022582453, 69.59289168706295, 0.9856086159070804, 1.111427094948162
8.506137263217255, 69.51077058784954, 0.9856086159070804, 1.111427094948162
8.467871966532728, 69.42841082994065, 0.9856086159070804, 1.111427094948162
8.430082439108151, 69.34582004327763, 0.9856086159070804, 1.111427094948162
8.392753987522797, 69.26300585780177, 0.9856086159070804, 1.111427094948162
8.355871918355952, 69.17997590345448, 0.9856086159070804, 1.111427094948162
8.319421538186887, 69.09673781017703, 0.9856086159070804, 1.111427094948162
8.283388153594885, 69.01329920791075, 0.9856086159070804, 1.111427094948162
8.247757071159224, 68.92966772659703, 0.9856086159070804, 1.111427094948162
8.212513597459175, 68.84585099617716, 0.9856086159070804, 1.111427094948162
8.177643039074027, 68.76185664659245, 0.9856086159070804, 1.111427094948162
8.143130702583052, 68.6776923077843, 0.9856086159070804, 1.111427094948162
8.108961894565528, 68.593365609694, 0.9856086159070804, 1.111427094948162
8.075121921600733, 68.50888418226288, 0.9856086159070804, 1.111427094948162
8.041596090267948, 68.42425565543228, 0.9856086159070804, 1.111427094948162
8.008369707146448, 68.33948765914353, 0.9856086159070804, 1.111427094948162
7.975428078815513, 68.25458782333797, 0.9856086159070804, 1.111427094948162
7.942756511854422, 68.16956377795694, 0.9856086159070804, 1.111427094948162
7.910340312842452, 68.08442315294175, 0.9856086159070804, 1.111427094948162
7.8781647883588795, 67.99917357823377, 0.9856086159070804, 1.111427094948162
7.846215244982985, 67.91382268377428, 0.9856086159070804, 1.111427094948162
7.814476989294043, 67.82837809950466, 0.9856086159070804, 1.111427094948162
7.782935327871336, 67.74284745536622, 0.9856086159070804, 1.111427094948162
7.751575567294141, 67.6572383813003, 0.9856086159070804, 1.111427094948162
7.720383014141734, 67.57155850724821, 0.9856086159070804, 1.111427094948162
7.689342974993396, 67.48581546315131, 0.9856086159070804, 1.111427094948162
7.658440756428406, 67.40001687895095, 0.9856086159070804, 1.111427094948162
7.627661665026035, 67.31417038458841, 0.9856086159070804, 1.111427094948162
7.596991007365567, 67.22828361000506, 0.9856086159070804, 1.111427094948162
7.5664140900262815, 67.14236418514224, 0.9856086159070804, 1.111427094948162
7.535916219631667, 67.0564197399174, 0.9856086159070804, 1.111427094948162
7.505485144537565, 66.97045658794167, 0.9856086159070804, 1.111427094948162
7.475117621586115, 66.88447618646727, 0.9856086159070804, 1.111427094948162
7.444812484643546, 66.79847887304948, 0.9856086159070804, 1.111427094948162
7.414568567576103, 66.71246498524376, 0.9856086159070804, 1.111427094948162
7.384384704250007, 66.62643486060531, 0.9856086159070804, 1.111427094948162
7.354259728531496, 66.54038883668954, 0.9856086159070804, 1.111427094948162
7.324192474286803, 66.45432725105177, 0.9856086159070804, 1.111427094948162
7.294181775382164, 66.36825044124731, 0.9856086159070804, 1.111427094948162
7.264226465683807, 66.28215874483155, 0.9856086159070804, 1.111427094948162
7.234325379057971, 66.19605249935978, 0.9856086159070804, 1.111427094948162
7.204477349370885, 66.10993204238731, 0.9856086159070804, 1.111427094948162
7.17468121048878, 66.02379771146953, 0.9856086159070804, 1.111427094948162
7.144935796277895, 65.93764984416173, 0.9856086159070804, 1.111427094948162
7.115239940604463, 65.85148877801929, 0.9856086159070804, 1.111427094948162
7.085592477334713, 65.7653148505975, 0.9856086159070804, 1.111427094948162
7.05599224033488, 65.67912839945173, 0.9856086159070804, 1.111427094948162
7.026438063471199, 65.5929297621373, 0.9856086159070804, 1.111427094948162
6.996928780609902, 65.50671927620951, 0.9856086159070804, 1.111427094948162
6.9674632256172195, 65.42049727922375, 0.9856086159070804, 1.111427094948162
6.93804023235939, 65.33426410873531, 0.9856086159070804, 1.111427094948162
6.908658634702641, 65.24802010229953, 0.9856086159070804, 1.111427094948162
6.879317266513213, 65.1617655974718, 0.9856086159070804, 1.111427094948162
6.850014961657332, 65.0755009318074, 0.9856086159070804, 1.111427094948162
6.820750554001235, 64.98922644286166, 0.9856086159070804, 1.111427094948162
6.791522877411153, 64.9029424681899, 0.9856086159070804, 1.111427094948162
6.762330765753324, 64.81664934534753, 0.9856086159070804, 1.111427094948162
6.7331730528939735, 64.7303474118898, 0.9856086159070804, 1.111427094948162
6.704048572699341, 64.6440370053721, 0.9856086159070804, 1.111427094948162
6.674956159035658, 64.55771846334974, 0.9856086159070804, 1.111427094948162
6.645894645769159, 64.47139212337807, 0.9856086159070804, 1.111427094948162
6.616862866766074, 64.38505832301239, 0.9856086159070804, 1.111427094948162
6.5878596558926406, 64.29871739980808, 0.9856086159070804, 1.111427094948162
6.558883847015085, 64.21236969132043, 0.9856086159070804, 1.111427094948162
6.529934273999649, 64.12601553510483, 0.9856086159070804, 1.111427094948162
6.501009770712562, 64.03965526871654, 0.9856086159070804, 1.111427094948162
6.4721091710200565, 63.95328922971096, 0.9856086159070804, 1.111427094948162
6.443231308788362, 63.86691775564336, 0.9856086159070804, 1.111427094948162
6.41437501788372, 63.78054118406914, 0.9856086159070804, 1.111427094948162
6.385539132172357, 63.694159852543585, 0.9856086159070804, 1.111427094948162
6.3567224855205104, 63.607774098622066, 0.9856086159070804, 1.111427094948162
6.327923911794412, 63.52138425985989, 0.9856086159070804, 1.111427094948162
6.299142244860297, 63.434990673812415, 0.9856086159070804, 1.111427094948162
6.270376318584392, 63.348593678034945, 0.9856086159070804, 1.111427094948162
6.241624966832936, 63.26219361008282, 0.9856086159070804, 1.111427094948162
6.212887023472162, 63.1757908075114, 0.9856086159070804, 1.111427094948162
6.184161322368305, 63.089385607876004, 0.9856086159070804, 1.111427094948162
6.1554466973875925, 63.002978348731965, 0.9856086159070804, 1.111427094948162
6.126741982396263, 62.91656936763462, 0.9856086159070804, 1.111427094948162
6.0980460112605455, 62.83015900213928, 0.9856086159070804, 1.111427094948162
6.069357617846675, 62.743747589801316, 0.9856086159070804, 1.111427094948162
6.040675636020886, 62.65733546817606, 0.9856086159070804, 1.111427094948162
6.01199889964941, 62.57092297481881, 0.9856086159070804, 1.111427094948162
5.983326242598482, 62.48451044728492, 0.9856086159070804, 1.111427094948162
5.954656498734332, 62.398098223129715, 0.9856086159070804, 1.111427094948162
5.925988501923196, 62.31168663990853, 0.9856086159070804, 1.111427094948162
5.897321086031307, 62.22527603517675, 0.9856086159070804, 1.111427094948162
5.868653084924899, 62.13886674648963, 0.9856086159070804, 1.111427094948162
5.839983332470203, 62.05245911140257, 0.9856086159070804, 1.111427094948162
5.811310662533453, 61.96605346747086, 0.9856086159070804, 1.111427094948162
5.782633908980884, 61.87965015224985, 0.9856086159070804, 1.111427094948162
5.7539519056787265, 61.793249503294874, 0.9856086159070804, 1.111427094948162
5.725263486493215, 61.70685185816126, 0.9856086159070804, 1.111427094948162
5.696567485290583, 61.620457554404354, 0.9856086159070804, 1.111427094948162
5.667862735937063, 61.53406692957948, 0.9856086159070804, 1.111427094948162
5.639148072298888, 61.447680321241975, 0.9856086159070804, 1.111427094948162
5.6104223282422945, 61.36129806694718, 0.9856086159070804, 1.111427094948162
5.58168433763351, 61.27492050425041, 0.9856086159070804, 1.111427094948162
5.552932934338773, 61.18854797070702, 0.9856086159070804, 1.111427094948162
5.524166952224314, 61.10218080387233, 0.9856086159070804, 1.111427094948162
5.495385225156366, 61.01581934130167, 0.9856086159070804, 1.111427094948162
5.4665865870011645, 60.9294639205504, 0.9856086159070804, 1.111427094948162
5.43776987162494, 60.84311487917383, 0.9856086159070804, 1.111427094948162
5.408933912893929, 60.756772554727306, 0.9856086159070804, 1.111427094948162
5.380077544674361, 60.67043728476616, 0.9856086159070804, 1.111427094948162
5.351199600832472, 60.58410940684573, 0.9856086159070804, 1.111427094948162
5.3222989152344935, 60.49778925852132, 0.9856086159070804, 1.111427094948162
5.293374321746658, 60.41147717734828, 0.9856086159070804, 1.111427094948162
5.264424654235203, 60.32517350088199, 0.9856086159070804, 1.111427094948162
5.235448746566358, 60.23887856667772, 0.9856086159070804, 1.111427094948162
5.2064454326063565, 60.152592712290826, 0.9856086159070804, 1.111427094948162
5.177413546221432, 60.06631627527665, 0.9856086159070804, 1.111427094948162
5.14835192127782, 59.98004959319054, 0.9856086159070804, 1.111427094948162
5.11925939164175, 59.893793003587774, 0.9856086159070804, 1.111427094948162
5.090134791179458, 59.80754684402376, 0.9856086159070804, 1.111427094948162
5.060976953757177, 59.7213114520538, 0.9856086159070804, 1.111427094948162
5.031784713241136, 59.63508716523317, 0.9856086159070804, 1.111427094948162
5.002556903497576, 59.5488743211173, 0.9856086159070804, 1.111427094948162
4.973292358392725, 59.462673257261486, 0.9856086159070804, 1.111427094948162
4.943989996382164, 59.3764842859461, 0.9856086159070804, 1.111427094948162
4.914649684035288, 59.29030743615909, 0.9856086159070804, 1.111427094948162
4.885271883281133, 59.20414255899744, 0.9856086159070804, 1.111427094948162
4.855857065263001, 59.11798950280492, 0.9856086159070804, 1.111427094948162
4.826405701124198, 59.0318481159253, 0.9856086159070804, 1.111427094948162
4.796918262008028, 58.94571824670237, 0.9856086159070804, 1.111427094948162
4.767395219057795, 58.85959974347991, 0.9856086159070804, 1.111427094948162
4.737837043416804, 58.77349245460171, 0.9856086159070804, 1.111427094948162
4.708244206228358, 58.68739622841153, 0.9856086159070804, 1.111427094948162
4.678617178635763, 58.601310913253165, 0.9856086159070804, 1.111427094948162
4.648956431782319, 58.51523635747037, 0.9856086159070804, 1.111427094948162
4.61926243681134, 58.429172409406995, 0.9856086159070804, 1.111427094948162
4.589535664866119, 58.34311891740672, 0.9856086159070804, 1.111427094948162
4.559776587089967, 58.2570757298134, 0.9856086159070804, 1.111427094948162
4.529985674626187, 58.171042694970794, 0.9856086159070804, 1.111427094948162
4.500163398618083, 58.08501966122267, 0.9856086159070804, 1.111427094948162
4.47031023020896, 57.99900647691282, 0.9856086159070804, 1.111427094948162
4.44042664054212, 57.91300299038503, 0.9856086159070804, 1.111427094948162
4.4105131007608716, 57.82700904998306, 0.9856086159070804, 1.111427094948162
4.380570082008516, 57.74102450405073, 0.9856086159070804, 1.111427094948162
4.350598055428357, 57.655049200931764, 0.9856086159070804, 1.111427094948162
4.3205974921637, 57.56908298896998, 0.9856086159070804, 1.111427094948162
4.290568863357851, 57.483125716509164, 0.9856086159070804, 1.111427094948162
4.2605126401541105, 57.39717723189307, 0.9856086159070804, 1.111427094948162
4.230429293695789, 57.31123738346551, 0.9856086159070804, 1.111427094948162
4.200319295126185, 57.22530601957023, 0.9856086159070804, 1.111427094948162
4.170183115588604, 57.139382988551034, 0.9856086159070804, 1.111427094948162
4.140021226226352, 57.05346813875168, 0.9856086159070804, 1.111427094948162
4.109834098182731, 56.96756131851596, 0.9856086159070804, 1.111427094948162
4.079622202601049, 56.881662376187684, 0.9856086159070804, 1.111427094948162
4.049386010624608, 56.79577116011059, 0.9856086159070804, 1.111427094948162
4.019125993396712, 56.70988751862848, 0.9856086159070804, 1.111427094948162
3.9888426220606648, 56.624011300085115, 0.9856086159070804, 1.111427094948162
3.958536367759773, 56.538142352824295, 0.9856086159070804, 1.111427094948162
3.92820770163734, 56.45228052518979, 0.9856086159070804, 1.111427094948162
3.897857094836669, 56.366425665525384, 0.9856086159070804, 1.111427094948162
3.8674850185010667, 56.28057762217488, 0.9856086159070804, 1.111427094948162
3.837091943773834, 56.194736243482, 0.9856086159070804, 1.111427094948162
3.8066783417982784, 56.10890137779058, 0.9856086159070804, 1.111427094948162
3.776244683717704, 56.02307287344439, 0.9856086159070804, 1.111427094948162
3.745791440675412, 55.93725057878718, 0.9856086159070804, 1.111427094948162
3.7153190838147094, 55.851434342162754, 0.9856086159070804, 1.111427094948162
3.6848280842789007, 55.76562401191489, 0.9856086159070804, 1.111427094948162
3.6543189132112888, 55.67981943638737, 0.9856086159070804, 1.111427094948162
3.6237920417551797, 55.594020463923975, 0.9856086159070804, 1.111427094948162
3.593247941053877, 55.50822694286849, 0.9856086159070804, 1.111427094948162
3.562687082250683, 55.42243872156467, 0.9856086159070804, 1.111427094948162
3.532109936488906, 55.33665564835631, 0.9856086159070804, 1.111427094948162
3.501516974911848, 55.2508775715872, 0.9856086159070804, 1.111427094948162
3.4709086686628123, 55.16510433960113, 0.9856086159070804, 1.111427094948162
3.440285488885106, 55.07933580074185, 0.9856086159070804, 1.111427094948162
3.409647906722032, 54.993571803353156, 0.9856086159070804, 1.111427094948162
3.3789963933168936, 54.90781219577883, 0.9856086159070804, 1.111427094948162
3.348331419812997, 54.82205682636265, 0.9856086159070804, 1.111427094948162
3.317653457353646, 54.73630554344839, 0.9856086159070804, 1.111427094948162
3.2869629770821436, 54.65055819537983, 0.9856086159070804, 1.111427094948162
3.2562604501417964, 54.56481463050076, 0.9856086159070804, 1.111427094948162
3.2255463476759063, 54.47907469715496, 0.9856086159070804, 1.111427094948162
3.1948211408277785, 54.393338243686195, 0.9856086159070804, 1.111427094948162
3.1640853007407195, 54.30760511843828, 0.9856086159070804, 1.111427094948162
3.133339298558031, 54.22187516975496, 0.9856086159070804, 1.111427094948162
3.102583605423017, 54.136148245980024, 0.9856086159070804, 1.111427094948162
3.0718186924789843, 54.050424195457246, 0.9856086159070804, 1.111427094948162
3.041045030869237, 53.96470286653043, 0.9856086159070804, 1.111427094948162
3.0102630917370763, 53.87898410754335, 0.9856086159070804, 1.111427094948162
2.979473346225809, 53.79326776683977, 0.9856086159070804, 1.111427094948162
2.9486762654787397, 53.70755369276348, 0.9856086159070804, 1.111427094948162
2.9178723206391712, 53.62184173365825, 0.9856086159070804, 1.111427094948162
2.8870619828504105, 53.536131737867876, 0.9856086159070804, 1.111427094948162
2.856245723255758, 53.45042355373614, 0.9856086159070804, 1.111427094948162
2.825424012998522, 53.36471702960682, 0.9856086159070804, 1.111427094948162
2.7945973232220043, 53.27901201382367, 0.9856086159070804, 1.111427094948162
2.76376612506951, 53.193308354730505, 0.9856086159070804, 1.111427094948162
2.7329308896843436, 53.10760590067109, 0.9856086159070804, 1.111427094948162
2.702092088209809, 53.02190449998919, 0.9856086159070804, 1.111427094948162
2.6712501917892104, 52.936204001028614, 0.9856086159070804, 1.111427094948162
2.6404056715658535, 52.850504252133135, 0.9856086159070804, 1.111427094948162
2.6095589986830414, 52.76480510164653, 0.9856086159070804, 1.111427094948162
2.578710644284078, 52.679106397912584, 0.9856086159070804, 1.111427094948162
2.54786107951227, 52.59340798927506, 0.9856086159070804, 1.111427094948162
2.5170107755109186, 52.507709724077756, 0.9856086159070804, 1.111427094948162
2.486160203423329, 52.42201145066443, 0.9856086159070804, 1.111427094948162
2.4553098343928084, 52.336313017378906, 0.9856086159070804, 1.111427094948162
2.4244601395626573, 52.25061427256491, 0.9856086159070804, 1.111427094948162
2.393611590076182, 52.16491506456627, 0.9856086159070804, 1.111427094948162
2.3627646570766867, 52.07921524172673, 0.9856086159070804, 1.111427094948162
2.3319198117074755, 51.99351465239009, 0.9856086159070804, 1.111427094948162
2.301077525111852, 51.90781314490012, 0.9856086159070804, 1.111427094948162
2.270238268433123, 51.82211056760063, 0.9856086159070804, 1.111427094948162
2.2394025128145896, 51.73640676883535, 0.9856086159070804, 1.111427094948162
2.208570729399558, 51.6507015969481, 0.9856086159070804, 1.111427094948162
2.1777433893313325, 51.564994900282656, 0.9856086159070804, 1.111427094948162
2.1469209637532174, 51.47928652718277, 0.9856086159070804, 1.111427094948162
2.1161039238085158, 51.39357632599226, 0.9856086159070804, 1.111427094948162
2.0852927406405337, 51.30786414505488, 0.9856086159070804, 1.111427094948162
2.0544878853925748, 51.22214983271441, 0.9856086159070804, 1.111427094948162
2.0236898292079433, 51.136433237314655, 0.9856086159070804, 1.111427094948162
1.9928990432299438, 51.05071420719937, 0.9856086159070804, 1.111427094948162
1.9621159986018808, 50.96499259071235, 0.9856086159070804, 1.111427094948162
1.9313411664670568, 50.87926823619737, 0.9856086159070804, 1.111427094948162
1.9005750179687784, 50.7935409919982, 0.9856086159070804, 1.111427094948162
1.8698180242503493, 50.70781070645864, 0.9856086159070804, 1.111427094948162
1.839070656455074, 50.62207722792245, 0.9856086159070804, 1.111427094948162
1.8083333857262571, 50.53634040473344, 0.9856086159070804, 1.111427094948162
1.777606683207201, 50.45060008523535, 0.9856086159070804, 1.111427094948162
1.7468910200412129, 50.36485611777201, 0.9856086159070804, 1.111427094948162
1.7161868673715952, 50.27910835068715, 0.9856086159070804, 1.111427094948162
1.6854946963416517, 50.19335663232458, 0.9856086159070804, 1.111427094948162
1.654814978094689, 50.10760081102807, 0.9856086159070804, 1.111427094948162
1.6241481837740104, 50.02184073514142, 0.9856086159070804, 1.111427094948162
1.593494784522918, 49.93607625300836, 0.9856086159070804, 1.111427094948162
1.5628552514847203, 49.85030721297273, 0.9856086159070804, 1.111427094948162
1.532230055802719, 49.764533463378285, 0.9856086159070804, 1.111427094948162
1.5016196686202181, 49.678754852568794, 0.9856086159070804, 1.111427094948162
1.4710245583505126, 49.592971229769006, 0.9856086159070804, 1.111427094948162
1.440444978735973, 49.507182513474696, 0.9856086159070804, 1.111427094948162
1.4098808176727622, 49.42138874023481, 0.9856086159070804, 1.111427094948162
1.3793319273713955, 49.335589958113545, 0.9856086159070804, 1.111427094948162
1.3487981600423855, 49.24978621517504, 0.9856086159070804, 1.111427094948162
1.3182793678962428, 49.16397755948346, 0.9856086159070804, 1.111427094948162
1.287775403143483, 49.07816403910298, 0.9856086159070804, 1.111427094948162
1.2572861179946175, 48.99234570209775, 0.9856086159070804, 1.111427094948162
1.2268113646601595, 48.906522596531964, 0.9856086159070804, 1.111427094948162
1.1963509953506233, 48.82069477046976, 0.9856086159070804, 1.111427094948162
1.1659048622765202, 48.73486227197529, 0.9856086159070804, 1.111427094948162
1.1354728176483633, 48.64902514911277, 0.9856086159070804, 1.111427094948162
1.105054713676667, 48.5631834499463, 0.9856086159070804, 1.111427094948162
1.0746504025719426, 48.4773372225401, 0.9856086159070804, 1.111427094948162
1.044259736544703, 48.3914865149583, 0.9856086159070804, 1.111427094948162
1.0138825678054633, 48.3056313752651, 0.9856086159070804, 1.111427094948162
0.9835187485647334, 48.21977185152462, 0.9856086159070804, 1.111427094948162
0.9531681310330292, 48.133907991801046, 0.9856086159070804, 1.111427094948162
0.9228305674208621, 48.048039844158545, 0.9856086159070804, 1.111427094948162
0.8925059099387447, 47.962167456661284, 0.9856086159070804, 1.111427094948162
0.8621940107971909, 47.87629087737342, 0.9856086159070804, 1.111427094948162
0.8318947222067139, 47.79041015435913, 0.9856086159070804, 1.111427094948162
0.8016078963778246, 47.704525335682554, 0.9856086159070804, 1.111427094948162
0.7713333855210389, 47.61863646940788, 0.9856086159070804, 1.111427094948162
0.741071041846868, 47.532743603599265, 0.9856086159070804, 1.111427094948162
0.7108207175658241, 47.446846786320876, 0.9856086159070804, 1.111427094948162
0.6805822648884222, 47.36094606563687, 0.9856086159070804, 1.111427094948162
0.650355536025174, 47.27504148961141, 0.9856086159070804, 1.111427094948162
0.620140383186592, 47.1891331063087, 0.9856086159070804, 1.111427094948162
0.5899366585831909, 47.10322096379285, 0.9856086159070804, 1.111427094948162
0.5597442144254824, 47.01730511012804, 0.9856086159070804, 1.111427094948162
0.5295629029239788, 46.931385593378465, 0.9856086159070804, 1.111427094948162
0.49939257628919437, 46.845462461608236, 0.9856086159070804, 1.111427094948162
0.46923308673164216, 46.75953576288156, 0.9856086159070804, 1.111427094948162
0.4390842864618336, 46.6736055452626, 0.9856086159070804, 1.111427094948162
0.4089460276902833, 46.5876718568155, 0.9856086159070804, 1.111427094948162
0.37881816262750356, 46.501734745604445, 0.9856086159070804, 1.111427094948162
0.3487005434840065, 46.41579425969356, 0.9856086159070804, 1.111427094948162
0.31859302247030696, 46.329850447147074, 0.9856086159070804, 1.111427094948162
0.28849545179691655, 46.24390335602911, 0.9856086159070804, 1.111427094948162
0.25840768367434747, 46.157953034403825, 0.9856086159070804, 1.111427094948162
0.22832957031311482, 46.07199953033541, 0.9856086159070804, 1.111427094948162
0.1982609639237305, 45.98604289188801, 0.9856086159070804, 1.111427094948162
0.16820171671670614, 45.90008316712582, 0.9856086159070804, 1.111427094948162
0.13815168090255697, 45.814120404112955, 0.9856086159070804, 1.111427094948162
0.1081107086917952, 45.72815465091362, 0.9856086159070804, 1.111427094948162
0.07807865229493272, 45.64218595559196, 0.9856086159070804, 1.111427094948162
0.04805536392248392, 45.55621436621215, 0.9856086159070804, 1.111427094948162
0.018040695784960932, 45.47023993083836, 0.9856086159070804, 1.111427094948162
-0.011965499907123929, 45.38426269753473, 0.9856086159070804, 1.111427094948162
-0.04196337094325611, 45.298282714365456, 0.9856086159070804, 1.111427094948162
-0.07195306511292404, 45.212300029394676, 0.9856086159070804, 1.111427094948162
-0.10193473020561314, 45.12631469068657, 0.9856086159070804, 1.111427094948162
-0.13190851401081158, 45.040326746305304, 0.9856086159070804, 1.111427094948162
-0.16187456431800745, 44.95433624431502, 0.9856086159070804, 1.111427094948162
-0.19183302891668555, 44.868343232779914, 0.9856086159070804, 1.111427094948162
-0.22178405559633424, 44.782347759764136, 0.9856086159070804, 1.111427094948162
-0.251727792146441, 44.69634987333185, 0.9856086159070804, 1.111427094948162
-0.281664386356491, 44.61034962154721, 0.9856086159070804, 1.111427094948162
-0.31159398601597277, 44.524347052474404, 0.9856086159070804, 1.111427094948162
-0.3415167389143732, 44.438342214177595, 0.9856086159070804, 1.111427094948162
-0.3714327928411793, 44.35233515472093, 0.9856086159070804, 1.111427094948162
-0.4013422955858797, 44.26632592216857, 0.9856086159070804, 1.111427094948162
-0.4312453949379581, 44.18031456458469, 0.9856086159070804, 1.111427094948162
-0.461142238686903, 44.094301130033465, 0.9856086159070804, 1.111427094948162
-0.4910329746222014, 44.008285666579056, 0.9856086159070804, 1.111427094948162
-0.5209177505333413, 43.922268222285616, 0.9856086159070804, 1.111427094948162
-0.5507967142098105, 43.83624884521732, 0.9856086159070804, 1.111427094948162
-0.5806700134410929, 43.750227583438324, 0.9856086159070804, 1.111427094948162
-0.6105377960166768, 43.66420448501279, 0.9856086159070804, 1.111427094948162
-0.6404002097260505, 43.578179598004915, 0.9856086159070804, 1.111427094948162
-0.6702574023586994, 43.49215297047881, 0.9856086159070804, 1.111427094948162
-0.7001095217041118, 43.406124650498676, 0.9856086159070804, 1.111427094948162
-0.7299567155517761, 43.32009468612866, 0.9856086159070804, 1.111427094948162
-0.7597991316911755, 43.23406312543296, 0.9856086159070804, 1.111427094948162
-0.7896369179117996, 43.148030016475715, 0.9856086159070804, 1.111427094948162
-0.8194702220031346, 43.06199540732109, 0.9856086159070804, 1.111427094948162
-0.8492991917546677, 42.97595934603324, 0.9856086159070804, 1.111427094948162
-0.8791239749558867, 42.88992188067636, 0.9856086159070804, 1.111427094948162
-0.9089447193962796, 42.803883059314565, 0.9856086159070804, 1.111427094948162
-0.93876157286533, 42.71784293001207, 0.9856086159070804, 1.111427094948162
-0.968574683152527, 42.631801540833024, 0.9856086159070804, 1.111427094948162
-0.9983841980473575, 42.54575893984159, 0.9856086159070804, 1.111427094948162
-1.0281902653393085, 42.45971517510192, 0.9856086159070804, 1.111427094948162
-1.0579930328178673, 42.3736702946782, 0.9856086159070804, 1.111427094948162
-1.0877926482725224, 42.28762434663455, 0.9856086159070804, 1.111427094948162
-1.1175892594927577, 42.20157737903521, 0.9856086159070804, 1.111427094948162
-1.1473830142680612, 42.115529439944275, 0.9856086159070804, 1.111427094948162
-1.177174060387921, 42.029480577425964, 0.9856086159070804, 1.111427094948162
-1.2069625456418236, 41.943430839544405, 0.9856086159070804, 1.111427094948162
-1.2367486178192557, 41.85738027436377, 0.9856086159070804, 1.111427094948162
-1.2665324247097067, 41.77132892994822, 0.9856086159070804, 1.111427094948162
-1.2963141141026595, 41.68527685436194, 0.9856086159070804, 1.111427094948162
-1.326093833787604, 41.59922409566908, 0.9856086159070804, 1.111427094948162
-1.3558717315540263, 41.513170701933795, 0.9856086159070804, 1.111427094948162
-1.385647955191413, 41.42711672122027, 0.9856086159070804, 1.111427094948162
-1.4154226524892533, 41.341062201592656, 0.9856086159070804, 1.111427094948162
-1.445195971237033, 41.25500719111512, 0.9856086159070804, 1.111427094948162
-1.4749680592242385, 41.168951737851835, 0.9856086159070804, 1.111427094948162
-1.5047390642403569, 41.08289588986696, 0.9856086159070804, 1.111427094948162
-1.5345091340748747, 40.99683969522465, 0.9856086159070804, 1.111427094948162
-1.5642784165172807, 40.910783201989084, 0.9856086159070804, 1.111427094948162
-1.5940470593570626, 40.824726458224426, 0.9856086159070804, 1.111427094948162
-1.6238152103837047, 40.73866951199483, 0.9856086159070804, 1.111427094948162
-1.6535830173866946, 40.65261241136447, 0.9856086159070804, 1.111427094948162
-1.6833506281555204, 40.56655520439751, 0.9856086159070804, 1.111427094948162
-1.7131181904796686, 40.4804979391581, 0.9856086159070804, 1.111427094948162
-1.7428858521486266, 40.394440663710434, 0.9856086159070804, 1.111427094948162
-1.772653760951883, 40.30838342611864, 0.9856086159070804, 1.111427094948162
-1.8024220646789213, 40.222326274446914, 0.9856086159070804, 1.111427094948162
-1.8321909111192303, 40.136269256759405, 0.9856086159070804, 1.111427094948162
-1.861960448062297, 40.05021242112028, 0.9856086159070804, 1.111427094948162
-1.8917308232976093, 39.96415581559371, 0.9856086159070804, 1.111427094948162
-1.9215021846146527, 39.878099488243855, 0.9856086159070804, 1.111427094948162
-1.9512746798029177, 39.79204348713488, 0.9856086159070804, 1.111427094948162
-1.981048456651886, 39.70598786033094, 0.9856086159070804, 1.111427094948162
-2.010823662951047, 39.619932655896214, 0.9856086159070804, 1.111427094948162
-2.0406004464898895, 39.53387792189486, 0.9856086159070804, 1.111427094948162
-2.070378955057898, 39.44782370639105, 0.9856086159070804, 1.111427094948162
-2.1001593364445617, 39.36177005744895, 0.9856086159070804, 1.111427094948162
-2.129941738439367, 39.27571702313269, 0.9856086159070804, 1.111427094948162
-2.1597263088317993, 39.18966465150649, 0.9856086159070804, 1.111427094948162
-2.189513184580101, 39.10361298714357, 0.9856086159070804, 1.111427094948162
-2.2193024066460856, 39.01756204367764, 0.9856086159070804, 1.111427094948162
-2.2490939658230014, 38.931511818573085, 0.9856086159070804, 1.111427094948162
-2.278887852466861, 38.8454623091534, 0.9856086159070804, 1.111427094948162
-2.308684056933681, 38.75941351274205, 0.9856086159070804, 1.111427094948162
-2.3384825695794667, 38.67336542666252, 0.9856086159070804, 1.111427094948162
-2.368283380760234, 38.587318048238295, 0.9856086159070804, 1.111427094948162
-2.3980864808319957, 38.50127137479286, 0.9856086159070804, 1.111427094948162
-2.4278918601507637, 38.415225403649664, 0.9856086159070804, 1.111427094948162
-2.4576995090725546, 38.329180132132215, 0.9856086159070804, 1.111427094948162
-2.4875094179533734, 38.24313555756397, 0.9856086159070804, 1.111427094948162
-2.5173215771492377, 38.15709167726843, 0.9856086159070804, 1.111427094948162
-2.547135977016159, 38.07104848856907, 0.9856086159070804, 1.111427094948162
-2.5769526079101497, 37.985005988789354, 0.9856086159070804, 1.111427094948162
-2.606771460187222, 37.89896417525278, 0.9856086159070804, 1.111427094948162
-2.636592524203392, 37.812923045282794, 0.9856086159070804, 1.111427094948162
-2.6664157903146664, 37.726882596202906, 0.9856086159070804, 1.111427094948162
-2.6962412488770604, 37.6408428253366, 0.9856086159070804, 1.111427094948162
-2.726068890246587, 37.554803730007336, 0.9856086159070804, 1.111427094948162
-2.7558987047792582, 37.4687653075386, 0.9856086159070804, 1.111427094948162
-2.7857306828310873, 37.38272755525387, 0.9856086159070804, 1.111427094948162
-2.8155648147580887, 37.29669047047662, 0.9856086159070804, 1.111427094948162
-2.8454010909162695, 37.21065405053034, 0.9856086159070804, 1.111427094948162
-2.8752395016616465, 37.1246182927385, 0.9856086159070804, 1.111427094948162
-2.905080037350231, 37.038583194424575, 0.9856086159070804, 1.111427094948162
-2.934922688338036, 36.95254875291206, 0.9856086159070804, 1.111427094948162
-2.964767444981072, 36.86651496552442, 0.9856086159070804, 1.111427094948162
-2.9946142976353576, 36.780481829585135, 0.9856086159070804, 1.111427094948162
-3.0244632366568975, 36.6944493424177, 0.9856086159070804, 1.111427094948162
-3.054314252401708, 36.60841750134556, 0.9856086159070804, 1.111427094948162
-3.084167335225802, 36.522386303692244, 0.9856086159070804, 1.111427094948162
-3.1140224754851915, 36.43635574678119, 0.9856086159070804, 1.111427094948162
-3.1438796635358894, 36.35032582793588, 0.9856086159070804, 1.111427094948162
-3.1737388897339107, 36.264296544479826, 0.9856086159070804, 1.111427094948162
-3.2036001444352613, 36.17826789373647, 0.9856086159070804, 1.111427094948162
-3.233463417995959, 36.09223987302932, 0.9856086159070804, 1.111427094948162
-3.263328700772015, 36.00621247968182, 0.9856086159070804, 1.111427094948162
-3.2931959831194413, 35.92018571101748, 0.9856086159070804, 1.111427094948162
-3.3230652553942535, 35.83415956435976, 0.9856086159070804, 1.111427094948162
-3.35293650795246, 35.748134037032145, 0.9856086159070804, 1.111427094948162
-3.3828097311500738, 35.66210912635813, 0.9856086159070804, 1.111427094948162
-3.4126849153431102, 35.57608482966118, 0.9856086159070804, 1.111427094948162
-3.4425620508875783, 35.49006114426476, 0.9856086159070804, 1.111427094948162
-3.472441128139495, 35.40403806749238, 0.9856086159070804, 1.111427094948162
-3.5023221374548714, 35.31801559666748, 0.9856086159070804, 1.111427094948162
-3.5322050691897178, 35.23199372911358, 0.9856086159070804, 1.111427094948162
-3.562089913700047, 35.14597246215414, 0.9856086159070804, 1.111427094948162
-3.591976661341873, 35.05995179311264, 0.9856086159070804, 1.111427094948162
-3.6218653024712086, 34.97393171931256, 0.9856086159070804, 1.111427094948162
-3.6517558274440653, 34.88791223807736, 0.9856086159070804, 1.111427094948162
-3.681648226616458, 34.80189334673054, 0.9856086159070804, 1.111427094948162
-3.7115424903443954, 34.715875042595584, 0.9856086159070804, 1.111427094948162
-3.7414386089838927, 34.62985732299597, 0.9856086159070804, 1.111427094948162
-3.771336572890961, 34.543840185255156, 0.9856086159070804, 1.111427094948162
-3.8012363724216143, 34.45782362669664, 0.9856086159070804, 1.111427094948162
-3.831137997931864, 34.3718076446439, 0.9856086159070804, 1.111427094948162
-3.861041439777726, 34.2857922364204, 0.9856086159070804, 1.111427094948162
-3.8909466883152075, 34.199777399349635, 0.9856086159070804, 1.111427094948162
-3.9208537339003247, 34.11376313075508, 0.9856086159070804, 1.111427094948162
-3.950762566889088, 34.02774942796022, 0.9856086159070804, 1.111427094948162
-3.98067317763751, 33.94173628828851, 0.9856086159070804, 1.111427094948162
-4.010585556501605, 33.855723709063454, 0.9856086159070804, 1.111427094948162
-4.040499693837387, 33.76971168760852, 0.9856086159070804, 1.111427094948162
-4.070415580000866, 33.6837002212472, 0.9856086159070804, 1.111427094948162
-4.100333205348052, 33.59768930730294, 0.9856086159070804, 1.111427094948162
-4.130252560234961, 33.51167894309926, 0.9856086159070804, 1.111427094948162
-4.160173635017607, 33.42566912595962, 0.9856086159070804, 1.111427094948162
-4.190096420052, 33.33965985320751, 0.9856086159070804, 1.111427094948162
-4.220020905694154, 33.253651122166374, 0.9856086159070804, 1.111427094948162
-4.24994708230008, 33.16764293015973, 0.9856086159070804, 1.111427094948162
-4.27987494022579, 33.08163527451104, 0.9856086159070804, 1.111427094948162
-4.3098044698272995, 32.995628152543794, 0.9856086159070804, 1.111427094948162
-4.339735661460617, 32.90962156158145, 0.9856086159070804, 1.111427094948162
-4.369668505481761, 32.8236154989475, 0.9856086159070804, 1.111427094948162
-4.399602992246739, 32.737609961965425, 0.9856086159070804, 1.111427094948162
-4.429539112111565, 32.65160494795872, 0.9856086159070804, 1.111427094948162
-4.459476855432251, 32.56560045425082, 0.9856086159070804, 1.111427094948162
-4.48941621256481, 32.47959647816524, 0.9856086159070804, 1.111427094948162
-4.519357173865254, 32.39359301702545, 0.9856086159070804, 1.111427094948162
-4.549299729689601, 32.30759006815493, 0.9856086159070804, 1.111427094948162
-4.579243870393855, 32.22158762887715, 0.9856086159070804, 1.111427094948162
-4.609189586334032, 32.135585696515605, 0.9856086159070804, 1.111427094948162
-4.639136867866145, 32.049584268393765, 0.9856086159070804, 1.111427094948162
-4.669085705346207, 31.963583341835104, 0.9856086159070804, 1.111427094948162
-4.699036089130231, 31.87758291416311, 0.9856086159070804, 1.111427094948162
-4.728988009574229, 31.791582982701247, 0.9856086159070804, 1.111427094948162
-4.7589414570342115, 31.705583544773013, 0.9856086159070804, 1.111427094948162
-4.788896421866193, 31.61958459770188, 0.9856086159070804, 1.111427094948162
-4.818852894426184, 31.533586138811327, 0.9856086159070804, 1.111427094948162
-4.848810865070201, 31.447588165424825, 0.9856086159070804, 1.111427094948162
-4.878770324154255, 31.36159067486587, 0.9856086159070804, 1.111427094948162
-4.908731262034359, 31.275593664457926, 0.9856086159070804, 1.111427094948162
-4.938693669066523, 31.189597131524483, 0.9856086159070804, 1.111427094948162
-4.968657535606761, 31.103601073389008, 0.9856086159070804, 1.111427094948162
-4.998622852011085, 31.01760548737499, 0.9856086159070804, 1.111427094948162
-5.028589608635509, 30.931610370805902, 0.9856086159070804, 1.111427094948162
-5.058557795836043, 30.84561572100522, 0.9856086159070804, 1.111427094948162
-5.088527403968705, 30.759621535296436, 0.9856086159070804, 1.111427094948162
-5.1184984233895, 30.673627811003012, 0.9856086159070804, 1.111427094948162
-5.148470844454447, 30.587634545448445, 0.9856086159070804, 1.111427094948162
-5.178444657519554, 30.501641735956202, 0.9856086159070804, 1.111427094948162
-5.208419852940837, 30.41564937984977, 0.9856086159070804, 1.111427094948162
-5.238396421074306, 30.32965747445262, 0.9856086159070804, 1.111427094948162
-5.268374352275979, 30.243666017088234, 0.9856086159070804, 1.111427094948162
-5.298353636901858, 30.15767500508009, 0.9856086159070804, 1.111427094948162
-5.328334265307964, 30.07168443575167, 0.9856086159070804, 1.111427094948162
-5.358316227850309, 29.98569430642646, 0.9856086159070804, 1.111427094948162
-5.3882995148849, 29.899704614427918, 0.9856086159070804, 1.111427094948162
-5.418284116767759, 29.813715357079538, 0.9856086159070804, 1.111427094948162
-5.44827002385489, 29.727726531704803, 0.9856086159070804, 1.111427094948162
-5.478257226502308, 29.64173813562718, 0.9856086159070804, 1.111427094948162
-5.508245715066026, 29.55575016617015, 0.9856086159070804, 1.111427094948162
-5.538235479902057, 29.469762620657207, 0.9856086159070804, 1.111427094948162
-5.568226511366413, 29.38377549641182, 0.9856086159070804, 1.111427094948162
-5.598218799815109, 29.29778879075745, 0.9856086159070804, 1.111427094948162
-5.628212335604154, 29.2118025010176, 0.9856086159070804, 1.111427094948162
-5.6582071090895605, 29.125816624515743, 0.9856086159070804, 1.111427094948162
-5.6882031106273425, 29.03983115857535, 0.9856086159070804, 1.111427094948162
-5.718200330573514, 28.95384610051992, 0.9856086159070804, 1.111427094948162
-5.748198759284086, 28.86786144767292, 0.9856086159070804, 1.111427094948162
-5.778198387115072, 28.78187719735781, 0.9856086159070804, 1.111427094948162
-5.808199204422481, 28.695893346898096, 0.9856086159070804, 1.111427094948162
-5.838201201562329, 28.609909893617246, 0.9856086159070804, 1.111427094948162
-5.868204368890628, 28.523926834838747, 0.9856086159070804, 1.111427094948162
-5.89820869676339, 28.437944167886066, 0.9856086159070804, 1.111427094948162
-5.928214175536628, 28.35196189008269, 0.9856086159070804, 1.111427094948162
-5.958220795566357, 28.265979998752094, 0.9856086159070804, 1.111427094948162
-5.9882285472085846, 28.179998491217766, 0.9856086159070804, 1.111427094948162
-6.018237420819326, 28.094017364803165, 0.9856086159070804, 1.111427094948162
-6.048247406754594, 28.008036616831802, 0.9856086159070804, 1.111427094948162
-6.078258495370399, 27.922056244627115, 0.9856086159070804, 1.111427094948162
-6.108270677022757, 27.836076245512622, 0.9856086159070804, 1.111427094948162
-6.13828394206768, 27.75009661681177, 0.9856086159070804, 1.111427094948162
-6.168298280861177, 27.664117355848074, 0.9856086159070804, 1.111427094948162
-6.198313683759263, 27.578138459944974, 0.9856086159070804, 1.111427094948162
-6.228330141117951, 27.49215992642597, 0.9856086159070804, 1.111427094948162
-6.258347643293253, 27.40618175261454, 0.9856086159070804, 1.111427094948162
-6.288366180641183, 27.32020393583416, 0.9856086159070804, 1.111427094948162
-6.3183857435177515, 27.23422647340831, 0.9856086159070804, 1.111427094948162
-6.34840632227897, 27.148249362660465, 0.9856086159070804, 1.111427094948162
-6.378427907280852, 27.06227260091412, 0.9856086159070804, 1.111427094948162
-6.408450488879414, 26.97629618549274, 0.9856086159070804, 1.111427094948162
-6.438474057430662, 26.8903201137198, 0.9856086159070804, 1.111427094948162
-6.468498603290616, 26.804344382918778, 0.9856086159070804, 1.111427094948162
-6.4985241168152825, 26.718368990413175, 0.9856086159070804, 1.111427094948162
-6.528550588360674, 26.632393933526444, 0.9856086159070804, 1.111427094948162
-6.558578008282807, 26.54641920958208, 0.9856086159070804, 1.111427094948162
-6.588606366937693, 26.460444815903568, 0.9856086159070804, 1.111427094948162
-6.618635654681341, 26.37447074981436, 0.9856086159070804, 1.111427094948162
-6.648665861869771, 26.288497008637954, 0.9856086159070804, 1.111427094948162
-6.678696978858987, 26.20252358969783, 0.9856086159070804, 1.111427094948162
-6.708728996005006, 26.116550490317465, 0.9856086159070804, 1.111427094948162
-6.738761903663841, 26.030577707820342, 0.9856086159070804, 1.111427094948162
-6.7687956921915005, 25.94460523952992, 0.9856086159070804, 1.111427094948162
-6.7988303519440025, 25.858633082769703, 0.9856086159070804, 1.111427094948162
-6.828865873277358, 25.772661234863147, 0.9856086159070804, 1.111427094948162
-6.8589022465475775, 25.68668969313375, 0.9856086159070804, 1.111427094948162
-6.888939462110676, 25.600718454904992, 0.9856086159070804, 1.111427094948162
-6.918977510322661, 25.51474751750034, 0.9856086159070804, 1.111427094948162
-6.9490163815395505, 25.42877687824327, 0.9856086159070804, 1.111427094948162
-6.979056066117356, 25.34280653445728, 0.9856086159070804, 1.111427094948162
-7.009096554412092, 25.25683648346583, 0.9856086159070804, 1.111427094948162
-7.039137836779766, 25.170866722592404, 0.9856086159070804, 1.111427094948162
-7.0691799035763925, 25.084897249160495, 0.9856086159070804, 1.111427094948162
-7.0992227451579835, 24.998928060493558, 0.9856086159070804, 1.111427094948162
-7.129266351880555, 24.912959153915093, 0.9856086159070804, 1.111427094948162
-7.159310714100118, 24.826990526748563, 0.9856086159070804, 1.111427094948162
-7.189355822172682, 24.74102217631746, 0.9856086159070804, 1.111427094948162
-7.219401666454265, 24.655054099945264, 0.9856086159070804, 1.111427094948162
-7.2494482373008715, 24.569086294955437, 0.9856086159070804, 1.111427094948162
-7.27949552506852, 24.483118758671473, 0.9856086159070804, 1.111427094948162
-7.309543520113223, 24.397151488416846, 0.9856086159070804, 1.111427094948162
-7.339592212790995, 24.311184481515028, 0.9856086159070804, 1.111427094948162
-7.3696415934578425, 24.22521773528951, 0.9856086159070804, 1.111427094948162
-7.399691652469781, 24.139251247063775, 0.9856086159070804, 1.111427094948162
-7.429742380182825, 24.053285014161293, 0.9856086159070804, 1.111427094948162
-7.459793766952984, 23.967319033905536, 0.9856086159070804, 1.111427094948162
-7.489845803136272, 23.881353303620003, 0.9856086159070804, 1.111427094948162
-7.5198984790887025, 23.795387820628143, 0.9856086159070804, 1.111427094948162
-7.5499517851662885, 23.709422582253467, 0.9856086159070804, 1.111427094948162
-7.580005711725037, 23.62345758581943, 0.9856086159070804, 1.111427094948162
-7.610060249120966, 23.53749282864953, 0.9856086159070804, 1.111427094948162
-7.640115387710088, 23.451528308067232, 0.9856086159070804, 1.111427094948162
-7.670171117848412, 23.365564021396022, 0.9856086159070804, 1.111427094948162
-7.700227429891953, 23.279599965959363, 0.9856086159070804, 1.111427094948162
-7.730284314196725, 23.193636139080763, 0.9856086159070804, 1.111427094948162
-7.760341761118738, 23.10767253808369, 0.9856086159070804, 1.111427094948162
-7.7903997610140046, 23.02170916029161, 0.9856086159070804, 1.111427094948162
-7.820458304238537, 22.93574600302801, 0.9856086159070804, 1.111427094948162
-7.850517381148352, 22.849783063616375, 0.9856086159070804, 1.111427094948162
-7.880576982099459, 22.763820339380175, 0.9856086159070804, 1.111427094948162
-7.91063709744787, 22.677857827642892, 0.9856086159070804, 1.111427094948162
-7.940697717549599, 22.59189552572802, 0.9856086159070804, 1.111427094948162
-7.970758832760655, 22.50593343095901, 0.9856086159070804, 1.111427094948162
-8.000820433437054, 22.419971540659358, 0.9856086159070804, 1.111427094948162
-8.030882509934807, 22.33400985215254, 0.9856086159070804, 1.111427094948162
-8.06094505260993, 22.24804836276203, 0.9856086159070804, 1.111427094948162
-8.091008051818434, 22.16208706981132, 0.9856086159070804, 1.111427094948162
-8.12107149791633, 22.076125970623885, 0.9856086159070804, 1.111427094948162
-8.151135381259628, 21.990165062523193, 0.9856086159070804, 1.111427094948162
-8.181199692204343, 21.904204342832728, 0.9856086159070804, 1.111427094948162
-8.211264421106495, 21.818243808875973, 0.9856086159070804, 1.111427094948162
-8.241329558322082, 21.7322834579764, 0.9856086159070804, 1.111427094948162
-8.27139509420713, 21.646323287457502, 0.9856086159070804, 1.111427094948162
-8.301461019117642, 21.56036329464275, 0.9856086159070804, 1.111427094948162
-8.331527323409635, 21.47440347685562, 0.9856086159070804, 1.111427094948162
-8.361593997439122, 21.388443831419593, 0.9856086159070804, 1.111427094948162
-8.391661031562117, 21.30248435565814, 0.9856086159070804, 1.111427094948162
-8.421728416134627, 21.216525046894763, 0.9856086159070804, 1.111427094948162
-8.451796141512668, 21.130565902452922, 0.9856086159070804, 1.111427094948162
-8.481864198052254, 21.0446069196561, 0.9856086159070804, 1.111427094948162
-8.511932576109391, 20.958648095827776, 0.9856086159070804, 1.111427094948162
-8.5420012660401, 20.872689428291427, 0.9856086159070804, 1.111427094948162
-8.572070258200393, 20.786730914370533, 0.9856086159070804, 1.111427094948162
-8.602139542946276, 20.700772551388578, 0.9856086159070804, 1.111427094948162
-8.632209110633763, 20.614814336669035, 0.9856086159070804, 1.111427094948162
-8.66227895161887, 20.528856267535385, 0.9856086159070804, 1.111427094948162
-8.692349056257607, 20.44289834131111, 0.9856086159070804, 1.111427094948162
-8.722419414905989, 20.35694055531969, 0.9856086159070804, 1.111427094948162
-8.752490017920032, 20.270982906884594, 0.9856086159070804, 1.111427094948162
-8.782560855655737, 20.18502539332931, 0.9856086159070804, 1.111427094948162
-8.812631918469124, 20.099068011977312, 0.9856086159070804, 1.111427094948162
-8.842703196716208, 20.013110760152088, 0.9856086159070804, 1.111427094948162
-8.872774680752995, 19.927153635177103, 0.9856086159070804, 1.111427094948162
-8.902846360935504, 19.841196634375855, 0.9856086159070804, 1.111427094948162
-8.932918227619744, 19.755239755071795, 0.9856086159070804, 1.111427094948162
-8.962990271161729, 19.669282994588432, 0.9856086159070804, 1.111427094948162
-8.99306248191747, 19.58332635024923, 0.9856086159070804, 1.111427094948162
-9.023134850242979, 19.497369819377667, 0.9856086159070804, 1.111427094948162
-9.05320736649427, 19.411413399297224, 0.9856086159070804, 1.111427094948162
-9.083280021027354, 19.325457087331383, 0.9856086159070804, 1.111427094948162
-9.113352804198248, 19.239500880803615, 0.9856086159070804, 1.111427094948162
-9.14342570636296, 19.153544777037407, 0.9856086159070804, 1.111427094948162
-9.173498717877504, 19.067588773356242, 0.9856086159070804, 1.111427094948162
-9.203571829097891, 18.981632867083587, 0.9856086159070804, 1.111427094948162
-9.233645030380139, 18.895677055542933, 0.9856086159070804, 1.111427094948162
-9.263718312080256, 18.809721336057745, 0.9856086159070804, 1.111427094948162
-9.293791664554252, 18.72376570595151, 0.9856086159070804, 1.111427094948162
-9.323865078158144, 18.63781016254771, 0.9856086159070804, 1.111427094948162
-9.353938543247946, 18.551854703169827, 0.9856086159070804, 1.111427094948162
-9.384012050179663, 18.465899325141326, 0.9856086159070804, 1.111427094948162
-9.41408558930932, 18.379944025785704, 0.9856086159070804, 1.111427094948162
-9.444159150992917, 18.293988802426416, 0.9856086159070804, 1.111427094948162
-9.47423272561294, 18.20803365239516, 0.9856086159070804, 1.111427094948162
-9.504306314437779, 18.122078576395303, 0.9856086159070804, 1.111427094948162
-9.534379946340636, 18.036123583680254, 0.9856086159070804, 1.111427094948162
-9.564453654504657, 17.95016868483835, 0.9856086159070804, 1.111427094948162
-9.594527472113013, 17.86421389045794, 0.9856086159070804, 1.111427094948162
-9.624601432348863, 17.778259211127356, 0.9856086159070804, 1.111427094948162
-9.654675568395358, 17.692304657434953, 0.9856086159070804, 1.111427094948162
-9.684749913435665, 17.606350239969036, 0.9856086159070804, 1.111427094948162
-9.714824500652941, 17.520395969317974, 0.9856086159070804, 1.111427094948162
-9.744899363230344, 17.4344418560701, 0.9856086159070804, 1.111427094948162
-9.774974534351037, 17.34848791081375, 0.9856086159070804, 1.111427094948162
-9.805050047198172, 17.26253414413727, 0.9856086159070804, 1.111427094948162
-9.835125934954917, 17.176580566628985, 0.9856086159070804, 1.111427094948162
-9.865202230804421, 17.09062718887725, 0.9856086159070804, 1.111427094948162
-9.89527896792986, 17.00467402147039, 0.9856086159070804, 1.111427094948162
-9.925356179514377, 16.91872107499675, 0.9856086159070804, 1.111427094948162
-9.955433898741138, 16.83276836004468, 0.9856086159070804, 1.111427094948162
-9.985512158793304, 16.746815887202498, 0.9856086159070804, 1.111427094948162
-10.015590992854028, 16.660863667058567, 0.9856086159070804, 1.111427094948162
-10.045670434106482, 16.57491171020121, 0.9856086159070804, 1.111427094948162
-10.07575051573381, 16.48896002721876, 0.9856086159070804, 1.111427094948162
-10.105831270919179, 16.403008628699585, 0.9856086159070804, 1.111427094948162
-10.135912732845751, 16.317057525231995, 0.9856086159070804, 1.111427094948162
-10.165994934696679, 16.23110672740435, 0.9856086159070804, 1.111427094948162
-10.196077909655125, 16.14515624580497, 0.9856086159070804, 1.111427094948162
-10.226161690904256, 16.0592060910222, 0.9856086159070804, 1.111427094948162
-10.256246311627217, 15.973256273644406, 0.9856086159070804, 1.111427094948162
-10.286331805007178, 15.887306804259888, 0.9856086159070804, 1.111427094948162
-10.316418204227292, 15.801357693457014, 0.9856086159070804, 1.111427094948162
-10.346505542470721, 15.715408951824097, 0.9856086159070804, 1.111427094948162
-10.376593852920626, 15.6294605899495, 0.9856086159070804, 1.111427094948162
-10.40668316876017, 15.54351261842155, 0.9856086159070804, 1.111427094948162
-10.436773523172507, 15.457565047828588, 0.9856086159070804, 1.111427094948162
-10.46686494934079, 15.371617888758962, 0.9856086159070804, 1.111427094948162
-10.49695748044819, 15.285671151800994, 0.9856086159070804, 1.111427094948162
-10.527051149677856, 15.19972484754304, 0.9856086159070804, 1.111427094948162
-10.55714599021296, 15.113778986573429, 0.9856086159070804, 1.111427094948162
-10.587242035236653, 15.027833579480502, 0.9856086159070804, 1.111427094948162
-10.617339317932093, 14.941888636852614, 0.9856086159070804, 1.111427094948162
-10.647437871482447, 14.855944169278075, 0.9856086159070804, 1.111427094948162
-10.677537729070863, 14.770000187345257, 0.9856086159070804, 1.111427094948162
-10.707638923880511, 14.684056701642463, 0.9856086159070804, 1.111427094948162
-10.73774148909454, 14.598113722758065, 0.9856086159070804, 1.111427094948162
-10.767845457896124, 14.51217126128038, 0.9856086159070804, 1.111427094948162
-10.797950863468413, 14.426229327797756, 0.9856086159070804, 1.111427094948162
-10.828057738994563, 14.340287932898546, 0.9856086159070804, 1.111427094948162
-10.85816611765774, 14.254347087171057, 0.9856086159070804, 1.111427094948162
-10.8882760326411, 14.168406801203664, 0.9856086159070804, 1.111427094948162
-10.918387517127806, 14.082467085584677, 0.9856086159070804, 1.111427094948162
-10.948500604301012, 13.996527950902447, 0.9856086159070804, 1.111427094948162
-10.97861532734388, 13.910589407745322, 0.9856086159070804, 1.111427094948162
-11.008731719439574, 13.82465146670163, 0.9856086159070804, 1.111427094948162
-11.038849813771241, 13.73871413835972, 0.9856086159070804, 1.111427094948162
-11.068969643522054, 13.65277743330791, 0.9856086159070804, 1.111427094948162
-11.099091241875167, 13.56684136213456, 0.9856086159070804, 1.111427094948162
-11.129214642013736, 13.480905935428012, 0.9856086159070804, 1.111427094948162
-11.159339877120926, 13.394971163776587, 0.9856086159070804, 1.111427094948162
-11.18946698037989, 13.309037057768645, 0.9856086159070804, 1.111427094948162
-11.219595984973797, 13.2231036279925, 0.9856086159070804, 1.111427094948162
-11.249726924085792, 13.137170885036523, 0.9856086159070804, 1.111427094948162
-11.27985983089905, 13.051238839489018, 0.9856086159070804, 1.111427094948162
-11.309994738596725, 12.965307501938348, 0.9856086159070804, 1.111427094948162
-11.340131680361965, 12.879376882972855, 0.9856086159070804, 1.111427094948162
-11.370270689377946, 12.793446993180856, 0.9856086159070804, 1.111427094948162
-11.400411798827816, 12.707517843150718, 0.9856086159070804, 1.111427094948162
-11.430555041894744, 12.621589443470757, 0.9856086159070804, 1.111427094948162
-11.460700451761884, 12.535661804729319, 0.9856086159070804, 1.111427094948162
-11.490848061612388, 12.449734937514759, 0.9856086159070804, 1.111427094948162
-11.52099790462943, 12.363808852415392, 0.9856086159070804, 1.111427094948162
-11.551150013996157, 12.277883560019577, 0.9856086159070804, 1.111427094948162
-11.58130442289574, 12.191959070915633, 0.9856086159070804, 1.111427094948162
-11.611461164511324, 12.10603539569193, 0.9856086159070804, 1.111427094948162
-11.641620272026083, 12.020112544936769, 0.9856086159070804, 1.111427094948162
-11.67178177862317, 11.934190529238515, 0.9856086159070804, 1.111427094948162
-11.701945717485737, 11.848269359185506, 0.9856086159070804, 1.111427094948162
-11.732112121796957, 11.762349045366072, 0.9856086159070804, 1.111427094948162
-11.762281024739979, 11.676429598368566, 0.9856086159070804, 1.111427094948162
-11.79245245949797, 11.590511028781302, 0.9856086159070804, 1.111427094948162
-11.822626459254082, 11.50459334719264, 0.9856086159070804, 1.111427094948162
-11.852803057191478, 11.418676564190928, 0.9856086159070804, 1.111427094948162
-11.882982286493315, 11.332760690364474, 0.9856086159070804, 1.111427094948162
-11.913164180342758, 11.246845736301653, 0.9856086159070804, 1.111427094948162
-11.943348771922961, 11.16093171259077, 0.9856086159070804, 1.111427094948162
-11.97353609441709, 11.075018629820198, 0.9856086159070804, 1.111427094948162
-12.003726181008297, 10.989106498578243, 0.9856086159070804, 1.111427094948162
-12.033919064879745, 10.903195329453261, 0.9856086159070804, 1.111427094948162
-12.064114779214584, 10.817285133033602, 0.9856086159070804, 1.111427094948162
-12.094313357195993, 10.731375919907585, 0.9856086159070804, 1.111427094948162
-12.124514832007113, 10.64546770066357, 0.9856086159070804, 1.111427094948162
-12.154719236831115, 10.55956048588987, 0.9856086159070804, 1.111427094948162
-12.184926604851153, 10.473654286174838, 0.9856086159070804, 1.111427094948162
-12.215136969250388, 10.387749112106832, 0.9856086159070804, 1.111427094948162
-12.245350363211976, 10.301844974274157, 0.9856086159070804, 1.111427094948162
-12.27556681991908, 10.215941883265184, 0.9856086159070804, 1.111427094948162
-12.30578637255486, 10.130039849668224, 0.9856086159070804, 1.111427094948162
-12.33600905430247, 10.044138884071627, 0.9856086159070804, 1.111427094948162
-12.366234898345077, 9.958238997063749, 0.9856086159070804, 1.111427094948162
-12.396463937865834, 9.8723401992329, 0.9856086159070804, 1.111427094948162
-12.426696206047904, 9.78644250116745, 0.9856086159070804, 1.111427094948162
-12.456931736074443, 9.70054591345571, 0.9856086159070804, 1.111427094948162
-12.487170561128613, 9.614650446686044, 0.9856086159070804, 1.111427094948162
-12.517412714393576, 9.528756111446766, 0.9856086159070804, 1.111427094948162
-12.547658229052491, 9.442862918326231, 0.9856086159070804, 1.111427094948162
-12.577907138288507, 9.356970877912786, 0.9856086159070804, 1.111427094948162
-12.608159475284795, 9.271080000794747, 0.9856086159070804, 1.111427094948162
-12.638415273224508, 9.18519029756048, 0.9856086159070804, 1.111427094948162
-12.668674565290809, 9.099301778798297, 0.9856086159070804, 1.111427094948162
-12.69893738466686, 9.013414455096553, 0.9856086159070804, 1.111427094948162
-12.72920376453581, 8.927528337043597, 0.9856086159070804, 1.111427094948162
-12.75947373808083, 8.841643435227743, 0.9856086159070804, 1.111427094948162
-12.789747338485068, 8.755759760237357, 0.9856086159070804, 1.111427094948162
-12.820024598931699, 8.669877322660756, 0.9856086159070804, 1.111427094948162
-12.850305552603862, 8.583996133086298, 0.9856086159070804, 1.111427094948162
-12.880590232684739, 8.498116202102304, 0.9856086159070804, 1.111427094948162
-12.910878672357471, 8.412237540297118, 0.9856086159070804, 1.111427094948162
-12.941170904805226, 8.326360158259098, 0.9856086159070804, 1.111427094948162
-12.97146696321116, 8.240484066576554, 0.9856086159070804, 1.111427094948162
-13.001766880758435, 8.154609275837855, 0.9856086159070804, 1.111427094948162
-13.032070690630206, 8.06873579663131, 0.9856086159070804, 1.111427094948162
-13.062378426009644, 7.982863639545277, 0.9856086159070804, 1.111427094948162
-13.09269012007989, 7.896992815168103, 0.9856086159070804, 1.111427094948162
-13.12300580602412, 7.811123334088106, 0.9856086159070804, 1.111427094948162
-13.15332551702548, 7.725255206893643, 0.9856086159070804, 1.111427094948162
-13.183649286267144, 7.639388444173039, 0.9856086159070804, 1.111427094948162
-13.213977146932264, 7.553523056514637, 0.9856086159070804, 1.111427094948162
-13.24430913220399, 7.467659054506792, 0.9856086159070804, 1.111427094948162
-13.274645275265495, 7.381796448737818, 0.9856086159070804, 1.111427094948162
-13.304985609299932, 7.295935249796081, 0.9856086159070804, 1.111427094948162
-13.335330167490465, 7.210075468269893, 0.9856086159070804, 1.111427094948162
-13.365678983020247, 7.124217114747621, 0.9856086159070804, 1.111427094948162
-13.396032089072442, 7.038360199817575, 0.9856086159070804, 1.111427094948162
-13.426389518830213, 6.9525047340681105, 0.9856086159070804, 1.111427094948162
-13.456751305476706, 6.866650728087578, 0.9856086159070804, 1.111427094948162
-13.487117482195092, 6.780798192464292, 0.9856086159070804, 1.111427094948162
-13.51748808216853, 6.694947137786617, 0.9856086159070804, 1.111427094948162
-13.547863138580173, 6.609097574642866, 0.9856086159070804, 1.111427094948162
-13.578242684613183, 6.523249513621392, 0.9856086159070804, 1.111427094948162
-13.608626753450721, 6.437402965310547, 0.9856086159070804, 1.111427094948162
-13.639015378275948, 6.351557940298644, 0.9856086159070804, 1.111427094948162
-13.669408592272017, 6.265714449174048, 0.9856086159070804, 1.111427094948162
-13.699806428622097, 6.179872502525077, 0.9856086159070804, 1.111427094948162
-13.730208920509336, 6.094032110940088, 0.9856086159070804, 1.111427094948162
-13.760616101116904, 6.008193285007401, 0.9856086159070804, 1.111427094948162
-13.791028003627952, 5.922356035315365, 0.9856086159070804, 1.111427094948162
-13.821444661225643, 5.836520372452332, 0.9856086159070804, 1.111427094948162
-13.851866107093137, 5.750686307006618, 0.9856086159070804, 1.111427094948162
-13.88229237441359, 5.664853849566587, 0.9856086159070804, 1.111427094948162
-13.91272349637017, 5.579023010720551, 0.9856086159070804, 1.111427094948162
-13.943159506146028, 5.493193801056864, 0.9856086159070804, 1.111427094948162
-13.973600436924322, 5.407366231163879, 0.9856086159070804, 1.111427094948162
-14.004046321888218, 5.3215403116299065, 0.9856086159070804, 1.111427094948162
-14.03449719422087, 5.235716053043314, 0.9856086159070804, 1.111427094948162
-14.064953087105444, 5.149893465992415, 0.9856086159070804, 1.111427094948162
-14.095414033725092, 5.064072561065558, 0.9856086159070804, 1.111427094948162
-14.125880067262974, 4.978253348851099, 0.9856086159070804, 1.111427094948162
-14.156351220902259, 4.892435839937353, 0.9856086159070804, 1.111427094948162
-14.186827527826093, 4.8066200449126795, 0.9856086159070804, 1.111427094948162
-14.217309021217645, 4.720805974365398, 0.9856086159070804, 1.111427094948162
-14.247795734260066, 4.634993638883869, 0.9856086159070804, 1.111427094948162
-14.278287700136525, 4.549183049056408, 0.9856086159070804, 1.111427094948162
-14.30878495203018, 4.463374215471368, 0.9856086159070804, 1.111427094948162
-14.339287523124177, 4.377567148717098, 0.9856086159070804, 1.111427094948162
-14.369795446601696, 4.291761859381916, 0.9856086159070804, 1.111427094948162
-14.400308755645877, 4.205958358054184, 0.9856086159070804, 1.111427094948162
-14.430827483439899, 4.1201566553222175, 0.9856086159070804, 1.111427094948162
-14.461351663166901, 4.034356761774368, 0.9856086159070804, 1.111427094948162
-14.491881328010052, 3.9485586879989842, 0.9856086159070804, 1.111427094948162
-14.522416511152514, 3.8627624445843836, 0.9856086159070804, 1.111427094948162
-14.552957245777442, 3.7769680421189307, 0.9856086159070804, 1.111427094948162
-14.583503565068002, 3.691175491190939, 0.9856086159070804, 1.111427094948162
-14.61405550220734, 3.6053848023887722, 0.9856086159070804, 1.111427094948162
-14.64461309037863, 3.5195959863007458, 0.9856086159070804, 1.111427094948162
-14.675176362765027, 3.433809053515213, 0.9856086159070804, 1.111427094948162
-14.705745352549682, 3.348024014620519, 0.9856086159070804, 1.111427094948162
-14.736320092915768, 3.2622408802049865, 0.9856086159070804, 1.111427094948162
-14.766900617046431, 3.1764596608569744, 0.9856086159070804, 1.111427094948162
-14.79748695812484, 3.0906803671648007, 0.9856086159070804, 1.111427094948162
-14.828079149334151, 3.004903009716813, 0.9856086159070804, 1.111427094948162
-14.85867722385752, 2.9191275991013654, 0.9856086159070804, 1.111427094948162
-14.88928121487811, 2.833354145906773, 0.9856086159070804, 1.111427094948162
-14.919891155579084, 2.747582660721398, 0.9856086159070804, 1.111427094948162
-14.950507079143595, 2.661813154133556, 0.9856086159070804, 1.111427094948162
-14.981129018754809, 2.5760456367316005, 0.9856086159070804, 1.111427094948162
-15.011757007595872, 2.490280119103878, 0.9856086159070804, 1.111427094948162
-15.042391078849963, 2.4045166118387105, 0.9856086159070804, 1.111427094948162
-15.073031265700223, 2.318755125524454, 0.9856086159070804, 1.111427094948162
-15.103677601329824, 2.232995670749429, 0.9856086159070804, 1.111427094948162
-15.134330118921916, 2.1472382581019973, 0.9856086159070804, 1.111427094948162
-15.164988851659668, 2.0614828981704734, 0.9856086159070804, 1.111427094948162
-15.195653832726233, 1.9757296015432098, 0.9856086159070804, 1.111427094948162
-15.226325095304773, 1.8899783788085567, 0.9856086159070804, 1.111427094948162
-15.257002672578444, 1.8042292405548301, 0.9856086159070804, 1.111427094948162
-15.287686597730406, 1.718482197370393, 0.9856086159070804, 1.111427094948162
-15.318376903943818, 1.6327372598435619, 0.9856086159070804, 1.111427094948162
-15.34907362440185, 1.5469944385626853, 0.9856086159070804, 1.111427094948162
-15.379776792287647, 1.4612537441161177, 0.9856086159070804, 1.111427094948162
-15.410486440784373, 1.375515187092172, 0.9856086159070804, 1.111427094948162
-15.441202603075189, 1.2897787780792132, 0.9856086159070804, 1.111427094948162
-15.471925312343252, 1.2040445276655547, 0.9856086159070804, 1.111427094948162
-15.502654601771725, 1.118312446439562, 0.9856086159070804, 1.111427094948162
-15.533390504543767, 1.0325825449895492, 0.9856086159070804, 1.111427094948162
-15.564133053842538, 0.946854833903868, 0.9856086159070804, 1.111427094948162
-15.594882282851188, 0.8611293237708688, 0.9856086159070804, 1.111427094948162
-15.62563822475289, 0.7754060251788679, 0.9856086159070804, 1.111427094948162
-15.656400912730792, 0.6896849487162284, 0.9856086159070804, 1.111427094948162
-15.687170379968062, 0.6039661049712648, 0.9856086159070804, 1.111427094948162
-15.717946659647854, 0.5182495045323297, 0.9856086159070804, 1.111427094948162
-15.74872978495333, 0.43253515798777364, 0.9856086159070804, 1.111427094948162
-15.779519789067646, 0.3468230759259123, 0.9856086159070804, 1.111427094948162
-15.810316705173967, 0.2611132689351079, 0.9856086159070804, 1.111427094948162
-15.841120566455444, 0.17540574760367766, 0.9856086159070804, 1.111427094948162
-15.87193140609525, 0.08970052251997096, 0.9856086159070804, 1.111427094948162
-15.902749257276529, 0.003997604272339306, 0.9856086159070804, 1.111427094948162
-15.93357415318245, -0.08170299655089952, 0.9856086159070804, 1.111427094948162
-15.964406126996169, -0.16740126936138555, 0.9856086159070804, 1.111427094948162
-15.995245211900848, -0.2530972035708019, 0.9856086159070804, 1.111427094948162
-16.026091441079636, -0.3387907885907855, 0.9856086159070804, 1.111427094948162
-16.05694484771571, -0.42448201383301987, 0.9856086159070804, 1.111427094948162
-16.08780546499222, -0.5101708687091557, 0.9856086159070804, 1.111427094948162
-16.11867332609232, -0.5958573426308407, 0.9856086159070804, 1.111427094948162
-16.149548464199178, -0.6815414250097591, 0.9856086159070804, 1.111427094948162
-16.180430912495943, -0.7672231052575487, 0.9856086159070804, 1.111427094948162
-16.21132070416579, -0.8529023727858933, 0.9856086159070804, 1.111427094948162
-16.24221787239187, -0.9385792170064418, 0.9856086159070804, 1.111427094948162
-16.273122450357334, -1.0242536273308431, 0.9856086159070804, 1.111427094948162
-16.30403447124536, -1.109925593170782, 0.9856086159070804, 1.111427094948162
-16.33495396823909, -1.1955951039378951, 0.9856086159070804, 1.111427094948162
-16.365880974521698, -1.2812621490438674, 0.9856086159070804, 1.111427094948162
-16.396815523276327, -1.366926717900335, 0.9856086159070804, 1.111427094948162
-16.427757647686153, -1.4525887999189822, 0.9856086159070804, 1.111427094948162
-16.45870738093432, -1.5382483845114585, 0.9856086159070804, 1.111427094948162
-16.489664756204, -1.6239054610894128, 0.9856086159070804, 1.111427094948162
-16.52062980667835, -1.7095600190645297, 0.9856086159070804, 1.111427094948162
-16.55160256554052, -1.795212047848445, 0.9856086159070804, 1.111427094948162
-16.582583065973676, -1.880861536852844, 0.9856086159070804, 1.111427094948162
-16.61357134116098, -1.9665084754893758, 0.9856086159070804, 1.111427094948162
-16.644567424285587, -2.052152853169689, 0.9856086159070804, 1.111427094948162
-16.675571348530664, -2.1377946593054675, 0.9856086159070804, 1.111427094948162
-16.706583147079357, -2.2234338833083482, 0.9856086159070804, 1.111427094948162
-16.737602852928905, -2.309070514636705, 0.9856086159070804, 1.111427094948162
-16.768628943644387, -2.394704933318921, 0.9856086159070804, 1.111427094948162
-16.79965456826248, -2.4803388573805183, 0.9856086159070804, 1.111427094948162
-16.830671735708318, -2.565974291129756, 0.9856086159070804, 1.111427094948162
-16.861672454907026, -2.6516132388748943, 0.9856086159070804, 1.111427094948162
-16.892648734783755, -2.7372577049242297, 0.9856086159070804, 1.111427094948162
-16.923592584263634, -2.822909693586012, 0.9856086159070804, 1.111427094948162
-16.9544960122718, -2.9085712091685347, 0.9856086159070804, 1.111427094948162
-16.985351027733387, -2.9942442559800595, 0.9856086159070804, 1.111427094948162
-17.016149639573534, -3.079930838328848, 0.9856086159070804, 1.111427094948162
-17.046883856717372, -3.165632960523195, 0.9856086159070804, 1.111427094948162
-17.077545688090034, -3.2513526268713497, 0.9856086159070804, 1.111427094948162
-17.108127142616667, -3.337091841681607, 0.9856086159070804, 1.111427094948162
-17.1386202292224, -3.422852609262229, 0.9856086159070804, 1.111427094948162
-17.16901695683236, -3.5086369339214736, 0.9856086159070804, 1.111427094948162
-17.199309334371698, -3.594446819967641, 0.9856086159070804, 1.111427094948162
-17.22948937076553, -3.6802842717089748, 0.9856086159070804, 1.111427094948162
-17.259549074939017, -3.7661512934537766, 0.9856086159070804, 1.111427094948162
-17.289480455817277, -3.85204988951029, 0.9856086159070804, 1.111427094948162
-17.319275522325448, -3.937982064186813, 0.9856086159070804, 1.111427094948162
-17.34892628338867, -4.023949821791607, 0.9856086159070804, 1.111427094948162
-17.378424747932073, -4.109955166632931, 0.9856086159070804, 1.111427094948162
-17.407762924880803, -4.196000103019082, 0.9856086159070804, 1.111427094948162
-17.43693282315998, -4.282086635258308, 0.9856086159070804, 1.111427094948162
-17.465928054089048, -4.368216423506144, 0.9856086159070804, 1.111427094948162
-17.49476640847988, -4.454385934789841, 0.9856086159070804, 1.111427094948162
-17.523484394900652, -4.540587616047756, 0.9856086159070804, 1.111427094948162
-17.55211900947057, -4.626813809504965, 0.9856086159070804, 1.111427094948162
-17.580707248308798, -4.713056857386494, 0.9856086159070804, 1.111427094948162
-17.609286107534526, -4.799309101917418, 0.9856086159070804, 1.111427094948162
-17.637892583266936, -4.885562885322764, 0.9856086159070804, 1.111427094948162
-17.666563671625216, -4.971810549827608, 0.9856086159070804, 1.111427094948162
-17.69533636872855, -5.058044437656991, 0.9856086159070804, 1.111427094948162
-17.724247670696116, -5.144256891035949, 0.9856086159070804, 1.111427094948162
-17.753334573647106, -5.230440252189559, 0.9856086159070804, 1.111427094948162
-17.782634073700702, -5.316586863342849, 0.9856086159070804, 1.111427094948162
-17.81218316697609, -5.4026890667208916, 0.9856086159070804, 1.111427094948162
-17.84201884959245, -5.488739204548728, 0.9856086159070804, 1.111427094948162
-17.872178117668962, -5.574729619051396, 0.9856086159070804, 1.111427094948162
-17.902697967324826, -5.660652652453973, 0.9856086159070804, 1.111427094948162
-17.933615394679208, -5.746500646981485, 0.9856086159070804, 1.111427094948162
-17.964967395851303, -5.832265944859007, 0.9856086159070804, 1.111427094948162
-17.996790966960297, -5.917940888311579, 0.9856086159070804, 1.111427094948162
-18.029123090016665, -6.003517822121102, 0.9856086159070804, 1.111427094948162
-18.061960912580716, -6.088996310110713, 0.9856086159070804, 1.111427094948162
-18.09517460376439, -6.174398927909724, 0.9856086159070804, 1.111427094948162
-18.12860908695562, -6.2597528263310664, 0.9856086159070804, 1.111427094948162
-18.1621092855423, -6.345085156187624, 0.9856086159070804, 1.111427094948162
-18.19552012291235, -6.430423068292328, 0.9856086159070804, 1.111427094948162
-18.228686522453668, -6.515793713458071, 0.9856086159070804, 1.111427094948162
-18.261453407554153, -6.601224242497749, 0.9856086159070804, 1.111427094948162
-18.293665701601736, -6.686741806224292, 0.9856086159070804, 1.111427094948162
-18.32516832798431, -6.772373555450583, 0.9856086159070804, 1.111427094948162
-18.35580621008979, -6.858146640989553, 0.9856086159070804, 1.111427094948162
-18.385424271306086, -6.944088213654095, 0.9856086159070804, 1.111427094948162
-18.413867435021093, -7.030225424257105, 0.9856086159070804, 1.111427094948162
-18.440980624622735, -7.1165854236115145, 0.9856086159070804, 1.111427094948162
-18.46660876349891, -7.203195362530205, 0.9856086159070804, 1.111427094948162
-18.490596775037538, -7.2900823918261075, 0.9856086159070804, 1.111427094948162
-18.51278958262651, -7.377273662312104, 0.9856086159070804, 1.111427094948162
-18.53303210965375, -7.464796324801125, 0.9856086159070804, 1.111427094948162
-18.55116927950716, -7.5526775301060685, 0.9856086159070804, 1.111427094948162
-18.56704601557465, -7.640944429039825, 0.9856086159070804, 1.111427094948162
-18.580507241244128, -7.729624172415327, 0.9856086159070804, 1.111427094948162
-18.59139787990349, -7.818743911045454, 0.9856086159070804, 1.111427094948162
-18.599562854940668, -7.908330795743143, 0.9856086159070804, 1.111427094948162
-18.604847089743558, -7.998411977321284, 0.9856086159070804, 1.111427094948162
-18.60709550770006, -8.089014606592771, 0.9856086159070804, 1.111427094948162
-18.606153032198094, -8.180165834370538, 0.9856086159070804, 1.111427094948162
-18.601864586625574, -8.271892811467467, 0.9856086159070804, 1.111427094948162
-18.594074992450675, -8.364194389954056, 0.9856086159070804, 1.111427094948162
-18.58262801705905, -8.456776748289569, 0.9856086159070804, 1.111427094948162
-18.56736680511733, -8.549173162517882, 0.9856086159070804, 1.111427094948162
-18.548134493209947, -8.64091466459998, 0.9856086159070804, 1.111427094948162
-18.524774217921337, -8.731532286496797, 0.9856086159070804, 1.111427094948162
-18.497129115835904, -8.820557060169314, 0.9856086159070804, 1.111427094948162
-18.465042323538114, -8.907520017578463, 0.9856086159070804, 1.111427094948162
-18.428356977612356, -8.991952190685218, 0.9856086159070804, 1.111427094948162
-18.386916214643087, -9.07338461145054, 0.9856086159070804, 1.111427094948162
-18.340564294667463, -9.151349353977995, 0.9856086159070804, 1.111427094948162
-18.28930193423184, -9.225523625311697, 0.9856086159070804, 1.111427094948162
-18.233445425285577, -9.295877368070666, 0.9856086159070804, 1.111427094948162
-18.1733490074822, -9.362415726106097, 0.9856086159070804, 1.111427094948162
-18.109366920475278, -9.425143843269154, 0.9856086159070804, 1.111427094948162
-18.041853403918378, -9.484066863411003, 0.9856086159070804, 1.111427094948162
-17.97116269746503, -9.539189930382832, 0.9856086159070804, 1.111427094948162
-17.897649040768822, -9.590518188035807, 0.9856086159070804, 1.111427094948162
-17.821666673483286, -9.638056780221113, 0.9856086159070804, 1.111427094948162
-17.743555783743453, -9.68182419768396, 0.9856086159070804, 1.111427094948162
-17.66352844541557, -9.721960621047257, 0.9856086159070804, 1.111427094948162
-17.58172821879682, -9.758671308835982, 0.9856086159070804, 1.111427094948162
-17.498298017322554, -9.792162133999577, 0.9856086159070804, 1.111427094948162
-17.413380754428072, -9.822638969487485, 0.9856086159070804, 1.111427094948162
-17.32711934354874, -9.850307688249146, 0.9856086159070804, 1.111427094948162
-17.23965669811985, -9.875374163234003, 0.9856086159070804, 1.111427094948162
-17.151135731576748, -9.898044267391498, 0.9856086159070804, 1.111427094948162
-17.06169935735478, -9.918523873671065, 0.9856086159070804, 1.111427094948162
-16.97149048888925, -9.937018855022153, 0.9856086159070804, 1.111427094948162
-16.880652039615512, -9.953735084394198, 0.9856086159070804, 1.111427094948162
-16.789326922968872, -9.968878434736649, 0.9856086159070804, 1.111427094948162
-16.697658052384682, -9.982654778998938, 0.9856086159070804, 1.111427094948162
-16.605788341298254, -9.995269990130511, 0.9856086159070804, 1.111427094948162
-16.513860703144925, -10.00692994108081, 0.9856086159070804, 1.111427094948162
-16.42201805136004, -10.01784050479927, 0.9856086159070804, 1.111427094948162
-16.330403299378904, -10.028207554235342, 0.9856086159070804, 1.111427094948162
-16.239159094128595, -10.038236935962653, 0.9856086159070804, 1.111427094948162
-16.148373470176676, -10.048129091676142, 0.9856086159070804, 1.111427094948162
-16.058013528796536, -10.058072494538468, 0.9856086159070804, 1.111427094948162
-15.968030148930882, -10.06825401221987, 0.9856086159070804, 1.111427094948162
-15.878374209522384, -10.07886051239057, 0.9856086159070804, 1.111427094948162
-15.788996589513745, -10.090078862720805, 0.9856086159070804, 1.111427094948162
-15.69984816784764, -10.102095930880814, 0.9856086159070804, 1.111427094948162
-15.61087982346677, -10.115098584540828, 0.9856086159070804, 1.111427094948162
-15.522042435313823, -10.129273691371068, 0.9856086159070804, 1.111427094948162
-15.433286882331485, -10.144808119041784, 0.9856086159070804, 1.111427094948162
-15.344564043462452, -10.161888735223194, 0.9856086159070804, 1.111427094948162
-15.255828755518756, -10.180702115289272, 0.9856086159070804, 1.111427094948162
-15.167153445718125, -10.2014261503362, 0.9856086159070804, 1.111427094948162
-15.078745106080637, -10.224228793590548, 0.9856086159070804, 1.111427094948162
-14.990818100735861, -10.249277453834381, 0.9856086159070804, 1.111427094948162
-14.903586793813353, -10.276739539849782, 0.9856086159070804, 1.111427094948162
-14.817265549442666, -10.306782460418844, 0.9856086159070804, 1.111427094948162
-14.73206873175337, -10.339573624323636, 0.9856086159070804, 1.111427094948162
-14.648210704874998, -10.375280440346247, 0.9856086159070804, 1.111427094948162
-14.56590583293713, -10.414070317268756, 0.9856086159070804, 1.111427094948162
-14.485368480069319, -10.45611066387324, 0.9856086159070804, 1.111427094948162
-14.406813009572424, -10.501568887455072, 0.9856086159070804, 1.111427094948162
-14.330415744142353, -10.550544148146566, 0.9856086159070804, 1.111427094948162
-14.256213398360398, -10.602885140616571, 0.9856086159070804, 1.111427094948162
-14.184210668318427, -10.658383116413031, 0.9856086159070804, 1.111427094948162
-14.11441225010828, -10.716829327083914, 0.9856086159070804, 1.111427094948162
-14.046822839821818, -10.77801502417717, 0.9856086159070804, 1.111427094948162
-13.981447133550896, -10.841731459240739, 0.9856086159070804, 1.111427094948162
-13.918289827387351, -10.907769883822594, 0.9856086159070804, 1.111427094948162
-13.857355617423064, -10.975921549470678, 0.9856086159070804, 1.111427094948162
-13.798649199749855, -11.045977707732956, 0.9856086159070804, 1.111427094948162
-13.742174711629975, -11.117730017012704, 0.9856086159070804, 1.111427094948162
-13.68789174936501, -11.191002563713411, 0.9856086159070804, 1.111427094948162
-13.63568366198789, -11.265674945983491, 0.9856086159070804, 1.111427094948162
-13.585426318144478, -11.341632208059396, 0.9856086159070804, 1.111427094948162
-13.536995586480586, -11.418759394177611, 0.9856086159070804, 1.111427094948162
-13.490267335642066, -11.496941548574595, 0.9856086159070804, 1.111427094948162
-13.445117434274756, -11.576063715486802, 0.9856086159070804, 1.111427094948162
-13.401421751024495, -11.656010939150724, 0.9856086159070804, 1.111427094948162
-13.359056154537125, -11.736668263802816, 0.9856086159070804, 1.111427094948162
-13.317896513458471, -11.817920733679557, 0.9856086159070804, 1.111427094948162
-13.277825414402793, -11.899660967179713, 0.9856086159070804, 1.111427094948162
-13.23877901664314, -11.981841983107282, 0.9856086159070804, 1.111427094948162
-13.200719116605551, -12.064445704831748, 0.9856086159070804, 1.111427094948162
-13.16360767087285, -12.147454236291091, 0.9856086159070804, 1.111427094948162
-13.127406636027846, -12.230849681423344, 0.9856086159070804, 1.111427094948162
-13.092077968653362, -12.314614144166475, 0.9856086159070804, 1.111427094948162
-13.057583625332219, -12.398729728458516, 0.9856086159070804, 1.111427094948162
-13.023885562647239, -12.483178538237448, 0.9856086159070804, 1.111427094948162
-12.990945737181242, -12.56794267744126, 0.9856086159070804, 1.111427094948162
-12.958726105517044, -12.653004250007985, 0.9856086159070804, 1.111427094948162
-12.927188624237468, -12.738345359875588, 0.9856086159070804, 1.111427094948162
-12.896295249925332, -12.823948110982101, 0.9856086159070804, 1.111427094948162
-12.86600793916346, -12.909794607265498, 0.9856086159070804, 1.111427094948162
-12.836288648534664, -12.995866952663796, 0.9856086159070804, 1.111427094948162
-12.80709933462177, -13.082147251114998, 0.9856086159070804, 1.111427094948162
-12.778401954007599, -13.16861760655708, 0.9856086159070804, 1.111427094948162
-12.750158463274968, -13.255260122928068, 0.9856086159070804, 1.111427094948162
-12.722330819006702, -13.342056904165945, 0.9856086159070804, 1.111427094948162
-12.694880977785607, -13.428990054208722, 0.9856086159070804, 1.111427094948162
-12.667770896194519, -13.516041676994405, 0.9856086159070804, 1.111427094948162
-12.640962530816253, -13.603193876460963, 0.9856086159070804, 1.111427094948162
-12.614417838233619, -13.690428756546435, 0.9856086159070804, 1.111427094948162
-12.588098775029458, -13.777728421188794, 0.9856086159070804, 1.111427094948162
-12.561967297786566, -13.865074974326056, 0.9856086159070804, 1.111427094948162
-12.535988770811175, -13.952452324125968, 0.9856086159070804, 1.111427094948162
-12.510149220386127, -14.039855318304012, 0.9856086159070804, 1.111427094948162
-12.484442419032543, -14.127282905845666, 0.9856086159070804, 1.111427094948162
-12.458862152961617, -14.214734042984592, 0.9856086159070804, 1.111427094948162
-12.433402208384532, -14.302207685954501, 0.9856086159070804, 1.111427094948162
-12.408056371512476, -14.389702790989066, 0.9856086159070804, 1.111427094948162
-12.382818428556632, -14.477218314321993, 0.9856086159070804, 1.111427094948162
-12.357682165728187, -14.564753212186972, 0.9856086159070804, 1.111427094948162
-12.332641369238342, -14.652306440817677, 0.9856086159070804, 1.111427094948162
-12.307689825298263, -14.73987695644781, 0.9856086159070804, 1.111427094948162
-12.282821320119151, -14.82746371531105, 0.9856086159070804, 1.111427094948162
-12.258029639912182, -14.91506567364111, 0.9856086159070804, 1.111427094948162
-12.23330857088855, -15.002681787671662, 0.9856086159070804, 1.111427094948162
-12.208651899259447, -15.090311013636391, 0.9856086159070804, 1.111427094948162
-12.184053411236048, -15.17795230776901, 0.9856086159070804, 1.111427094948162
-12.159506893029548, -15.265604626303181, 0.9856086159070804, 1.111427094948162
-12.135006130851126, -15.35326692547262, 0.9856086159070804, 1.111427094948162
-12.110544910911983, -15.440938161511, 0.9856086159070804, 1.111427094948162
-12.08611701942329, -15.528617290652027, 0.9856086159070804, 1.111427094948162
-12.061716242596237, -15.616303269129377, 0.9856086159070804, 1.111427094948162
-12.037336366642023, -15.703995053176738, 0.9856086159070804, 1.111427094948162
-12.012971177771822, -15.791691599027818, 0.9856086159070804, 1.111427094948162
-11.988614462196825, -15.879391862916284, 0.9856086159070804, 1.111427094948162
-11.964260006128217, -15.967094801075847, 0.9856086159070804, 1.111427094948162
-11.93990159577719, -16.054799369740195, 0.9856086159070804, 1.111427094948162
-11.915533017354928, -16.142504525142996, 0.9856086159070804, 1.111427094948162
-11.891148057072614, -16.23020922351797, 0.9856086159070804, 1.111427094948162
-11.866740501141443, -16.317912421098782, 0.9856086159070804, 1.111427094948162
-11.84230413577259, -16.40561307411914, 0.9856086159070804, 1.111427094948162
-11.817832747177247, -16.493310138812728, 0.9856086159070804, 1.111427094948162
-11.79332012156661, -16.58100257141323, 0.9856086159070804, 1.111427094948162
-11.768760045151854, -16.668689328154347, 0.9856086159070804, 1.111427094948162
-11.744146230661089, -16.756369272110966, 0.9856086159070804, 1.111427094948162
-11.719471392830876, -16.84404000114595, 0.9856086159070804, 1.111427094948162
-11.694727526969695, -16.93169820106116, 0.9856086159070804, 1.111427094948162
-11.669906612493161, -17.019340537510228, 0.9856086159070804, 1.111427094948162
-11.645000628816886, -17.106963676146734, 0.9856086159070804, 1.111427094948162
-11.620001555356492, -17.19456428262425, 0.9856086159070804, 1.111427094948162
-11.594901371527579, -17.28213902259639, 0.9856086159070804, 1.111427094948162
-11.569692056745772, -17.369684561716728, 0.9856086159070804, 1.111427094948162
-11.54436559042668, -17.45719756563888, 0.9856086159070804, 1.111427094948162
-11.51891395198592, -17.544674700016415, 0.9856086159070804, 1.111427094948162
-11.493329120839109, -17.63211263050293, 0.9856086159070804, 1.111427094948162
-11.467603076401849, -17.719508022752024, 0.9856086159070804, 1.111427094948162
-11.441727798089769, -17.806857542417273, 0.9856086159070804, 1.111427094948162
-11.415695265318469, -17.89415785515229, 0.9856086159070804, 1.111427094948162
-11.389497457503575, -17.981405626610645, 0.9856086159070804, 1.111427094948162
-11.363126354060695, -18.06859752244595, 0.9856086159070804, 1.111427094948162
-11.336573934405438, -18.15573020831178, 0.9856086159070804, 1.111427094948162
-11.309832177953432, -18.24280034986173, 0.9856086159070804, 1.111427094948162
-11.282893064120275, -18.3298046127494, 0.9856086159070804, 1.111427094948162
-11.255748572321595, -18.416739662628363, 0.9856086159070804, 1.111427094948162
-11.228390681972996, -18.503602165152238, 0.9856086159070804, 1.111427094948162
-11.200811372490094, -18.590388785974596, 0.9856086159070804, 1.111427094948162
-11.173002623288511, -18.677096190749026, 0.9856086159070804, 1.111427094948162
-11.144956413783849, -18.763721045129138, 0.9856086159070804, 1.111427094948162
-11.11666472339173, -18.850260014768498, 0.9856086159070804, 1.111427094948162
-11.088119531527767, -18.936709765320728, 0.9856086159070804, 1.111427094948162
-11.059312817607568, -19.0230669624394, 0.9856086159070804, 1.111427094948162
-11.030236561046758, -19.1093282717781, 0.9856086159070804, 1.111427094948162
-11.000882741260941, -19.195490358990437, 0.9856086159070804, 1.111427094948162
-10.971243337665735, -19.281549889729984, 0.9856086159070804, 1.111427094948162
-10.941310329676753, -19.367503529650357, 0.9856086159070804, 1.111427094948162
-10.911075696709613, -19.453347944405117, 0.9856086159070804, 1.111427094948162
-10.880531418179922, -19.539079799647883, 0.9856086159070804, 1.111427094948162
-10.849669473503297, -19.624695761032235, 0.9856086159070804, 1.111427094948162
-10.818481842095357, -19.71019249421175, 0.9856086159070804, 1.111427094948162
-10.786960503371708, -19.795566664840052, 0.9856086159070804, 1.111427094948162
-10.75509743674797, -19.8808149385707, 0.9856086159070804, 1.111427094948162
-10.722884621639752, -19.965933981057308, 0.9856086159070804, 1.111427094948162
-10.69031403746267, -20.05092045795346, 0.9856086159070804, 1.111427094948162
-10.657377663632346, -20.13577103491274, 0.9856086159070804, 1.111427094948162
-10.624067479564378, -20.220482377588755, 0.9856086159070804, 1.111427094948162
-10.590375464674395, -20.305051151635077, 0.9856086159070804, 1.111427094948162
-10.556294075995869, -20.389474071137304, 0.9856086159070804, 1.111427094948162
-10.521820839652282, -20.47374836420304, 0.9856086159070804, 1.111427094948162
-10.486956336420743, -20.55787156869165, 0.9856086159070804, 1.111427094948162
-10.451701189119216, -20.64184122672553, 0.9856086159070804, 1.111427094948162
-10.416056020565653, -20.725654880427076, 0.9856086159070804, 1.111427094948162
-10.380021453578008, -20.809310071918723, 0.9856086159070804, 1.111427094948162
-10.343598110974243, -20.892804343322865, 0.9856086159070804, 1.111427094948162
-10.306786615572308, -20.976135236761937, 0.9856086159070804, 1.111427094948162
-10.269587590190163, -21.05930029435834, 0.9856086159070804, 1.111427094948162
-10.232001657645766, -21.14229705823447, 0.9856086159070804, 1.111427094948162
-10.194029440757065, -21.225123070512762, 0.9856086159070804, 1.111427094948162
-10.155671562342029, -21.307775873315613, 0.9856086159070804, 1.111427094948162
-10.1169286452186, -21.390253008765452, 0.9856086159070804, 1.111427094948162
-10.077801312204745, -21.472552018984658, 0.9856086159070804, 1.111427094948162
-10.038290186118411, -21.554670446095685, 0.9856086159070804, 1.111427094948162
-9.998395889777564, -21.636605832220926, 0.9856086159070804, 1.111427094948162
-9.958119046000158, -21.71835571948278, 0.9856086159070804, 1.111427094948162
-9.91746027760414, -21.79991765000367, 0.9856086159070804, 1.111427094948162
-9.876420207407481, -21.881289165906008, 0.9856086159070804, 1.111427094948162
-9.834999458228124, -21.962467809312212, 0.9856086159070804, 1.111427094948162
-9.793198652884032, -22.043451122344695, 0.9856086159070804, 1.111427094948162
-9.75101841419316, -22.124236647125844, 0.9856086159070804, 1.111427094948162
-9.708459364973463, -22.204821925778106, 0.9856086159070804, 1.111427094948162
-9.665522128042902, -22.285204500423863, 0.9856086159070804, 1.111427094948162
-9.622207326219424, -22.365381913185555, 0.9856086159070804, 1.111427094948162
-9.57851558232099, -22.445351706185573, 0.9856086159070804, 1.111427094948162
-9.534447519165564, -22.525111421546324, 0.9856086159070804, 1.111427094948162
-9.490003759571088, -22.604658601390245, 0.9856086159070804, 1.111427094948162
-9.44518492635553, -22.683990787839722, 0.9856086159070804, 1.111427094948162
-9.399991642336838, -22.76310552301719, 0.9856086159070804, 1.111427094948162
-9.354424530332977, -22.842000349045044, 0.9856086159070804, 1.111427094948162
-9.308484213161893, -22.920672808045705, 0.9856086159070804, 1.111427094948162
-9.262171313641547, -22.99912044214159, 0.9856086159070804, 1.111427094948162
-9.215486454589898, -23.077340793455086, 0.9856086159070804, 1.111427094948162
-9.168430258824896, -23.155331404108637, 0.9856086159070804, 1.111427094948162
-9.121003349164507, -23.233089816224624, 0.9856086159070804, 1.111427094948162
-9.073206348426673, -23.310613571925483, 0.9856086159070804, 1.111427094948162
-9.025039879429361, -23.38790021333363, 0.9856086159070804, 1.111427094948162
-8.97650456499053, -23.464947282571448, 0.9856086159070804, 1.111427094948162
-8.927601027928123, -23.541752321761372, 0.9856086159070804, 1.111427094948162
-8.878329891060108, -23.618312873025793, 0.9856086159070804, 1.111427094948162
-8.828691777204435, -23.69462647848716, 0.9856086159070804, 1.111427094948162
-8.778687309179066, -23.770690680267844, 0.9856086159070804, 1.111427094948162
-8.728317109801948, -23.846503020490292, 0.9856086159070804, 1.111427094948162
-8.67758180189104, -23.92206104127689, 0.9856086159070804, 1.111427094948162
-8.626482008264313, -23.99736228475006, 0.9856086159070804, 1.111427094948162
-8.575018521296982, -24.07240450087552, 0.9856086159070804, 1.111427094948162
-8.523194246789162, -24.147188030254966, 0.9856086159070804, 1.111427094948162
-8.471013524811687, -24.221714971619114, 0.9856086159070804, 1.111427094948162
-8.418480722730498, -24.29598745715693, 0.9856086159070804, 1.111427094948162
-8.365600207911543, -24.370007619057407, 0.9856086159070804, 1.111427094948162
-8.312376347720734, -24.443777589509544, 0.9856086159070804, 1.111427094948162
-8.258813509524016, -24.51729950070232, 0.9856086159070804, 1.111427094948162
-8.204916060687305, -24.590575484824726, 0.9856086159070804, 1.111427094948162
-8.150688368576548, -24.66360767406577, 0.9856086159070804, 1.111427094948162
-8.09613480055768, -24.736398200614403, 0.9856086159070804, 1.111427094948162
-8.041259723996617, -24.808949196659654, 0.9856086159070804, 1.111427094948162
-7.98606750625931, -24.881262794390484, 0.9856086159070804, 1.111427094948162
-7.9305625147116725, -24.95334112599591, 0.9856086159070804, 1.111427094948162
-7.874749116719651, -25.025186323664883, 0.9856086159070804, 1.111427094948162
-7.818631679649167, -25.096800519586427, 0.9856086159070804, 1.111427094948162
-7.762214570866157, -25.16818584594953, 0.9856086159070804, 1.111427094948162
-7.7055021577365626, -25.239344434943153, 0.9856086159070804, 1.111427094948162
-7.6484988076262965, -25.310278418756308, 0.9856086159070804, 1.111427094948162
-7.591208887901311, -25.380989929577975, 0.9856086159070804, 1.111427094948162
-7.533636765927517, -25.451481099597146, 0.9856086159070804, 1.111427094948162
-7.475786809070861, -25.521754061002827, 0.9856086159070804, 1.111427094948162
-7.417663384697282, -25.591810945983973, 0.9856086159070804, 1.111427094948162
-7.3592708601726935, -25.661653886729606, 0.9856086159070804, 1.111427094948162
-7.300613602863043, -25.731285015428686, 0.9856086159070804, 1.111427094948162
-7.24169598013425, -25.800706464270235, 0.9856086159070804, 1.111427094948162
-7.182522359352258, -25.869920365443207, 0.9856086159070804, 1.111427094948162
-7.1230971078829874, -25.938928851136623, 0.9856086159070804, 1.111427094948162
-7.063424593092376, -26.00773405353946, 0.9856086159070804, 1.111427094948162
-7.003509182346365, -26.076338104840694, 0.9856086159070804, 1.111427094948162
-6.9433552430108705, -26.144743137229337, 0.9856086159070804, 1.111427094948162
-6.882967142451841, -26.21295128289436, 0.9856086159070804, 1.111427094948162
-6.82234924803519, -26.280964674024762, 0.9856086159070804, 1.111427094948162
-6.761505927126859, -26.348785442809532, 0.9856086159070804, 1.111427094948162
-6.700441547092792, -26.416415721437655, 0.9856086159070804, 1.111427094948162
-6.639160475298899, -26.48385764209813, 0.9856086159070804, 1.111427094948162
-6.577667079111134, -26.55111333697993, 0.9856086159070804, 1.111427094948162
-6.515965725895406, -26.61818493827206, 0.9856086159070804, 1.111427094948162
-6.45406078301766, -26.6850745781635, 0.9856086159070804, 1.111427094948162
-6.391956617843835, -26.751784388843237, 0.9856086159070804, 1.111427094948162
-6.329657597739847, -26.81831650250027, 0.9856086159070804, 1.111427094948162
-6.267168090071647, -26.88467305132358, 0.9856086159070804, 1.111427094948162
-6.204492462205146, -26.950856167502174, 0.9856086159070804, 1.111427094948162
-6.141635081506296, -27.01686798322501, 0.9856086159070804, 1.111427094948162
-6.078600315341011, -27.082710630681106, 0.9856086159070804, 1.111427094948162
-6.015392531075232, -27.14838624205944, 0.9856086159070804, 1.111427094948162
-5.952016096074899, -27.213896949548992, 0.9856086159070804, 1.111427094948162
-5.8884753777059275, -27.27924488533877, 0.9856086159070804, 1.111427094948162
-5.824774743334266, -27.34443218161774, 0.9856086159070804, 1.111427094948162
-5.760918560325833, -27.40946097057493, 0.9856086159070804, 1.111427094948162
-5.696911196046564, -27.47433338439929, 0.9856086159070804, 1.111427094948162
-5.632757017862403, -27.539051555279826, 0.9856086159070804, 1.111427094948162
-5.56845998948327, -27.60361753136557, 0.9856086159070804, 1.111427094948162
-5.504022221266135, -27.668032974943007, 0.9856086159070804, 1.111427094948162
-5.439445291978689, -27.732299437623425, 0.9856086159070804, 1.111427094948162
-5.374730780343683, -27.796418471008668, 0.9856086159070804, 1.111427094948162
-5.309880265083839, -27.860391626700633, 0.9856086159070804, 1.111427094948162
-5.244895324921901, -27.924220456301168, 0.9856086159070804, 1.111427094948162
-5.179777538580615, -27.987906511412163, 0.9856086159070804, 1.111427094948162
-5.114528484782698, -28.0514513436355, 0.9856086159070804, 1.111427094948162
-5.049149742250907, -28.114856504573034, 0.9856086159070804, 1.111427094948162
-4.98364288970796, -28.17812354582666, 0.9856086159070804, 1.111427094948162
-4.918009505876604, -28.24125401899826, 0.9856086159070804, 1.111427094948162
-4.852251169479582, -28.304249475689687, 0.9856086159070804, 1.111427094948162
-4.786369459239615, -28.367111467502827, 0.9856086159070804, 1.111427094948162
-4.720365953879456, -28.42984154603955, 0.9856086159070804, 1.111427094948162
-4.654242232121824, -28.49244126290175, 0.9856086159070804, 1.111427094948162
-4.587999872689474, -28.554912169691278, 0.9856086159070804, 1.111427094948162
-4.5216404543051265, -28.617255818010037, 0.9856086159070804, 1.111427094948162
-4.455165555691523, -28.679473759459864, 0.9856086159070804, 1.111427094948162
-4.388576755571411, -28.741567545642663, 0.9856086159070804, 1.111427094948162
-4.321875632667512, -28.803538728160305, 0.9856086159070804, 1.111427094948162
-4.255063765702578, -28.86538885861467, 0.9856086159070804, 1.111427094948162
-4.188142733399327, -28.927119488607623, 0.9856086159070804, 1.111427094948162
-4.1211141144805055, -28.988732169741052, 0.9856086159070804, 1.111427094948162
-4.053979487668859, -29.05022845361681, 0.9856086159070804, 1.111427094948162
-3.986740431687107, -29.111609891836796, 0.9856086159070804, 1.111427094948162
-3.9193985252580057, -29.172878036002874, 0.9856086159070804, 1.111427094948162
-3.851955347104269, -29.23403443771692, 0.9856086159070804, 1.111427094948162
-3.7844124759486455, -29.295080648580818, 0.9856086159070804, 1.111427094948162
-3.7167714905138816, -29.356018220196418, 0.9856086159070804, 1.111427094948162
-3.6490339695226957, -29.41684870416564, 0.9856086159070804, 1.111427094948162
-3.5812014916978416, -29.47757365209032, 0.9856086159070804, 1.111427094948162
-3.5132756357620374, -29.53819461557236, 0.9856086159070804, 1.111427094948162
-3.4452579804380394, -29.598713146213605, 0.9856086159070804, 1.111427094948162
-3.3771501044485643, -29.659130795615958, 0.9856086159070804, 1.111427094948162
-3.30895358651636, -29.71944911538129, 0.9856086159070804, 1.111427094948162
-3.2406700053641697, -29.779669657111462, 0.9856086159070804, 1.111427094948162
-3.172300939714714, -29.839793972408362, 0.9856086159070804, 1.111427094948162
-3.1038479682907476, -29.899823612873863, 0.9856086159070804, 1.111427094948162
-3.0353126698149886, -29.95976013010985, 0.9856086159070804, 1.111427094948162
-2.9666966230101814, -30.01960507571818, 0.9856086159070804, 1.111427094948162
-2.8980014065990747, -30.079360001300735, 0.9856086159070804, 1.111427094948162
-2.8292285993043835, -30.139026458459394, 0.9856086159070804, 1.111427094948162
-2.7603797798488663, -30.198605998796037, 0.9856086159070804, 1.111427094948162
-2.6914565269552377, -30.25810017391253, 0.9856086159070804, 1.111427094948162
-2.6224604193462557, -30.31751053541074, 0.9856086159070804, 1.111427094948162
-2.553393035744638, -30.37683863489258, 0.9856086159070804, 1.111427094948162
-2.484255954873129, -30.43608602395989, 0.9856086159070804, 1.111427094948162
-2.415050755454477, -30.49525425421455, 0.9856086159070804, 1.111427094948162
-2.345779016211398, -30.55434487725845, 0.9856086159070804, 1.111427094948162
-2.2764423158666482, -30.61335944469345, 0.9856086159070804, 1.111427094948162
-2.2070422331429445, -30.672299508121437, 0.9856086159070804, 1.111427094948162
-2.1375803467630345, -30.731166619144275, 0.9856086159070804, 1.111427094948162
-2.068058235306739, -30.7899623292729, 0.9856086159070804, 1.111427094948162
-1.9984773429148985, -30.84868810445559, 0.9856086159070804, 1.111427094948162
-1.9288387296720093, -30.90734516621119, 0.9856086159070804, 1.111427094948162
-1.8591433875250465, -30.96593469269289, 0.9856086159070804, 1.111427094948162
-1.7893923084209655, -31.02445786205386, 0.9856086159070804, 1.111427094948162
-1.719586484306723, -31.08291585244732, 0.9856086159070804, 1.111427094948162
-1.649726907129293, -31.141309842026462, 0.9856086159070804, 1.111427094948162
-1.5798145688355927, -31.19964100894449, 0.9856086159070804, 1.111427094948162
-1.5098504613725978, -31.257910531354593, 0.9856086159070804, 1.111427094948162
-1.4398355766872633, -31.31611958740998, 0.9856086159070804, 1.111427094948162
-1.3697709067265453, -31.374269355263838, 0.9856086159070804, 1.111427094948162
-1.2996574434374184, -31.432361013069357, 0.9856086159070804, 1.111427094948162
-1.2294961787668008, -31.49039573897976, 0.9856086159070804, 1.111427094948162
-1.159288104661666, -31.54837471114824, 0.9856086159070804, 1.111427094948162
-1.0890342130689705, -31.60629910772797, 0.9856086159070804, 1.111427094948162
-1.0187354959356896, -31.664170106872163, 0.9856086159070804, 1.111427094948162
-0.9483929452087398, -31.72198888673403, 0.9856086159070804, 1.111427094948162
-0.8780075528350963, -31.77975662546676, 0.9856086159070804, 1.111427094948162
-0.8075803107617153, -31.837474501223546, 0.9856086159070804, 1.111427094948162
-0.7371122109355517, -31.895143692157596, 0.9856086159070804, 1.111427094948162
-0.6666042453035809, -31.95276537642208, 0.9856086159070804, 1.111427094948162
-0.5960574058127198, -32.01034073217023, 0.9856086159070804, 1.111427094948162
-0.5254726844099442, -32.06787093755523, 0.9856086159070804, 1.111427094948162
-0.4548510730422084, -32.125357170730275, 0.9856086159070804, 1.111427094948162
-0.38419356365646906, -32.18280060984856, 0.9856086159070804, 1.111427094948162
-0.31350114819970154, -32.240202433063295, 0.9856086159070804, 1.111427094948162
-0.24277481861882233, -32.29756381852767, 0.9856086159070804, 1.111427094948162
-0.17201556686080638, -32.35488594439489, 0.9856086159070804, 1.111427094948162
-0.10122438487260958, -32.41216998881816, 0.9856086159070804, 1.111427094948162
-0.030402264601187903, -32.46941712995064, 0.9856086159070804, 1.111427094948162
0.04044980200648418, -32.526628545945556, 0.9856086159070804, 1.111427094948162
0.11133082300348943, -32.58380541495611, 0.9856086159070804, 1.111427094948162
0.1822398064428525, -32.640948915135496, 0.9856086159070804, 1.111427094948162
0.2531757603776179, -32.69806022463691, 0.9856086159070804, 1.111427094948162
0.32413769286082994, -32.755140521613555, 0.9856086159070804, 1.111427094948162
0.3951246119455133, -32.812190984218596, 0.9856086159070804, 1.111427094948162
0.46613552568475175, -32.86921279060528, 0.9856086159070804, 1.111427094948162
0.5371694421315691, -32.92620711892678, 0.9856086159070804, 1.111427094948162
0.6082253693390108, -32.9831751473363, 0.9856086159070804, 1.111427094948162
0.6793023153601201, -33.04011805398703, 0.9856086159070804, 1.111427094948162
0.7503992882479221, -33.09703701703216, 0.9856086159070804, 1.111427094948162
0.8215152960555009, -33.15393321462491, 0.9856086159070804, 1.111427094948162
0.8926493468358802, -33.210807824918476, 0.9856086159070804, 1.111427094948162
0.9638004486421048, -33.26766202606604, 0.9856086159070804, 1.111427094948162
1.0349676095271998, -33.3244969962208, 0.9856086159070804, 1.111427094948162
1.1061498375442473, -33.381313913535976, 0.9856086159070804, 1.111427094948162
1.1773461407462733, -33.438113956164756, 0.9856086159070804, 1.111427094948162
1.248555527186322, -33.494898302260324, 0.9856086159070804, 1.111427094948162
1.3197770049174369, -33.551668129975894, 0.9856086159070804, 1.111427094948162
1.3910095819926436, -33.60842461746464, 0.9856086159070804, 1.111427094948162
1.462252266465025, -33.6651689428798, 0.9856086159070804, 1.111427094948162
1.5335040663876058, -33.721902284374536, 0.9856086159070804, 1.111427094948162
1.6047639898134307, -33.77862582010207, 0.9856086159070804, 1.111427094948162
1.6760310447955438, -33.835340728215584, 0.9856086159070804, 1.111427094948162
1.74730423938697, -33.89204818686827, 0.9856086159070804, 1.111427094948162
1.8185825816407917, -33.94874937421335, 0.9856086159070804, 1.111427094948162
1.889865079610035, -34.00544546840401, 0.9856086159070804, 1.111427094948162
1.9611507413477436, -34.062137647593445, 0.9856086159070804, 1.111427094948162
2.032438574906961, -34.118827089934854, 0.9856086159070804, 1.111427094948162
2.103727801100823, -34.17551471037797, 0.9856086159070804, 1.111427094948162
2.1750187160025813, -34.23220009367884, 0.9856086159070804, 1.111427094948162
2.2463119545838786, -34.288882405345525, 0.9856086159070804, 1.111427094948162
2.317608151943496, -34.34556081072881, 0.9856086159070804, 1.111427094948162
2.388907943180217, -34.40223447517952, 0.9856086159070804, 1.111427094948162
2.460211963392804, -34.45890256404844, 0.9856086159070804, 1.111427094948162
2.5315208476800795, -34.515564242686395, 0.9856086159070804, 1.111427094948162
2.602835231140804, -34.57221867644417, 0.9856086159070804, 1.111427094948162
2.6741557488737615, -34.62886503067258, 0.9856086159070804, 1.111427094948162
2.7454830359777342, -34.685502470722426, 0.9856086159070804, 1.111427094948162
2.816817727551485, -34.74213016194451, 0.9856086159070804, 1.111427094948162
2.888160458693835, -34.79874726968964, 0.9856086159070804, 1.111427094948162
2.959511864503546, -34.85535295930861, 0.9856086159070804, 1.111427094948162
3.0308725800794036, -34.91194639615226, 0.9856086159070804, 1.111427094948162
3.102243240520167, -34.96852674557133, 0.9856086159070804, 1.111427094948162
3.1736244809246594, -35.02509317291668, 0.9856086159070804, 1.111427094948162
3.2450169363916435, -35.081644843539095, 0.9856086159070804, 1.111427094948162
3.3164212420199015, -35.13818092278939, 0.9856086159070804, 1.111427094948162
3.387838032908215, -35.19470057601835, 0.9856086159070804, 1.111427094948162
3.4592679441553478, -35.25120296857677, 0.9856086159070804, 1.111427094948162
3.530711610860122, -35.307687265815495, 0.9856086159070804, 1.111427094948162
3.6021696681212982, -35.36415263308529, 0.9856086159070804, 1.111427094948162
3.6736427510376606, -35.42059823573699, 0.9856086159070804, 1.111427094948162
3.7451314947079917, -35.47702323912139, 0.9856086159070804, 1.111427094948162
3.8166365342310526, -35.533426808589255, 0.9856086159070804, 1.111427094948162
3.8881585047056664, -35.58980810949145, 0.9856086159070804, 1.111427094948162
3.959698041230593, -35.64616630717873, 0.9856086159070804, 1.111427094948162
4.03125577890462, -35.702500567001955, 0.9856086159070804, 1.111427094948162
4.102832352826526, -35.75881005431187, 0.9856086159070804, 1.111427094948162
4.174428398095073, -35.815093934459306, 0.9856086159070804, 1.111427094948162
4.246044549809086, -35.87135137279507, 0.9856086159070804, 1.111427094948162
4.317681443067325, -35.927581534669955, 0.9856086159070804, 1.111427094948162
4.389339712968574, -35.98378358543479, 0.9856086159070804, 1.111427094948162
4.461019994611613, -36.03995669044034, 0.9856086159070804, 1.111427094948162
4.532722923095207, -36.09610001503743, 0.9856086159070804, 1.111427094948162
4.604449133518176, -36.15221272457686, 0.9856086159070804, 1.111427094948162
4.676199260979283, -36.20829398440945, 0.9856086159070804, 1.111427094948162
4.747973940577313, -36.264342959886, 0.9856086159070804, 1.111427094948162
4.819773807411045, -36.3203588163573, 0.9856086159070804, 1.111427094948162
4.891599496579242, -36.37634071917413, 0.9856086159070804, 1.111427094948162
4.963451643180727, -36.43228783368736, 0.9856086159070804, 1.111427094948162
5.035330882314264, -36.488199325247756, 0.9856086159070804, 1.111427094948162
5.107237849078634, -36.54407435920612, 0.9856086159070804, 1.111427094948162
5.179173178572597, -36.59991210091326, 0.9856086159070804, 1.111427094948162
5.251137505894978, -36.655711715719974, 0.9856086159070804, 1.111427094948162
5.323131466144539, -36.71147236897707, 0.9856086159070804, 1.111427094948162
5.395155694420063, -36.76719322603538, 0.9856086159070804, 1.111427094948162
5.46721082582033, -36.822873452245666, 0.9856086159070804, 1.111427094948162
5.539297495444103, -36.87851221295874, 0.9856086159070804, 1.111427094948162
5.611416338390208, -36.93410867352544, 0.9856086159070804, 1.111427094948162
5.683567989757401, -36.98966199929653, 0.9856086159070804, 1.111427094948162
5.7557530846444696, -37.045171355622834, 0.9856086159070804, 1.111427094948162
5.827972258150194, -37.10063590785515, 0.9856086159070804, 1.111427094948162
5.900226145373338, -37.15605482134427, 0.9856086159070804, 1.111427094948162
5.9725153814127205, -37.21142726144103, 0.9856086159070804, 1.111427094948162
6.044840601367109, -37.26675239349621, 0.9856086159070804, 1.111427094948162
6.117202440335281, -37.32202938286063, 0.9856086159070804, 1.111427094948162
6.189601533416022, -37.377257394885085, 0.9856086159070804, 1.111427094948162
6.2620385157080936, -37.43243559492036, 0.9856086159070804, 1.111427094948162
6.33451401282058, -37.48756315993183, 0.9856086159070804, 1.111427094948162
6.407028341177013, -37.54263964529858, 0.9856086159070804, 1.111427094948162
6.479581447053175, -37.5976650594255, 0.9856086159070804, 1.111427094948162
6.552173254918754, -37.6526394374061, 0.9856086159070804, 1.111427094948162
6.6248036892434055, -37.70756281433384, 0.9856086159070804, 1.111427094948162
6.697472674496856, -37.76243522530226, 0.9856086159070804, 1.111427094948162
6.770180135148769, -37.81725670540486, 0.9856086159070804, 1.111427094948162
6.842925995668822, -37.8720272897351, 0.9856086159070804, 1.111427094948162
6.9157101805267045, -37.92674701338652, 0.9856086159070804, 1.111427094948162
6.9885326141920725, -37.98141591145256, 0.9856086159070804, 1.111427094948162
7.06139322113465, -38.036034019026765, 0.9856086159070804, 1.111427094948162
7.134291925824101, -38.090601371202624, 0.9856086159070804, 1.111427094948162
7.207228652730105, -38.145118003073634, 0.9856086159070804, 1.111427094948162
7.280203326322328, -38.199583949733274, 0.9856086159070804, 1.111427094948162
7.353215871070492, -38.25399924627508, 0.9856086159070804, 1.111427094948162
7.426266211444258, -38.308363927792506, 0.9856086159070804, 1.111427094948162
7.499354271913306, -38.362678029379076, 0.9856086159070804, 1.111427094948162
7.572479976947322, -38.41694158612829, 0.9856086159070804, 1.111427094948162
7.645643251015968, -38.471154633133615, 0.9856086159070804, 1.111427094948162
7.718844018588964, -38.52531720548858, 0.9856086159070804, 1.111427094948162
7.792082204135974, -38.57942933828667, 0.9856086159070804, 1.111427094948162
7.865357732126685, -38.6334910666214, 0.9856086159070804, 1.111427094948162
7.938670527030769, -38.68750242558623, 0.9856086159070804, 1.111427094948162
8.012020513317898, -38.741463450274686, 0.9856086159070804, 1.111427094948162
8.08540761545779, -38.79537417578027, 0.9856086159070804, 1.111427094948162
8.158831757920108, -38.84923463719647, 0.9856086159070804, 1.111427094948162
8.232292865174534, -38.90304486961677, 0.9856086159070804, 1.111427094948162
8.305790861690749, -38.95680490813467, 0.9856086159070804, 1.111427094948162
8.379325671938421, -39.01051478784369, 0.9856086159070804, 1.111427094948162
8.452897220387266, -39.06417454383731, 0.9856086159070804, 1.111427094948162
8.52650543150695, -39.11778421120904, 0.9856086159070804, 1.111427094948162
8.600150229767152, -39.17134382505237, 0.9856086159070804, 1.111427094948162
8.67383153963756, -39.22485342046079, 0.9856086159070804, 1.111427094948162
8.74754928558783, -39.2783130325278, 0.9856086159070804, 1.111427094948162
8.82130339208769, -39.33172269634691, 0.9856086159070804, 1.111427094948162
8.895093783606802, -39.38508244701161, 0.9856086159070804, 1.111427094948162
8.968920384614842, -39.43839231961539, 0.9856086159070804, 1.111427094948162
9.042783119581477, -39.49165234925174, 0.9856086159070804, 1.111427094948162
9.116681912976428, -39.544862571014185, 0.9856086159070804, 1.111427094948162
9.190616689269364, -39.598023019996226, 0.9856086159070804, 1.111427094948162
9.264587372929958, -39.65113373129133, 0.9856086159070804, 1.111427094948162
9.338593888427896, -39.70419473999301, 0.9856086159070804, 1.111427094948162
9.412636160232841, -39.757206081194745, 0.9856086159070804, 1.111427094948162
9.486714112814514, -39.81016778999007, 0.9856086159070804, 1.111427094948162
9.560827670642583, -39.86307990147246, 0.9856086159070804, 1.111427094948162
9.63497675818672, -39.91594245073541, 0.9856086159070804, 1.111427094948162
9.709161299916621, -39.968755472872424, 0.9856086159070804, 1.111427094948162
9.783381220301932, -40.02151900297697, 0.9856086159070804, 1.111427094948162
9.857636443812389, -40.074233076142605, 0.9856086159070804, 1.111427094948162
9.931926894917646, -40.12689772746278, 0.9856086159070804, 1.111427094948162
10.006252498087393, -40.17951299203102, 0.9856086159070804, 1.111427094948162
10.080613177791305, -40.23207890494079, 0.9856086159070804, 1.111427094948162
10.155008858499052, -40.284595501285615, 0.9856086159070804, 1.111427094948162
10.229439464680345, -40.337062816158976, 0.9856086159070804, 1.111427094948162
10.303904920804857, -40.3894808846544, 0.9856086159070804, 1.111427094948162
10.378405151342267, -40.44184974186535, 0.9856086159070804, 1.111427094948162
10.452940080762257, -40.494169422885335, 0.9856086159070804, 1.111427094948162
10.527509633534489, -40.54643996280783, 0.9856086159070804, 1.111427094948162
10.602113734128686, -40.59866139672639, 0.9856086159070804, 1.111427094948162
10.676752307014512, -40.65083375973448, 0.9856086159070804, 1.111427094948162
10.751425276661646, -40.70295708692558, 0.9856086159070804, 1.111427094948162
10.826132567539773, -40.75503141339321, 0.9856086159070804, 1.111427094948162
10.900874104118554, -40.80705677423085, 0.9856086159070804, 1.111427094948162
10.97564981086771, -40.859033204532025, 0.9856086159070804, 1.111427094948162
11.050459612256907, -40.9109607393902, 0.9856086159070804, 1.111427094948162
11.125303432755825, -40.962839413898905, 0.9856086159070804, 1.111427094948162
11.200181196834128, -41.014669263151596, 0.9856086159070804, 1.111427094948162
11.275092828961535, -41.066450322241806, 0.9856086159070804, 1.111427094948162
11.350038253607712, -41.118182626263035, 0.9856086159070804, 1.111427094948162
11.425017395242342, -41.16986621030877, 0.9856086159070804, 1.111427094948162
11.500030178335104, -41.22150110947249, 0.9856086159070804, 1.111427094948162
11.57507652735566, -41.273087358847704, 0.9856086159070804, 1.111427094948162
11.650156366773741, -41.324624993527934, 0.9856086159070804, 1.111427094948162
11.725269621058997, -41.37611404860664, 0.9856086159070804, 1.111427094948162
11.80041621468112, -41.42755455917735, 0.9856086159070804, 1.111427094948162
11.875596072109785, -41.47894656033355, 0.9856086159070804, 1.111427094948162
11.950809117814657, -41.530290087168716, 0.9856086159070804, 1.111427094948162
12.026055276265462, -41.581585174776365, 0.9856086159070804, 1.111427094948162
12.10133447193186, -41.632831858250015, 0.9856086159070804, 1.111427094948162
12.176646629283532, -41.68403017268314, 0.9856086159070804, 1.111427094948162
12.251991672790162, -41.73518015316923, 0.9856086159070804, 1.111427094948162
12.32736952692141, -41.78628183480179, 0.9856086159070804, 1.111427094948162
12.402780116147003, -41.83733525267433, 0.9856086159070804, 1.111427094948162
12.4782233649366, -41.88834044188034, 0.9856086159070804, 1.111427094948162
12.553699197759883, -41.93929743751332, 0.9856086159070804, 1.111427094948162
12.629207539086536, -41.99020627466675, 0.9856086159070804, 1.111427094948162
12.704748313386219, -42.041066988434125, 0.9856086159070804, 1.111427094948162
12.780321445128658, -42.091879613908986, 0.9856086159070804, 1.111427094948162
12.855926858783516, -42.142644186184796, 0.9856086159070804, 1.111427094948162
12.93156447882047, -42.19336074035506, 0.9856086159070804, 1.111427094948162
13.007234229709205, -42.24402931151327, 0.9856086159070804, 1.111427094948162
13.082936035919383, -42.29464993475292, 0.9856086159070804, 1.111427094948162
13.158669821920729, -42.34522264516751, 0.9856086159070804, 1.111427094948162
13.2344355121829, -42.39574747785057, 0.9856086159070804, 1.111427094948162
13.310233031175589, -42.446224467895554, 0.9856086159070804, 1.111427094948162
13.386062303368448, -42.49665365039597, 0.9856086159070804, 1.111427094948162
13.461923253231202, -42.54703506044534, 0.9856086159070804, 1.111427094948162
13.53781580523351, -42.597368733137124, 0.9856086159070804, 1.111427094948162
13.613739883845067, -42.647654703564854, 0.9856086159070804, 1.111427094948162
13.689695413535546, -42.697893006822014, 0.9856086159070804, 1.111427094948162
13.765682318774605, -42.748083678002075, 0.9856086159070804, 1.111427094948162
13.841700524031971, -42.79822675219857, 0.9856086159070804, 1.111427094948162
13.917749953777312, -42.848322264504986, 0.9856086159070804, 1.111427094948162
13.993830532480299, -42.89837025001482, 0.9856086159070804, 1.111427094948162
14.06994218461063, -42.94837074382157, 0.9856086159070804, 1.111427094948162
14.14608483463795, -42.998323781018726, 0.9856086159070804, 1.111427094948162
14.222258407031994, -43.0482293966998, 0.9856086159070804, 1.111427094948162
14.298462826262417, -43.09808762595827, 0.9856086159070804, 1.111427094948162
14.37469801679891, -43.14789850388767, 0.9856086159070804, 1.111427094948162
14.450963903111147, -43.197662065581454, 0.9856086159070804, 1.111427094948162
14.527260409668791, -43.24737834613313, 0.9856086159070804, 1.111427094948162
14.603587460941569, -43.29704738063622, 0.9856086159070804, 1.111427094948162
14.679944981399137, -43.346669204184195, 0.9856086159070804, 1.111427094948162
14.756332895511186, -43.396243851870565, 0.9856086159070804, 1.111427094948162
14.83275112774739, -43.445771358788825, 0.9856086159070804, 1.111427094948162
14.90919960257742, -43.49525176003247, 0.9856086159070804, 1.111427094948162
14.985678244470991, -43.544685090695, 0.9856086159070804, 1.111427094948162
15.062186977897767, -43.59407138586992, 0.9856086159070804, 1.111427094948162
15.13872572732743, -43.6434106806507, 0.9856086159070804, 1.111427094948162
15.215294417229664, -43.69270301013088, 0.9856086159070804, 1.111427094948162
15.291892972074134, -43.74194840940392, 0.9856086159070804, 1.111427094948162
15.368521316330558, -43.79114691356334, 0.9856086159070804, 1.111427094948162
15.445179370663524, -43.840298567617666, 0.9856086159070804, 1.111427094948162
15.521867021851964, -43.88940350487284, 0.9856086159070804, 1.111427094948162
15.598584138896548, -43.93846190496031, 0.9856086159070804, 1.111427094948162
15.675330590640908, -43.987473947920925, 0.9856086159070804, 1.111427094948162
15.75210624592861, -44.036439813795454, 0.9856086159070804, 1.111427094948162
15.82891097360325, -44.085359682624734, 0.9856086159070804, 1.111427094948162
15.905744642508429, -44.134233734449566, 0.9856086159070804, 1.111427094948162
15.982607121487716, -44.18306214931074, 0.9856086159070804, 1.111427094948162
16.05949827938474, -44.231845107249114, 0.9856086159070804, 1.111427094948162
16.13641798504308, -44.28058278830545, 0.9856086159070804, 1.111427094948162
16.213366107306328, -44.32927537252059, 0.9856086159070804, 1.111427094948162
16.290342515018082, -44.37792303993534, 0.9856086159070804, 1.111427094948162
16.367347077021908, -44.42652597059048, 0.9856086159070804, 1.111427094948162
16.444379662161445, -44.47508434452688, 0.9856086159070804, 1.111427094948162
16.521440139280262, -44.523598341785295, 0.9856086159070804, 1.111427094948162
16.59852837722196, -44.57206814240656, 0.9856086159070804, 1.111427094948162
16.675644244830128, -44.620493926431486, 0.9856086159070804, 1.111427094948162
16.752787610948335, -44.66887587390086, 0.9856086159070804, 1.111427094948162
16.829958344420227, -44.71721416485552, 0.9856086159070804, 1.111427094948162
16.907156314089363, -44.76550897933627, 0.9856086159070804, 1.111427094948162
16.98438138879935, -44.81376049738392, 0.9856086159070804, 1.111427094948162
17.06163343739377, -44.86196889903927, 0.9856086159070804, 1.111427094948162
17.138912328716195, -44.91013436434312, 0.9856086159070804, 1.111427094948162
17.216217931610277, -44.95825707333632, 0.9856086159070804, 1.111427094948162
17.29355011491958, -45.00633720605966, 0.9856086159070804, 1.111427094948162
17.370908747487686, -45.05437494255395, 0.9856086159070804, 1.111427094948162
17.448293698158206, -45.102370462859994, 0.9856086159070804, 1.111427094948162
17.525704835774704, -45.1503239470186, 0.9856086159070804, 1.111427094948162
17.603142029180816, -45.19823557507059, 0.9856086159070804, 1.111427094948162
17.680605147220113, -45.24610552705678, 0.9856086159070804, 1.111427094948162
17.75809405873619, -45.29393398301796, 0.9856086159070804, 1.111427094948162
17.835608632572622, -45.34172112299493, 0.9856086159070804, 1.111427094948162
17.91314873757304, -45.389467127028546, 0.9856086159070804, 1.111427094948162
17.990714242581024, -45.43717217515961, 0.9856086159070804, 1.111427094948162
18.068305016440164, -45.4848364474289, 0.9856086159070804, 1.111427094948162
18.145920927994048, -45.53246012387722, 0.9856086159070804, 1.111427094948162
18.223561846086263, -45.58004338454543, 0.9856086159070804, 1.111427094948162
18.301227639560427, -45.62758640947431, 0.9856086159070804, 1.111427094948162
18.37891817726012, -45.67508937870466, 0.9856086159070804, 1.111427094948162
18.456633328028936, -45.72255247227731, 0.9856086159070804, 1.111427094948162
18.53437296071047, -45.76997587023307, 0.9856086159070804, 1.111427094948162
18.612136944148297, -45.817359752612724, 0.9856086159070804, 1.111427094948162
18.689925147186052, -45.86470429945713, 0.9856086159070804, 1.111427094948162
18.767737438667297, -45.912009690807054, 0.9856086159070804, 1.111427094948162
18.84557368743564, -45.95927610670332, 0.9856086159070804, 1.111427094948162
18.923433762334668, -46.00650372718676, 0.9856086159070804, 1.111427094948162
19.00131753220795, -46.05369273229814, 0.9856086159070804, 1.111427094948162
19.07922486589912, -46.10084330207832, 0.9856086159070804, 1.111427094948162
19.15715563225177, -46.147955616568076, 0.9856086159070804, 1.111427094948162
19.23510970010947, -46.19502985580823, 0.9856086159070804, 1.111427094948162
19.31308693831582, -46.24206619983959, 0.9856086159070804, 1.111427094948162
19.3910872157144, -46.28906482870296, 0.9856086159070804, 1.111427094948162
19.469110401148846, -46.33602592243917, 0.9856086159070804, 1.111427094948162
19.547156363462722, -46.382949661089015, 0.9856086159070804, 1.111427094948162
19.625224971499627, -46.429836224693325, 0.9856086159070804, 1.111427094948162
19.70331609410315, -46.476685793292866, 0.9856086159070804, 1.111427094948162
19.781429600116866, -46.52349854692848, 0.9856086159070804, 1.111427094948162
19.85956535838442, -46.570274665640994, 0.9856086159070804, 1.111427094948162
19.937723237749367, -46.617014329471175, 0.9856086159070804, 1.111427094948162
20.015903107055316, -46.66371771845987, 0.9856086159070804, 1.111427094948162
20.094104835145824, -46.71038501264786, 0.9856086159070804, 1.111427094948162
20.172328290864545, -46.75701639207598, 0.9856086159070804, 1.111427094948162
20.25057334305504, -46.80361203678505, 0.9856086159070804, 1.111427094948162
20.328839860560908, -46.85017212681584, 0.9856086159070804, 1.111427094948162
20.40712771222573, -46.89669684220919, 0.9856086159070804, 1.111427094948162
20.4854367668931, -46.94318636300589, 0.9856086159070804, 1.111427094948162
20.563766893406637, -46.98964086924678, 0.9856086159070804, 1.111427094948162
20.642117960609916, -47.03606054097264, 0.9856086159070804, 1.111427094948162
20.72048983734654, -47.08244555822431, 0.9856086159070804, 1.111427094948162
20.798882392460094, -47.12879610104258, 0.9856086159070804, 1.111427094948162
20.877295494794147, -47.17511234946823, 0.9856086159070804, 1.111427094948162
20.955729013192347, -47.22139448354214, 0.9856086159070804, 1.111427094948162
21.03418281649825, -47.26764268330507, 0.9856086159070804, 1.111427094948162
21.112656773555468, -47.31385712879785, 0.9856086159070804, 1.111427094948162
21.191150753207587, -47.360038000061294, 0.9856086159070804, 1.111427094948162
21.269664624298173, -47.40618547713619, 0.9856086159070804, 1.111427094948162
21.348198255670866, -47.45229974006337, 0.9856086159070804, 1.111427094948162
21.426751516169247, -47.49838096888364, 0.9856086159070804, 1.111427094948162
21.5053242746369, -47.5444293436378, 0.9856086159070804, 1.111427094948162
21.583916399917424, -47.59044504436667, 0.9856086159070804, 1.111427094948162
21.66252776085438, -47.63642825111105, 0.9856086159070804, 1.111427094948162
21.741158226291418, -47.68237914391176, 0.9856086159070804, 1.111427094948162
21.8198076650721, -47.728297902809615, 0.9856086159070804, 1.111427094948162
21.898475946040033, -47.77418470784542, 0.9856086159070804, 1.111427094948162
21.977162938038795, -47.82003973905998, 0.9856086159070804, 1.111427094948162
22.055868509911967, -47.865863176494095, 0.9856086159070804, 1.111427094948162
22.134592530503184, -47.911655200188605, 0.9856086159070804, 1.111427094948162
22.21333486865602, -47.95741599018431, 0.9856086159070804, 1.111427094948162
22.292095393214073, -48.00314572652201, 0.9856086159070804, 1.111427094948162
22.3708739730209, -48.048844589242506, 0.9856086159070804, 1.111427094948162
22.44967047692014, -48.09451275838663, 0.9856086159070804, 1.111427094948162
22.528484773755387, -48.1401504139952, 0.9856086159070804, 1.111427094948162
22.607316732370208, -48.185757736109004, 0.9856086159070804, 1.111427094948162
22.68616622160821, -48.23133490476886, 0.9856086159070804, 1.111427094948162
22.76503311031296, -48.276882100015555, 0.9856086159070804, 1.111427094948162
22.843917267328106, -48.32239950188995, 0.9856086159070804, 1.111427094948162
22.922818561497206, -48.36788729043282, 0.9856086159070804, 1.111427094948162
23.001736861663858, -48.413345645684984, 0.9856086159070804, 1.111427094948162
23.08067203667165, -48.45877474768725, 0.9856086159070804, 1.111427094948162
23.159623955364175, -48.504174776480426, 0.9856086159070804, 1.111427094948162
23.238592486585055, -48.549545912105344, 0.9856086159070804, 1.111427094948162
23.317577499177858, -48.594888334602786, 0.9856086159070804, 1.111427094948162
23.39657886198618, -48.640202224013564, 0.9856086159070804, 1.111427094948162
23.475596443853618, -48.685487760378514, 0.9856086159070804, 1.111427094948162
23.554630113623745, -48.73074512373841, 0.9856086159070804, 1.111427094948162
23.63367974014019, -48.77597449413409, 0.9856086159070804, 1.111427094948162
23.712745192246544, -48.821176051606365, 0.9856086159070804, 1.111427094948162
23.79182633878637, -48.866349976196034, 0.9856086159070804, 1.111427094948162
23.87092304860329, -48.91149644794391, 0.9856086159070804, 1.111427094948162
23.950035190540866, -48.95661564689079, 0.9856086159070804, 1.111427094948162
24.029162633442727, -49.0017077530775, 0.9856086159070804, 1.111427094948162
24.108305246152455, -49.04677294654486, 0.9856086159070804, 1.111427094948162
24.18746289751364, -49.091811407333665, 0.9856086159070804, 1.111427094948162
24.266635456369876, -49.13682331548473, 0.9856086159070804, 1.111427094948162
24.345822791564736, -49.18180885103886, 0.9856086159070804, 1.111427094948162
24.425024771941857, -49.22676819403688, 0.9856086159070804, 1.111427094948162
24.504241266344806, -49.27170152451958, 0.9856086159070804, 1.111427094948162
24.583472143617186, -49.316609022527786, 0.9856086159070804, 1.111427094948162
24.662717272602556, -49.36149086810228, 0.9856086159070804, 1.111427094948162
24.741976522144565, -49.40634724128391, 0.9856086159070804, 1.111427094948162
24.821249761086776, -49.45117832211346, 0.9856086159070804, 1.111427094948162
24.90053685982843, -49.49598428769228, 0.9856086159070804, 1.111427094948162
24.97983819584935, -49.54076435695495, 0.9856086159070804, 1.111427094948162
25.0591553807306, -49.58551541690946, 0.9856086159070804, 1.111427094948162
25.138490210214023, -49.630234006578355, 0.9856086159070804, 1.111427094948162
25.21784448004141, -49.674916664984174, 0.9856086159070804, 1.111427094948162
25.297219985954552, -49.71955993114946, 0.9856086159070804, 1.111427094948162
25.376618523695267, -49.76416034409675, 0.9856086159070804, 1.111427094948162
25.45604188900532, -49.808714442848576, 0.9856086159070804, 1.111427094948162
25.53549187762658, -49.85321876642749, 0.9856086159070804, 1.111427094948162
25.614970285300814, -49.89766985385603, 0.9856086159070804, 1.111427094948162
25.694478907769835, -49.94206424415674, 0.9856086159070804, 1.111427094948162
25.774019540775434, -49.986398476352136, 0.9856086159070804, 1.111427094948162
25.85359398005941, -50.03066908946477, 0.9856086159070804, 1.111427094948162
25.933204021363593, -50.07487262251718, 0.9856086159070804, 1.111427094948162
26.012851460429783, -50.119005614531915, 0.9856086159070804, 1.111427094948162
26.092538092999774, -50.16306460453151, 0.9856086159070804, 1.111427094948162
26.172265714815374, -50.20704613153852, 0.9856086159070804, 1.111427094948162
26.25203612161836, -50.25094673457544, 0.9856086159070804, 1.111427094948162
26.331851109150584, -50.29476295266484, 0.9856086159070804, 1.111427094948162
26.411712473153827, -50.33849132482927, 0.9856086159070804, 1.111427094948162
26.491622009369898, -50.38212839009126, 0.9856086159070804, 1.111427094948162
26.571581513540583, -50.42567068747332, 0.9856086159070804, 1.111427094948162
26.65159278140769, -50.46911475599802, 0.9856086159070804, 1.111427094948162
26.731657608713057, -50.51245713468791, 0.9856086159070804, 1.111427094948162
26.811777791198455, -50.55569436256551, 0.9856086159070804, 1.111427094948162
26.891955124605694, -50.59882297865334, 0.9856086159070804, 1.111427094948162
26.97219140467657, -50.64183952197396, 0.9856086159070804, 1.111427094948162
27.052488427152912, -50.68474053154993, 0.9856086159070804, 1.111427094948162
27.132847987776508, -50.72752254640376, 0.9856086159070804, 1.111427094948162
27.21327188228917, -50.770182105558014, 0.9856086159070804, 1.111427094948162
27.2937619064327, -50.81271574803522, 0.9856086159070804, 1.111427094948162
27.374319855948862, -50.85512001285788, 0.9856086159070804, 1.111427094948162
27.45494752657952, -50.89739143904859, 0.9856086159070804, 1.111427094948162
27.535646714066463, -50.93952656562987, 0.9856086159070804, 1.111427094948162
27.616419214151488, -50.98152193162425, 0.9856086159070804, 1.111427094948162
27.697266822576385, -51.02337407605426, 0.9856086159070804, 1.111427094948162
27.77819133508296, -51.06507953794248, 0.9856086159070804, 1.111427094948162
27.859194547413047, -51.106634856311416, 0.9856086159070804, 1.111427094948162
27.94027825530842, -51.14803657018362, 0.9856086159070804, 1.111427094948162
28.021444254510904, -51.18928121858161, 0.9856086159070804, 1.111427094948162
28.10269434076229, -51.23036534052797, 0.9856086159070804, 1.111427094948162
28.184030309804367, -51.271285475045175, 0.9856086159070804, 1.111427094948162
28.265453957378966, -51.312038161155826, 0.9856086159070804, 1.111427094948162
28.346967079227902, -51.352619937882444, 0.9856086159070804, 1.111427094948162
28.428571471092944, -51.39302734424754, 0.9856086159070804, 1.111427094948162
28.510268928715913, -51.43325691927369, 0.9856086159070804, 1.111427094948162
28.592061247838593, -51.473305201983415, 0.9856086159070804, 1.111427094948162
28.673950224202827, -51.513168731399254, 0.9856086159070804, 1.111427094948162
28.755937653550397, -51.55284404654375, 0.9856086159070804, 1.111427094948162
28.838025331623097, -51.59232768643943, 0.9856086159070804, 1.111427094948162
28.92021505416276, -51.63161619010887, 0.9856086159070804, 1.111427094948162
29.002508616911143, -51.67070609657458, 0.9856086159070804, 1.111427094948162
29.0849078156101, -51.709593944859094, 0.9856086159070804, 1.111427094948162
29.167414446001416, -51.74827627398497, 0.9856086159070804, 1.111427094948162
29.250029764692886, -51.786750637827666, 0.9856086159070804, 1.111427094948162
29.332742182694766, -51.82503877050709, 0.9856086159070804, 1.111427094948162
29.415527012925505, -51.863187061677095, 0.9856086159070804, 1.111427094948162
29.498358978664573, -51.90124301091353, 0.9856086159070804, 1.111427094948162
29.581212803191466, -51.93925411779232, 0.9856086159070804, 1.111427094948162
29.664063209785684, -51.97726788188935, 0.9856086159070804, 1.111427094948162
29.746884921726707, -52.0153318027805, 0.9856086159070804, 1.111427094948162
29.829652662294077, -52.0534933800417, 0.9856086159070804, 1.111427094948162
29.91234115476726, -52.091800113248844, 0.9856086159070804, 1.111427094948162
29.994925122425766, -52.1302995019778, 0.9856086159070804, 1.111427094948162
30.077379288549093, -52.1690390458045, 0.9856086159070804, 1.111427094948162
30.159678376416707, -52.20806624430481, 0.9856086159070804, 1.111427094948162
30.241797109308155, -52.24742859705465, 0.9856086159070804, 1.111427094948162
30.323710210502924, -52.28717360362992, 0.9856086159070804, 1.111427094948162
30.405392403280494, -52.327348763606494, 0.9856086159070804, 1.111427094948162
30.486818410920378, -52.3680015765603, 0.9856086159070804, 1.111427094948162
30.567962956702043, -52.4091795420672, 0.9856086159070804, 1.111427094948162
30.648800763905044, -52.450930159703134, 0.9856086159070804, 1.111427094948162
30.72930655580884, -52.49330092904397, 0.9856086159070804, 1.111427094948162
30.809455055692936, -52.5363393496656, 0.9856086159070804, 1.111427094948162
30.889220986836843, -52.58009292114395, 0.9856086159070804, 1.111427094948162
30.968579072520026, -52.62460914305488, 0.9856086159070804, 1.111427094948162
31.047512425741033, -52.66992019153135, 0.9856086159070804, 1.111427094948162
31.12606067374674, -52.715955021983206, 0.9856086159070804, 1.111427094948162
31.204286773965368, -52.762599978297494, 0.9856086159070804, 1.111427094948162
31.28225375722314, -52.80974127030311, 0.9856086159070804, 1.111427094948162
31.360024654346276, -52.85726510782895, 0.9856086159070804, 1.111427094948162
31.437662496161014, -52.90505770070397, 0.9856086159070804, 1.111427094948162
31.515230313493554, -52.953005258757074, 0.9856086159070804, 1.111427094948162
31.592791137170103, -53.00099399181715, 0.9856086159070804, 1.111427094948162
31.670407998016863, -53.0489101097131, 0.9856086159070804, 1.111427094948162
31.7481439268601, -53.09663982227388, 0.9856086159070804, 1.111427094948162
31.826061954526004, -53.14406933932838, 0.9856086159070804, 1.111427094948162
31.90422511184078, -53.19108487070552, 0.9856086159070804, 1.111427094948162
31.98269642963068, -53.237572626234225, 0.9856086159070804, 1.111427094948162
32.06153893872186, -53.28341881574337, 0.9856086159070804, 1.111427094948162
32.14081566994061, -53.328509649061914, 0.9856086159070804, 1.111427094948162
32.220589654113105, -53.37273133601876, 0.9856086159070804, 1.111427094948162
32.300923922065564, -53.41597008644278, 0.9856086159070804, 1.111427094948162
32.38187431541551, -53.4581054622828, 0.9856086159070804, 1.111427094948162
32.46345418855014, -53.49897773743435, 0.9856086159070804, 1.111427094948162
32.54566134383588, -53.53841280479858, 0.9856086159070804, 1.111427094948162
32.628493560360624, -53.57623653575092, 0.9856086159070804, 1.111427094948162
32.71194861721226, -53.61227480166681, 0.9856086159070804, 1.111427094948162
32.79602429347872, -53.64635347392172, 0.9856086159070804, 1.111427094948162
32.88071836824788, -53.678298423891064, 0.9856086159070804, 1.111427094948162
32.966028620607666, -53.70793552295032, 0.9856086159070804, 1.111427094948162
33.051952829645984, -53.73509064247494, 0.9856086159070804, 1.111427094948162
33.13848877445072, -53.75958965384034, 0.9856086159070804, 1.111427094948162
33.2256342341098, -53.781258428421985, 0.9856086159070804, 1.111427094948162
33.313386987711084, -53.79992283759531, 0.9856086159070804, 1.111427094948162
33.401744814342536, -53.81540875273578, 0.9856086159070804, 1.111427094948162
33.49070549309204, -53.82754204521885, 0.9856086159070804, 1.111427094948162
33.580254670170184, -53.8363017356624, 0.9856086159070804, 1.111427094948162
33.67032896865613, -53.84228564723665, 0.9856086159070804, 1.111427094948162
33.76085263169824, -53.846247870828684, 0.9856086159070804, 1.111427094948162
33.85174990244434, -53.84894249733142, 0.9856086159070804, 1.111427094948162
33.94294502404227, -53.85112361763784, 0.9856086159070804, 1.111427094948162
34.03436269352387, -53.85354260768477, 0.9856086159070804, 1.111427094948162
34.125973865208024, -53.8566741504758, 0.9856086159070804, 1.111427094948162
34.217835013128465, -53.860481383650125, 0.9856086159070804, 1.111427094948162
34.310011859921076, -53.86487212333889, 0.9856086159070804, 1.111427094948162
34.402570128221754, -53.869754185673266, 0.9856086159070804, 1.111427094948162
34.49557552414972, -53.87503535638413, 0.9856086159070804, 1.111427094948162
34.58900950125964, -53.88046834771495, 0.9856086159070804, 1.111427094948162
34.68257321269453, -53.88528995690278, 0.9856086159070804, 1.111427094948162
34.77590959388718, -53.88862982689921, 0.9856086159070804, 1.111427094948162
34.86866158027037, -53.889617600655825, 0.9856086159070804, 1.111427094948162
34.96047210727689, -53.887382921124214, 0.9856086159070804, 1.111427094948162
35.050984110339506, -53.88105543125597, 0.9856086159070804, 1.111427094948162
35.139840524891056, -53.86976477400269, 0.9856086159070804, 1.111427094948162
35.22668428636428, -53.852640592315915, 0.9856086159070804, 1.111427094948162
35.31115833019202, -53.82881252914731, 0.9856086159070804, 1.111427094948162
35.39292008747184, -53.79748906973222, 0.9856086159070804, 1.111427094948162
35.471791653411685, -53.75877431152431, 0.9856086159070804, 1.111427094948162
35.547699559045896, -53.713340381051054, 0.9856086159070804, 1.111427094948162
35.620571996933585, -53.66186844191516, 0.9856086159070804, 1.111427094948162
35.690337159633906, -53.60503965771936, 0.9856086159070804, 1.111427094948162
35.75692323970597, -53.543535192066294, 0.9856086159070804, 1.111427094948162
35.82025842970892, -53.47803620855875, 0.9856086159070804, 1.111427094948162
35.88027092220193, -53.40922387079936, 0.9856086159070804, 1.111427094948162
35.93688912504787, -53.33777898557154, 0.9856086159070804, 1.111427094948162
35.99012417982286, -53.26424524644165, 0.9856086159070804, 1.111427094948162
36.04019460359104, -53.18882266700367, 0.9856086159070804, 1.111427094948162
36.08735088187935, -53.11165828004612, 0.9856086159070804, 1.111427094948162
36.13184350021467, -53.03289911835752, 0.9856086159070804, 1.111427094948162
36.17392294412388, -52.95269221472641, 0.9856086159070804, 1.111427094948162
36.21383969913387, -52.8711846019413, 0.9856086159070804, 1.111427094948162
36.25184425077152, -52.78852331279073, 0.9856086159070804, 1.111427094948162
36.288187084563745, -52.70485538006319, 0.9856086159070804, 1.111427094948162
36.323118686037425, -52.6203278365472, 0.9856086159070804, 1.111427094948162
36.35688954071945, -52.53508771503129, 0.9856086159070804, 1.111427094948162
36.38975013413672, -52.449282048304006, 0.9856086159070804, 1.111427094948162
36.421950951816115, -52.36305786915388, 0.9856086159070804, 1.111427094948162
36.453742479284536, -52.27656221036936, 0.9856086159070804, 1.111427094948162
36.48537520206888, -52.18994210473904, 0.9856086159070804, 1.111427094948162
36.51709960569601, -52.1033445850514, 0.9856086159070804, 1.111427094948162
36.54916617569285, -52.01691668409498, 0.9856086159070804, 1.111427094948162
36.58182539758626, -51.930805434658325, 0.9856086159070804, 1.111427094948162
36.61532775690316, -51.84515786952991, 0.9856086159070804, 1.111427094948162
36.64992373917043, -51.76012102149827, 0.9856086159070804, 1.111427094948162
36.68586222750792, -51.67584141423225, 0.9856086159070804, 1.111427094948162
36.723328558101635, -51.59244538115301, 0.9856086159070804, 1.111427094948162
36.762424784925685, -51.510032795105566, 0.9856086159070804, 1.111427094948162
36.8032473217649, -51.42870173692361, 0.9856086159070804, 1.111427094948162
36.84589258240406, -51.348550287440915, 0.9856086159070804, 1.111427094948162
36.89045698062801, -51.269676527491235, 0.9856086159070804, 1.111427094948162
36.937036930221545, -51.192178537908305, 0.9856086159070804, 1.111427094948162
36.98572884496947, -51.116154399525946, 0.9856086159070804, 1.111427094948162
37.036629138656615, -51.04170219317782, 0.9856086159070804, 1.111427094948162
37.08983422506779, -50.96891999969772, 0.9856086159070804, 1.111427094948162
37.14544051798779, -50.89790589991938, 0.9856086159070804, 1.111427094948162
37.20354086689136, -50.828756336468864, 0.9856086159070804, 1.111427094948162
37.26411167771652, -50.76151423286182, 0.9856086159070804, 1.111427094948162
37.32698977267083, -50.69615835794071, 0.9856086159070804, 1.111427094948162
37.39200373389603, -50.63266369329614, 0.9856086159070804, 1.111427094948162
37.458982143533895, -50.57100522051877, 0.9856086159070804, 1.111427094948162
37.52775358372614, -50.511157921199235, 0.9856086159070804, 1.111427094948162
37.59814663661456, -50.453096776928135, 0.9856086159070804, 1.111427094948162
37.66998988434088, -50.3967967692961, 0.9856086159070804, 1.111427094948162
37.743111909046846, -50.34223287989381, 0.9856086159070804, 1.111427094948162
37.817341292874225, -50.28938009031184, 0.9856086159070804, 1.111427094948162
37.89251551503024, -50.23820263759253, 0.9856086159070804, 1.111427094948162
37.968542134396564, -50.188580127003064, 0.9856086159070804, 1.111427094948162
38.04536189568107, -50.1403520869209, 0.9856086159070804, 1.111427094948162
38.12291574218548, -50.09335780589144, 0.9856086159070804, 1.111427094948162
38.20114461721151, -50.04743657246013, 0.9856086159070804, 1.111427094948162
38.279989464060876, -50.002427675172385, 0.9856086159070804, 1.111427094948162
38.35939122603534, -49.95817040257361, 0.9856086159070804, 1.111427094948162
38.43929084643663, -49.91450404320926, 0.9856086159070804, 1.111427094948162
38.519629268566455, -49.87126788562472, 0.9856086159070804, 1.111427094948162
38.60034743572655, -49.828301218365446, 0.9856086159070804, 1.111427094948162
38.681383700712196, -49.785442339059955, 0.9856086159070804, 1.111427094948162
38.76260586090194, -49.74250255657755, 0.9856086159070804, 1.111427094948162
38.84380446290515, -49.69926362993149, 0.9856086159070804, 1.111427094948162
38.92476612030331, -49.65550581367874, 0.9856086159070804, 1.111427094948162
39.005277446677916, -49.61100936237623, 0.9856086159070804, 1.111427094948162
39.0851250556104, -49.56555453058091, 0.9856086159070804, 1.111427094948162
39.164095560682334, -49.518921572849735, 0.9856086159070804, 1.111427094948162
39.24197557547515, -49.470890743739616, 0.9856086159070804, 1.111427094948162
39.31855171357034, -49.421242297807545, 0.9856086159070804, 1.111427094948162
39.393610588549386, -49.36975648961044, 0.9856086159070804, 1.111427094948162
39.46693881399381, -49.31621357370526, 0.9856086159070804, 1.111427094948162
39.53832851081226, -49.26040190111455, 0.9856086159070804, 1.111427094948162
39.607676357084756, -49.202263535090474, 0.9856086159070804, 1.111427094948162
39.67497260526273, -49.14187810501372, 0.9856086159070804, 1.111427094948162
39.74021081008078, -49.07933009503777, 0.9856086159070804, 1.111427094948162
39.803384526273575, -49.01470398931607, 0.9856086159070804, 1.111427094948162
39.864487308575754, -48.948084272002156, 0.9856086159070804, 1.111427094948162
39.923512711721926, -48.8795554272495, 0.9856086159070804, 1.111427094948162
39.98045429044675, -48.809201939211604, 0.9856086159070804, 1.111427094948162
40.03530559948482, -48.73710829204198, 0.9856086159070804, 1.111427094948162
40.08806019357083, -48.66335896989406, 0.9856086159070804, 1.111427094948162
40.13871162743936, -48.58803845692137, 0.9856086159070804, 1.111427094948162
40.187253455825086, -48.51123123727739, 0.9856086159070804, 1.111427094948162
40.23367923346261, -48.43302179511562, 0.9856086159070804, 1.111427094948162
40.27798251508658, -48.35349461458957, 0.9856086159070804, 1.111427094948162
40.320156855431634, -48.27273417985269, 0.9856086159070804, 1.111427094948162
40.3601958092324, -48.190824975058476, 0.9856086159070804, 1.111427094948162
40.398092931223516, -48.10785148436044, 0.9856086159070804, 1.111427094948162
40.43384177613962, -48.02389819191206, 0.9856086159070804, 1.111427094948162
40.46743589871534, -47.939049581866854, 0.9856086159070804, 1.111427094948162
40.49886885368531, -47.85339013837826, 0.9856086159070804, 1.111427094948162
40.528144063109416, -47.767003052187356, 0.9856086159070804, 1.111427094948162
40.55535505447895, -47.67995970298367, 0.9856086159070804, 1.111427094948162
40.5806436031221, -47.59232514611346, 0.9856086159070804, 1.111427094948162
40.604151941858575, -47.50416437695474, 0.9856086159070804, 1.111427094948162
40.62602230350817, -47.41554239088558, 0.9856086159070804, 1.111427094948162
40.6463969208906, -47.32652418328399, 0.9856086159070804, 1.111427094948162
40.66541802682561, -47.23717474952807, 0.9856086159070804, 1.111427094948162
40.68322785413295, -47.14755908499589, 0.9856086159070804, 1.111427094948162
40.69996863563238, -47.05774218506545, 0.9856086159070804, 1.111427094948162
40.71578260414364, -46.96778904511482, 0.9856086159070804, 1.111427094948162
40.73081199248647, -46.87776466052205, 0.9856086159070804, 1.111427094948162
40.74517888559983, -46.787722718445444, 0.9856086159070804, 1.111427094948162
40.75892123628087, -46.69766968595319, 0.9856086159070804, 1.111427094948162
40.772055040593166, -46.60759970665503, 0.9856086159070804, 1.111427094948162
40.78459629453836, -46.517506924126124, 0.9856086159070804, 1.111427094948162
40.79656099411812, -46.427385481941556, 0.9856086159070804, 1.111427094948162
40.80796513533407, -46.33722952367641, 0.9856086159070804, 1.111427094948162
40.81882471418788, -46.24703319290581, 0.9856086159070804, 1.111427094948162
40.82915572668122, -46.15679063320483, 0.9856086159070804, 1.111427094948162
40.83897416881572, -46.066495988148546, 0.9856086159070804, 1.111427094948162
40.84829603659302, -45.976143401312086, 0.9856086159070804, 1.111427094948162
40.8571373260148, -45.885727016270536, 0.9856086159070804, 1.111427094948162
40.8655140330827, -45.795240976599025, 0.9856086159070804, 1.111427094948162
40.87344157169142, -45.70468034775706, 0.9856086159070804, 1.111427094948162
40.8809312547495, -45.61404668994847, 0.9856086159070804, 1.111427094948162
40.88799263295273, -45.52334435419852, 0.9856086159070804, 1.111427094948162
40.89463525018676, -45.432577702317815, 0.9856086159070804, 1.111427094948162
40.90086865033721, -45.34175109611695, 0.9856086159070804, 1.111427094948162
40.90670237728975, -45.2508688974065, 0.9856086159070804, 1.111427094948162
40.91214597492997, -45.15993546799704, 0.9856086159070804, 1.111427094948162
40.917208987143525, -45.06895516969919, 0.9856086159070804, 1.111427094948162
40.92190095781606, -44.97793236432353, 0.9856086159070804, 1.111427094948162
40.926231430833205, -44.886871413680666, 0.9856086159070804, 1.111427094948162
40.93020995008058, -44.795776679581145, 0.9856086159070804, 1.111427094948162
40.933846059443844, -44.70465252383559, 0.9856086159070804, 1.111427094948162
40.937149302808635, -44.61350330825459, 0.9856086159070804, 1.111427094948162
40.94012922406056, -44.52233339464874, 0.9856086159070804, 1.111427094948162
40.942795367085274, -44.431147144828614, 0.9856086159070804, 1.111427094948162
40.94515727576842, -44.3399489206048, 0.9856086159070804, 1.111427094948162
40.94722449399561, -44.24874308378789, 0.9856086159070804, 1.111427094948162
40.94900656565251, -44.15753399618849, 0.9856086159070804, 1.111427094948162
40.95051303462475, -44.066326019617215, 0.9856086159070804, 1.111427094948162
40.951753444797944, -43.97512351588459, 0.9856086159070804, 1.111427094948162
40.95273734005773, -43.88393084680122, 0.9856086159070804, 1.111427094948162
40.95347426428975, -43.79275237417773, 0.9856086159070804, 1.111427094948162
40.953973761379665, -43.70159245982468, 0.9856086159070804, 1.111427094948162
40.95424537521307, -43.61045546555272, 0.9856086159070804, 1.111427094948162
40.95429864967563, -43.519345753172345, 0.9856086159070804, 1.111427094948162
40.954143128652966, -43.4282676844942, 0.9856086159070804, 1.111427094948162
40.953788356030714, -43.33722562132886, 0.9856086159070804, 1.111427094948162
40.95324387569452, -43.24622392548694, 0.9856086159070804, 1.111427094948162
40.95251923153002, -43.15526695877902, 0.9856086159070804, 1.111427094948162
40.951623967422826, -43.06435908301567, 0.9856086159070804, 1.111427094948162
40.95056540255304, -42.97350410335758, 0.9856086159070804, 1.111427094948162
40.9493228457287, -42.88269881641049, 0.9856086159070804, 1.111427094948162
40.947856459284935, -42.79193522808661, 0.9856086159070804, 1.111427094948162
40.94612603446633, -42.70120525144661, 0.9856086159070804, 1.111427094948162
40.94409136251751, -42.61050079955103, 0.9856086159070804, 1.111427094948162
40.941712234683074, -42.51981378546052, 0.9856086159070804, 1.111427094948162
40.93894844220764, -42.4291361222357, 0.9856086159070804, 1.111427094948162
40.93575977633583, -42.33845972293718, 0.9856086159070804, 1.111427094948162
40.932106028312226, -42.24777650062559, 0.9856086159070804, 1.111427094948162
40.92794698938143, -42.1570783683615, 0.9856086159070804, 1.111427094948162
40.92324245078809, -42.06635723920556, 0.9856086159070804, 1.111427094948162
40.917952203776785, -41.975605026218375, 0.9856086159070804, 1.111427094948162
40.91203603959215, -41.884813642460585, 0.9856086159070804, 1.111427094948162
40.90545374947877, -41.79397500099276, 0.9856086159070804, 1.111427094948162
40.89816512468125, -41.703081014875536, 0.9856086159070804, 1.111427094948162
40.89012995644424, -41.612123597169536, 0.9856086159070804, 1.111427094948162
40.88130311257786, -41.521098181221696, 0.9856086159070804, 1.111427094948162
40.871566474669756, -41.430052385983686, 0.9856086159070804, 1.111427094948162
40.8607460866237, -41.33907375469943, 0.9856086159070804, 1.111427094948162
40.84866657591967, -41.24825084336485, 0.9856086159070804, 1.111427094948162
40.83515257003763, -41.15767220797583, 0.9856086159070804, 1.111427094948162
40.82002869645751, -41.067426404528256, 0.9856086159070804, 1.111427094948162
40.80311958265933, -40.97760198901804, 0.9856086159070804, 1.111427094948162
40.784249856123004, -40.888287517441036, 0.9856086159070804, 1.111427094948162
40.7632441443285, -40.79957154579313, 0.9856086159070804, 1.111427094948162
40.739927074755805, -40.71154263007023, 0.9856086159070804, 1.111427094948162
40.71412327488485, -40.6242893262682, 0.9856086159070804, 1.111427094948162
40.685657372195614, -40.53790019038297, 0.9856086159070804, 1.111427094948162
40.65435399416807, -40.45246377841038, 0.9856086159070804, 1.111427094948162
40.62005280671936, -40.368069458945044, 0.9856086159070804, 1.111427094948162
40.582745431549675, -40.284814811479514, 0.9856086159070804, 1.111427094948162
40.54251165877584, -40.202802179667685, 0.9856086159070804, 1.111427094948162
40.499432362117126, -40.12213396571573, 0.9856086159070804, 1.111427094948162
40.45358841529274, -40.042912571829746, 0.9856086159070804, 1.111427094948162
40.405060692021976, -39.96524040021588, 0.9856086159070804, 1.111427094948162
40.35393006602404, -39.88921985308026, 0.9856086159070804, 1.111427094948162
40.30027741101823, -39.81495333262907, 0.9856086159070804, 1.111427094948162
40.24418360072376, -39.74254324106838, 0.9856086159070804, 1.111427094948162
40.18572950885988, -39.67209198060435, 0.9856086159070804, 1.111427094948162
40.12499600914583, -39.603701953443135, 0.9856086159070804, 1.111427094948162
40.062063975300894, -39.53747556179084, 0.9856086159070804, 1.111427094948162
39.99701428104432, -39.473515207853666, 0.9856086159070804, 1.111427094948162
39.929927800095314, -39.41192329383766, 0.9856086159070804, 1.111427094948162
39.86088540617314, -39.352802221949005, 0.9856086159070804, 1.111427094948162
39.789967972997054, -39.29625439439384, 0.9856086159070804, 1.111427094948162
39.71725637428631, -39.24238221337829, 0.9856086159070804, 1.111427094948162
39.64283148376017, -39.19128808110851, 0.9856086159070804, 1.111427094948162
39.56677417513784, -39.143074399790606, 0.9856086159070804, 1.111427094948162
39.489165322138604, -39.09784357163073, 0.9856086159070804, 1.111427094948162
39.41008577990908, -39.05569710736326, 0.9856086159070804, 1.111427094948162
39.32961488628758, -39.016663688004094, 0.9856086159070804, 1.111427094948162
39.24782936061825, -38.980646308716416, 0.9856086159070804, 1.111427094948162
39.16480566266333, -38.947535504920715, 0.9856086159070804, 1.111427094948162
39.08062025218513, -38.91722181203751, 0.9856086159070804, 1.111427094948162
38.99534958894597, -38.88959576548733, 0.9856086159070804, 1.111427094948162
38.90907013270811, -38.864547900690674, 0.9856086159070804, 1.111427094948162
38.82185834323387, -38.84196875306806, 0.9856086159070804, 1.111427094948162
38.7337906802855, -38.821748858039996, 0.9856086159070804, 1.111427094948162
38.64494360362533, -38.80377875102702, 0.9856086159070804, 1.111427094948162
38.55539357301562, -38.7879489674496, 0.9856086159070804, 1.111427094948162
38.46521704821869, -38.774150042728294, 0.9856086159070804, 1.111427094948162
38.37449048899684, -38.762272512283594, 0.9856086159070804, 1.111427094948162
38.28329035511233, -38.752206911536014, 0.9856086159070804, 1.111427094948162
38.19169310632745, -38.74384377590607, 0.9856086159070804, 1.111427094948162
38.099775202404516, -38.73707364081429, 0.9856086159070804, 1.111427094948162
38.00761310310583, -38.731787041681166, 0.9856086159070804, 1.111427094948162
37.915283268193654, -38.72787451392722, 0.9856086159070804, 1.111427094948162
37.82286215743028, -38.72522659297297, 0.9856086159070804, 1.111427094948162
37.730426230578004, -38.723733814238926, 0.9856086159070804, 1.111427094948162
37.638051947399134, -38.723286713145605, 0.9856086159070804, 1.111427094948162
37.545813686846515, -38.72377786039641, 0.9856086159070804, 1.111427094948162
37.45374462739997, -38.725140125732096, 0.9856086159070804, 1.111427094948162
37.361840138113564, -38.72734336107722, 0.9856086159070804, 1.111427094948162
37.270094187010095, -38.73035878873397, 0.9856086159070804, 1.111427094948162
37.178500742112426, -38.73415763100463, 0.9856086159070804, 1.111427094948162
37.08705377144338, -38.73871111019137, 0.9856086159070804, 1.111427094948162
36.995747243025754, -38.74399044859645, 0.9856086159070804, 1.111427094948162
36.90457512488241, -38.74996686852209, 0.9856086159070804, 1.111427094948162
36.813531385036136, -38.75661159227051, 0.9856086159070804, 1.111427094948162
36.72260999150979, -38.763895842143945, 0.9856086159070804, 1.111427094948162
36.631804912326245, -38.77179084044463, 0.9856086159070804, 1.111427094948162
36.54111011550823, -38.78026780947478, 0.9856086159070804, 1.111427094948162
36.450519569078615, -38.78929797153662, 0.9856086159070804, 1.111427094948162
36.36002724106024, -38.79885254893239, 0.9856086159070804, 1.111427094948162
36.26962709947593, -38.80890276396431, 0.9856086159070804, 1.111427094948162
36.17931311234853, -38.8194198389346, 0.9856086159070804, 1.111427094948162
36.08907924770081, -38.83037499614549, 0.9856086159070804, 1.111427094948162
35.99891947355564, -38.841739457899216, 0.9856086159070804, 1.111427094948162
35.908827757935846, -38.85348444649801, 0.9856086159070804, 1.111427094948162
35.81879806886425, -38.86558118424408, 0.9856086159070804, 1.111427094948162
35.72882437436368, -38.87800089343964, 0.9856086159070804, 1.111427094948162
35.63890064245696, -38.89071479638696, 0.9856086159070804, 1.111427094948162
35.549020841166914, -38.90369411538825, 0.9856086159070804, 1.111427094948162
35.45917893851639, -38.916910072745736, 0.9856086159070804, 1.111427094948162
35.3693689025282, -38.930333890761624, 0.9856086159070804, 1.111427094948162
35.27958470122517, -38.94393679173817, 0.9856086159070804, 1.111427094948162
35.18982097355648, -38.95769314047719, 0.9856086159070804, 1.111427094948162
35.10007605065469, -38.97159459530953, 0.9856086159070804, 1.111427094948162
35.01034952697167, -38.98563873172911, 0.9856086159070804, 1.111427094948162
34.920640998065785, -38.999823130411876, 0.9856086159070804, 1.111427094948162
34.83095005949524, -39.01414537203374, 0.9856086159070804, 1.111427094948162
34.74127630681836, -39.02860303727065, 0.9856086159070804, 1.111427094948162
34.651619335593416, -39.04319370679855, 0.9856086159070804, 1.111427094948162
34.5619787413787, -39.05791496129337, 0.9856086159070804, 1.111427094948162
34.47235411973256, -39.07276438143106, 0.9856086159070804, 1.111427094948162
34.38274506621319, -39.08773954788752, 0.9856086159070804, 1.111427094948162
34.293151176378935, -39.10283804133875, 0.9856086159070804, 1.111427094948162
34.203572045788064, -39.11805744246064, 0.9856086159070804, 1.111427094948162
34.11400726999886, -39.13339533192913, 0.9856086159070804, 1.111427094948162
34.02445644456965, -39.14884929042017, 0.9856086159070804, 1.111427094948162
33.93491916505867, -39.164416898609694, 0.9856086159070804, 1.111427094948162
33.845395027024225, -39.18009573717364, 0.9856086159070804, 1.111427094948162
33.75588362602462, -39.195883386787955, 0.9856086159070804, 1.111427094948162
33.66638455761812, -39.21177742812856, 0.9856086159070804, 1.111427094948162
33.57689741736305, -39.22777544187139, 0.9856086159070804, 1.111427094948162
33.48742180081765, -39.2438750086924, 0.9856086159070804, 1.111427094948162
33.39795730354024, -39.2600737092675, 0.9856086159070804, 1.111427094948162
33.30850352108909, -39.276369124272684, 0.9856086159070804, 1.111427094948162
33.2190600490225, -39.292758834383825, 0.9856086159070804, 1.111427094948162
33.129626482898765, -39.30924042027687, 0.9856086159070804, 1.111427094948162
33.04020241827614, -39.32581146262778, 0.9856086159070804, 1.111427094948162
32.950787450712944, -39.34246954211251, 0.9856086159070804, 1.111427094948162
32.861381175767455, -39.35921223940696, 0.9856086159070804, 1.111427094948162
32.77198318899798, -39.37603713518706, 0.9856086159070804, 1.111427094948162
32.68259308596277, -39.392941810128775, 0.9856086159070804, 1.111427094948162
32.593210462220135, -39.40992384490805, 0.9856086159070804, 1.111427094948162
32.50383491332835, -39.42698082020079, 0.9856086159070804, 1.111427094948162
32.41446603484571, -39.44411031668295, 0.9856086159070804, 1.111427094948162
32.32510342233054, -39.46130991503047, 0.9856086159070804, 1.111427094948162
32.23574667134106, -39.47857719591928, 0.9856086159070804, 1.111427094948162
32.1463953774356, -39.495909740025326, 0.9856086159070804, 1.111427094948162
32.05704913617244, -39.513305128024534, 0.9856086159070804, 1.111427094948162
31.967707543109864, -39.53076094059284, 0.9856086159070804, 1.111427094948162
31.878370193806184, -39.548274758406194, 0.9856086159070804, 1.111427094948162
31.78903668381965, -39.56584416214053, 0.9856086159070804, 1.111427094948162
31.69970660870856, -39.58346673247178, 0.9856086159070804, 1.111427094948162
31.61037956403121, -39.60114005007588, 0.9856086159070804, 1.111427094948162
31.521055145345894, -39.61886169562879, 0.9856086159070804, 1.111427094948162
31.43173294821091, -39.6366292498064, 0.9856086159070804, 1.111427094948162
31.342412568184507, -39.654440293284694, 0.9856086159070804, 1.111427094948162
31.253093600825, -39.67229240673958, 0.9856086159070804, 1.111427094948162
31.163775641690656, -39.690183170847014, 0.9856086159070804, 1.111427094948162
31.074458286339798, -39.70811016628293, 0.9856086159070804, 1.111427094948162
30.985141130330703, -39.726070973723246, 0.9856086159070804, 1.111427094948162
30.89582376922164, -39.74406317384393, 0.9856086159070804, 1.111427094948162
30.8065057985709, -39.76208434732089, 0.9856086159070804, 1.111427094948162
30.71718681393678, -39.780132074830085, 0.9856086159070804, 1.111427094948162
30.627866410877573, -39.79820393704745, 0.9856086159070804, 1.111427094948162
30.538544184951576, -39.81629751464891, 0.9856086159070804, 1.111427094948162
30.44921973171704, -39.8344103883104, 0.9856086159070804, 1.111427094948162
30.35989264673227, -39.852540138707866, 0.9856086159070804, 1.111427094948162
30.27056252555556, -39.87068434651726, 0.9856086159070804, 1.111427094948162
30.181228963745227, -39.8888405924145, 0.9856086159070804, 1.111427094948162
30.0918915568595, -39.90700645707553, 0.9856086159070804, 1.111427094948162
30.002549900456696, -39.92517952117628, 0.9856086159070804, 1.111427094948162
29.9132035900951, -39.94335736539269, 0.9856086159070804, 1.111427094948162
29.823852221333006, -39.96153757040071, 0.9856086159070804, 1.111427094948162
29.734495389728718, -39.97971771687626, 0.9856086159070804, 1.111427094948162
29.64513269084048, -39.99789538549528, 0.9856086159070804, 1.111427094948162
29.555763720226608, -40.01606815693372, 0.9856086159070804, 1.111427094948162
29.46638807344538, -40.03423361186751, 0.9856086159070804, 1.111427094948162
29.37700534605509, -40.05238933097259, 0.9856086159070804, 1.111427094948162
29.28761513361406, -40.07053289492488, 0.9856086159070804, 1.111427094948162
29.198217031680514, -40.08866188440034, 0.9856086159070804, 1.111427094948162
29.108810635812766, -40.1067738800749, 0.9856086159070804, 1.111427094948162
29.01939554156911, -40.12486646262449, 0.9856086159070804, 1.111427094948162
28.929971344507834, -40.14293721272506, 0.9856086159070804, 1.111427094948162
28.84053764018725, -40.16098371105253, 0.9856086159070804, 1.111427094948162
28.75109402416558, -40.17900353828285, 0.9856086159070804, 1.111427094948162
28.661640092001164, -40.19699427509195, 0.9856086159070804, 1.111427094948162
28.572175439252277, -40.21495350215579, 0.9856086159070804, 1.111427094948162
28.482699661477202, -40.23287880015028, 0.9856086159070804, 1.111427094948162
28.393212354234258, -40.25076774975136, 0.9856086159070804, 1.111427094948162
28.303713113081688, -40.26861793163498, 0.9856086159070804, 1.111427094948162
28.214201533577803, -40.28642692647708, 0.9856086159070804, 1.111427094948162
28.124677211285093, -40.304192313940845, 0.9856086159070804, 1.111427094948162
28.035139748096828, -40.32191015205218, 0.9856086159070804, 1.111427094948162
27.94558876496311, -40.33957191842809, 0.9856086159070804, 1.111427094948162
27.856023886405143, -40.35716823231663, 0.9856086159070804, 1.111427094948162
27.76644473694427, -40.37468971296591, 0.9856086159070804, 1.111427094948162
27.676850941101783, -40.392126979624, 0.9856086159070804, 1.111427094948162
27.587242123398987, -40.40947065153896, 0.9856086159070804, 1.111427094948162
27.497617908357135, -40.4267113479589, 0.9856086159070804, 1.111427094948162
27.40797792049754, -40.4438396881319, 0.9856086159070804, 1.111427094948162
27.31832178434149, -40.46084629130602, 0.9856086159070804, 1.111427094948162
27.228649124410286, -40.47772177672936, 0.9856086159070804, 1.111427094948162
27.138959565225246, -40.49445676364999, 0.9856086159070804, 1.111427094948162
27.049252731307597, -40.511041871315996, 0.9856086159070804, 1.111427094948162
26.959528247178678, -40.52746771897547, 0.9856086159070804, 1.111427094948162
26.869785737359756, -40.54372492587646, 0.9856086159070804, 1.111427094948162
26.780024826372152, -40.5598041112671, 0.9856086159070804, 1.111427094948162
26.69024513873716, -40.57569589439541, 0.9856086159070804, 1.111427094948162
26.600446298976035, -40.59139089450951, 0.9856086159070804, 1.111427094948162
26.51062793161009, -40.60687973085748, 0.9856086159070804, 1.111427094948162
26.42078966116062, -40.6221530226874, 0.9856086159070804, 1.111427094948162
26.330931112148914, -40.63720138924733, 0.9856086159070804, 1.111427094948162
26.241051909096292, -40.65201544978537, 0.9856086159070804, 1.111427094948162
26.15115167652399, -40.666585823549596, 0.9856086159070804, 1.111427094948162
26.06123003895334, -40.68090312978809, 0.9856086159070804, 1.111427094948162
25.971286620905623, -40.69495798774894, 0.9856086159070804, 1.111427094948162
25.881321046902134, -40.708741016680214, 0.9856086159070804, 1.111427094948162
25.791332941464184, -40.72224283583, 0.9856086159070804, 1.111427094948162
25.70132192911302, -40.73545406444639, 0.9856086159070804, 1.111427094948162
25.611287634369972, -40.74836532177745, 0.9856086159070804, 1.111427094948162
25.52122968175631, -40.76096722707125, 0.9856086159070804, 1.111427094948162
25.43114769579334, -40.77325039957591, 0.9856086159070804, 1.111427094948162
25.34104130100238, -40.785205458539465, 0.9856086159070804, 1.111427094948162
25.250910121904667, -40.796823023210024, 0.9856086159070804, 1.111427094948162
25.16075378302152, -40.80809371283567, 0.9856086159070804, 1.111427094948162
25.07057190887423, -40.81900814666447, 0.9856086159070804, 1.111427094948162
24.98036412398412, -40.829556943944525, 0.9856086159070804, 1.111427094948162
24.890130052872426, -40.839730723923886, 0.9856086159070804, 1.111427094948162
24.799869320060466, -40.84952010585066, 0.9856086159070804, 1.111427094948162
24.70958155006954, -40.85891570897292, 0.9856086159070804, 1.111427094948162
24.61926636742092, -40.867908152538746, 0.9856086159070804, 1.111427094948162
24.528923396635957, -40.876488055796216, 0.9856086159070804, 1.111427094948162
24.438552262235863, -40.88464603799342, 0.9856086159070804, 1.111427094948162
24.348152588741975, -40.89237271837844, 0.9856086159070804, 1.111427094948162
24.25772400067557, -40.89965871619934, 0.9856086159070804, 1.111427094948162
24.167266122557947, -40.90649465070422, 0.9856086159070804, 1.111427094948162
24.076778578910424, -40.91287114114114, 0.9856086159070804, 1.111427094948162
23.986260994254252, -40.91877880675822, 0.9856086159070804, 1.111427094948162
23.895712993110724, -40.92420826680348, 0.9856086159070804, 1.111427094948162
23.805134200001163, -40.92915014052507, 0.9856086159070804, 1.111427094948162
23.714524239446835, -40.93359504717102, 0.9856086159070804, 1.111427094948162
23.623882735969072, -40.93753360598944, 0.9856086159070804, 1.111427094948162
23.53320931408912, -40.940956436228404, 0.9856086159070804, 1.111427094948162
23.44250393272297, -40.943856465332736, 0.9856086159070804, 1.111427094948162
23.35176788867982, -40.94623585570463, 0.9856086159070804, 1.111427094948162
23.261002813320747, -40.94809907902818, 0.9856086159070804, 1.111427094948162
23.170210338006854, -40.949450606987526, 0.9856086159070804, 1.111427094948162
23.079392094099177, -40.95029491126681, 0.9856086159070804, 1.111427094948162
22.988549712958836, -40.950636463550154, 0.9856086159070804, 1.111427094948162
22.89768482594691, -40.9504797355217, 0.9856086159070804, 1.111427094948162
22.80679906442449, -40.94982919886559, 0.9856086159070804, 1.111427094948162
22.71589405975268, -40.948689325265924, 0.9856086159070804, 1.111427094948162
22.624971443292523, -40.94706458640688, 0.9856086159070804, 1.111427094948162
22.53403284640513, -40.944959453972565, 0.9856086159070804, 1.111427094948162
22.44307990045158, -40.94237839964712, 0.9856086159070804, 1.111427094948162
22.352114236792985, -40.93932589511467, 0.9856086159070804, 1.111427094948162
22.261137486790386, -40.935806412059364, 0.9856086159070804, 1.111427094948162
22.170151281804895, -40.931824422165334, 0.9856086159070804, 1.111427094948162
22.07915725319759, -40.92738439711669, 0.9856086159070804, 1.111427094948162
21.98815703232956, -40.92249080859759, 0.9856086159070804, 1.111427094948162
21.897152250561916, -40.91714812829216, 0.9856086159070804, 1.111427094948162
21.806144539255698, -40.91136082788453, 0.9856086159070804, 1.111427094948162
21.71513552977202, -40.90513337905885, 0.9856086159070804, 1.111427094948162
21.62412685347195, -40.898470253499234, 0.9856086159070804, 1.111427094948162
21.53312014171659, -40.89137592288982, 0.9856086159070804, 1.111427094948162
21.44211702586705, -40.883854858914745, 0.9856086159070804, 1.111427094948162
21.351119137284353, -40.87591153325814, 0.9856086159070804, 1.111427094948162
21.260128405021092, -40.8675497737514, 0.9856086159070804, 1.111427094948162
21.16915005577781, -40.85876627601011, 0.9856086159070804, 1.111427094948162
21.07819136883778, -40.84955329628497, 0.9856086159070804, 1.111427094948162
20.98725965447976, -40.839903023789084, 0.9856086159070804, 1.111427094948162
20.89636222298245, -40.829807647735606, 0.9856086159070804, 1.111427094948162
20.80550638462459, -40.81925935733764, 0.9856086159070804, 1.111427094948162
20.71469944968492, -40.80825034180834, 0.9856086159070804, 1.111427094948162
20.623948728442176, -40.79677279036082, 0.9856086159070804, 1.111427094948162
20.533261531175093, -40.78481889220819, 0.9856086159070804, 1.111427094948162
20.442645168162386, -40.77238083656361, 0.9856086159070804, 1.111427094948162
20.352106949682778, -40.75945081264018, 0.9856086159070804, 1.111427094948162
20.26165418601503, -40.746021009651045, 0.9856086159070804, 1.111427094948162
20.171294187437844, -40.73208361680931, 0.9856086159070804, 1.111427094948162
20.08103426423001, -40.71763082332816, 0.9856086159070804, 1.111427094948162
19.990881726670192, -40.70265481842065, 0.9856086159070804, 1.111427094948162
19.900843885037144, -40.68714779129995, 0.9856086159070804, 1.111427094948162
19.810928049609608, -40.671101931179166, 0.9856086159070804, 1.111427094948162
19.72114153066633, -40.654509427271456, 0.9856086159070804, 1.111427094948162
19.631491638486, -40.63736246878991, 0.9856086159070804, 1.111427094948162
19.541985683347377, -40.619653244947685, 0.9856086159070804, 1.111427094948162
19.452630975529186, -40.60137394495789, 0.9856086159070804, 1.111427094948162
19.36343482531016, -40.58251675803366, 0.9856086159070804, 1.111427094948162
19.27440445138686, -40.563074030482674, 0.9856086159070804, 1.111427094948162
19.185544313672462, -40.54304284086181, 0.9856086159070804, 1.111427094948162
19.09685569330767, -40.52242572040112, 0.9856086159070804, 1.111427094948162
19.008339695324036, -40.501225502417626, 0.9856086159070804, 1.111427094948162
18.919997424753127, -40.479445020228304, 0.9856086159070804, 1.111427094948162
18.831829986626513, -40.457087107150166, 0.9856086159070804, 1.111427094948162
18.74383848597569, -40.434154596500186, 0.9856086159070804, 1.111427094948162
18.65602402783224, -40.410650321595355, 0.9856086159070804, 1.111427094948162
18.56838771722772, -40.38657711575268, 0.9856086159070804, 1.111427094948162
18.480930659193675, -40.36193781228914, 0.9856086159070804, 1.111427094948162
18.39365395876168, -40.336735244521726, 0.9856086159070804, 1.111427094948162
18.30655872096325, -40.31097224576745, 0.9856086159070804, 1.111427094948162
18.21964605082995, -40.28465164934329, 0.9856086159070804, 1.111427094948162
18.132917053393342, -40.257776288566234, 0.9856086159070804, 1.111427094948162
18.046372833684966, -40.23034899675329, 0.9856086159070804, 1.111427094948162
17.960014496736413, -40.20237260722144, 0.9856086159070804, 1.111427094948162
17.873843147579176, -40.17384995328767, 0.9856086159070804, 1.111427094948162
17.787859891244832, -40.14478386826898, 0.9856086159070804, 1.111427094948162
17.702065832764937, -40.11517718548236, 0.9856086159070804, 1.111427094948162
17.616462077171047, -40.085032738244806, 0.9856086159070804, 1.111427094948162
17.53104972949473, -40.05435335987332, 0.9856086159070804, 1.111427094948162
17.44582989476749, -40.02314188368486, 0.9856086159070804, 1.111427094948162
17.36080367802091, -39.99140114299645, 0.9856086159070804, 1.111427094948162
17.27597218428654, -39.959133971125084, 0.9856086159070804, 1.111427094948162
17.191336518595953, -39.92634320138774, 0.9856086159070804, 1.111427094948162
17.10689778598066, -39.89303166710141, 0.9856086159070804, 1.111427094948162
17.022657091472233, -39.85920220158309, 0.9856086159070804, 1.111427094948162
16.93861554010222, -39.82485763814977, 0.9856086159070804, 1.111427094948162
16.854774236902177, -39.79000081011845, 0.9856086159070804, 1.111427094948162
16.771134286903685, -39.75463455080613, 0.9856086159070804, 1.111427094948162
16.68769679513824, -39.71876169352977, 0.9856086159070804, 1.111427094948162
16.604462866637427, -39.6823850716064, 0.9856086159070804, 1.111427094948162
16.52143360643279, -39.64550751835298, 0.9856086159070804, 1.111427094948162
16.438610119555886, -39.60813186708651, 0.9856086159070804, 1.111427094948162
16.35599351103829, -39.57026095112401, 0.9856086159070804, 1.111427094948162
16.2735848859115, -39.53189760378245, 0.9856086159070804, 1.111427094948162
16.191385349207106, -39.49304465837882, 0.9856086159070804, 1.111427094948162
16.10939600595665, -39.45370494823011, 0.9856086159070804, 1.111427094948162
16.027617961191687, -39.41388130665332, 0.9856086159070804, 1.111427094948162
15.946052319943796, -39.37357656696547, 0.9856086159070804, 1.111427094948162
15.864700187244473, -39.332793562483495, 0.9856086159070804, 1.111427094948162
15.783562668125303, -39.291535126524415, 0.9856086159070804, 1.111427094948162
15.702640867617832, -39.24980409240523, 0.9856086159070804, 1.111427094948162
15.62193589075362, -39.20760329344293, 0.9856086159070804, 1.111427094948162
15.541448842564236, -39.164935562954504, 0.9856086159070804, 1.111427094948162
15.461180828081188, -39.121803734256936, 0.9856086159070804, 1.111427094948162
15.381133082573307, -39.07821055472825, 0.9856086159070804, 1.111427094948162
15.301309471897914, -39.034157035913815, 0.9856086159070804, 1.111427094948162
15.221716304470833, -38.989642577600705, 0.9856086159070804, 1.111427094948162
15.14235998127424, -38.94466651849472, 0.9856086159070804, 1.111427094948162
15.063246903290352, -38.89922819730163, 0.9856086159070804, 1.111427094948162
14.9843834715014, -38.85332695272723, 0.9856086159070804, 1.111427094948162
14.905776086889583, -38.80696212347729, 0.9856086159070804, 1.111427094948162
14.82743115043714, -38.76013304825761, 0.9856086159070804, 1.111427094948162
14.749355063126236, -38.712839065773956, 0.9856086159070804, 1.111427094948162
14.671554225939113, -38.66507951473212, 0.9856086159070804, 1.111427094948162
14.594035039857971, -38.61685373383787, 0.9856086159070804, 1.111427094948162
14.516803905865029, -38.568161061797, 0.9856086159070804, 1.111427094948162
14.43986722494252, -38.51900083731531, 0.9856086159070804, 1.111427094948162
14.363231398072607, -38.46937239909854, 0.9856086159070804, 1.111427094948162
14.286902826237535, -38.419275085852526, 0.9856086159070804, 1.111427094948162
14.210887910419505, -38.368708236283, 0.9856086159070804, 1.111427094948162
14.135193051600728, -38.317671189095755, 0.9856086159070804, 1.111427094948162
14.05982465076345, -38.26616328299662, 0.9856086159070804, 1.111427094948162
13.984789108889826, -38.21418385669132, 0.9856086159070804, 1.111427094948162
13.9100928269621, -38.16173224888567, 0.9856086159070804, 1.111427094948162
13.835742205962477, -38.10880779828545, 0.9856086159070804, 1.111427094948162
13.761743646873173, -38.05540984359642, 0.9856086159070804, 1.111427094948162
13.688103550676416, -38.0015377235244, 0.9856086159070804, 1.111427094948162
13.614828318354379, -37.94719077677513, 0.9856086159070804, 1.111427094948162
13.541924350889298, -37.89236834205442, 0.9856086159070804, 1.111427094948162
13.469398049263377, -37.83706975806803, 0.9856086159070804, 1.111427094948162
13.397255814458836, -37.78129436352179, 0.9856086159070804, 1.111427094948162
13.3255040474579, -37.725041497121445, 0.9856086159070804, 1.111427094948162
13.25414914924275, -37.66831049757279, 0.9856086159070804, 1.111427094948162
13.183197520795606, -37.611100703581585, 0.9856086159070804, 1.111427094948162
13.11265556309869, -37.55341145385364, 0.9856086159070804, 1.111427094948162
13.042529677134228, -37.495242087094745, 0.9856086159070804, 1.111427094948162
12.97282626388439, -37.43659194201064, 0.9856086159070804, 1.111427094948162
12.903551724331416, -37.377460357307136, 0.9856086159070804, 1.111427094948162
12.834712459457508, -37.317846671690006, 0.9856086159070804, 1.111427094948162
12.766314870244889, -37.25775022386506, 0.9856086159070804, 1.111427094948162
12.698365357675783, -37.197170352538066, 0.9856086159070804, 1.111427094948162
12.630870322732365, -37.13610639641479, 0.9856086159070804, 1.111427094948162
12.563836166396863, -37.074557694201005, 0.9856086159070804, 1.111427094948162
12.497269289651495, -37.01252358460254, 0.9856086159070804, 1.111427094948162
12.431176093478467, -36.95000340632514, 0.9856086159070804, 1.111427094948162
12.365562978860012, -36.88699649807462, 0.9856086159070804, 1.111427094948162
12.300436346778307, -36.823502198556724, 0.9856086159070804, 1.111427094948162
12.235802598215578, -36.759519846477254, 0.9856086159070804, 1.111427094948162
12.17166813415404, -36.695048780541995, 0.9856086159070804, 1.111427094948162
12.108038876263153, -36.6300888035871, 0.9856086159070804, 1.111427094948162
12.044916993752185, -36.564643352048705, 0.9856086159070804, 1.111427094948162
11.982302888111063, -36.49871757408913, 0.9856086159070804, 1.111427094948162
11.920196950477095, -36.43231662789551, 0.9856086159070804, 1.111427094948162
11.858599571987579, -36.36544567165498, 0.9856086159070804, 1.111427094948162
11.7975111437798, -36.298109863554636, 0.9856086159070804, 1.111427094948162
11.736932056991067, -36.23031436178162, 0.9856086159070804, 1.111427094948162
11.676862702758642, -36.16206432452303, 0.9856086159070804, 1.111427094948162
11.617303472219831, -36.09336490996598, 0.9856086159070804, 1.111427094948162
11.558254756511921, -36.02422127629758, 0.9856086159070804, 1.111427094948162
11.499716946772208, -35.95463858170497, 0.9856086159070804, 1.111427094948162
11.441690434138, -35.88462198437527, 0.9856086159070804, 1.111427094948162
11.384175609746555, -35.81417664249556, 0.9856086159070804, 1.111427094948162
11.327172864735179, -35.74330771425299, 0.9856086159070804, 1.111427094948162
11.270682590241167, -35.672020357834676, 0.9856086159070804, 1.111427094948162
11.214705177401825, -35.60031973142774, 0.9856086159070804, 1.111427094948162
11.159241017354407, -35.52821099321925, 0.9856086159070804, 1.111427094948162
11.104290501236228, -35.45569930139637, 0.9856086159070804, 1.111427094948162
11.049854020184577, -35.38278981414621, 0.9856086159070804, 1.111427094948162
10.99593196533674, -35.30948768965587, 0.9856086159070804, 1.111427094948162
10.942524727830031, -35.235798086112496, 0.9856086159070804, 1.111427094948162
10.88963269880171, -35.16172616170318, 0.9856086159070804, 1.111427094948162
10.837256269389082, -35.087277074615045, 0.9856086159070804, 1.111427094948162
10.785395830729437, -35.01245598303521, 0.9856086159070804, 1.111427094948162
10.734051773960068, -34.93726804515079, 0.9856086159070804, 1.111427094948162
10.68322449021828, -34.86171841914892, 0.9856086159070804, 1.111427094948162
10.632914370641336, -34.785812263216684, 0.9856086159070804, 1.111427094948162
10.583121806366544, -34.70955473554122, 0.9856086159070804, 1.111427094948162
10.533847188531194, -34.632950994309645, 0.9856086159070804, 1.111427094948162
10.485090908272575, -34.55600619770906, 0.9856086159070804, 1.111427094948162
10.436853356727992, -34.478725503926626, 0.9856086159070804, 1.111427094948162
10.389134925034716, -34.4011140711494, 0.9856086159070804, 1.111427094948162
10.341936004330043, -34.32317705756453, 0.9856086159070804, 1.111427094948162
10.29525698575127, -34.244919621359124, 0.9856086159070804, 1.111427094948162
10.249098260435682, -34.16634692072031, 0.9856086159070804, 1.111427094948162
10.203460219520593, -34.08746411383522, 0.9856086159070804, 1.111427094948162
10.158343254143261, -34.00827635889092, 0.9856086159070804, 1.111427094948162
10.113747755440995, -33.92878881407457, 0.9856086159070804, 1.111427094948162
10.069674114551084, -33.84900663757327, 0.9856086159070804, 1.111427094948162
10.026122722610822, -33.76893498757415, 0.9856086159070804, 1.111427094948162
9.983093970757507, -33.68857902226433, 0.9856086159070804, 1.111427094948162
9.940588250128409, -33.60794389983089, 0.9856086159070804, 1.111427094948162
9.898605951860834, -33.52703477846099, 0.9856086159070804, 1.111427094948162
9.857147621249567, -33.44585674953379, 0.9856086159070804, 1.111427094948162
9.81621666643287, -33.364413663745346, 0.9856086159070804, 1.111427094948162
9.775819023723017, -33.28270827614558, 0.9856086159070804, 1.111427094948162
9.735960716331496, -33.200743304124614, 0.9856086159070804, 1.111427094948162
9.696647767469786, -33.118521465072554, 0.9856086159070804, 1.111427094948162
9.657886200349358, -33.03604547637949, 0.9856086159070804, 1.111427094948162
9.619682038181697, -32.95331805543554, 0.9856086159070804, 1.111427094948162
9.582041304178256, -32.87034191963075, 0.9856086159070804, 1.111427094948162
9.544970021550526, -32.787119786355255, 0.9856086159070804, 1.111427094948162
9.508474213509976, -32.70365437299915, 0.9856086159070804, 1.111427094948162
9.472559903268085, -32.61994839695253, 0.9856086159070804, 1.111427094948162
9.437233114036337, -32.5360045756055, 0.9856086159070804, 1.111427094948162
9.402499869026187, -32.451825626348146, 0.9856086159070804, 1.111427094948162
9.368366191449118, -32.36741426657056, 0.9856086159070804, 1.111427094948162
9.334838104516608, -32.28277321366286, 0.9856086159070804, 1.111427094948162
9.301921631440129, -32.19790518501511, 0.9856086159070804, 1.111427094948162
9.269622795431168, -32.112812898017474, 0.9856086159070804, 1.111427094948162
9.237947619701181, -32.02749907005997, 0.9856086159070804, 1.111427094948162
9.206902127461653, -31.941966418532743, 0.9856086159070804, 1.111427094948162
9.176492341924057, -31.856217660825873, 0.9856086159070804, 1.111427094948162
9.14672428629987, -31.770255514329467, 0.9856086159070804, 1.111427094948162
9.11760398380057, -31.684082696433638, 0.9856086159070804, 1.111427094948162
9.089137457637623, -31.597701924528433, 0.9856086159070804, 1.111427094948162
9.061330731022508, -31.511115916003998, 0.9856086159070804, 1.111427094948162
9.034189827166701, -31.42432738825041, 0.9856086159070804, 1.111427094948162
9.007720769281676, -31.337339058657772, 0.9856086159070804, 1.111427094948162
8.981929580578917, -31.2501536446162, 0.9856086159070804, 1.111427094948162
8.956822284269885, -31.162773863515753, 0.9856086159070804, 1.111427094948162
8.93240490356606, -31.075202432746543, 0.9856086159070804, 1.111427094948162
8.908683461678917, -30.987442069698673, 0.9856086159070804, 1.111427094948162
8.885663981819938, -30.899495491762274, 0.9856086159070804, 1.111427094948162
8.863352487200588, -30.811365416327376, 0.9856086159070804, 1.111427094948162
8.841755001032343, -30.723054560784114, 0.9856086159070804, 1.111427094948162
8.820877546526683, -30.63456564252258, 0.9856086159070804, 1.111427094948162
8.80072614689508, -30.545901378932875, 0.9856086159070804, 1.111427094948162
8.781306825349017, -30.45706448740512, 0.9856086159070804, 1.111427094948162
8.762625605099956, -30.36805768532937, 0.9856086159070804, 1.111427094948162
8.744688509359378, -30.278883690095732, 0.9856086159070804, 1.111427094948162
8.72750156133362, -30.1895452190949, 0.9856086159070804, 1.111427094948162
8.711061373614232, -30.100046056843347, 0.9856086159070804, 1.111427094948162
8.695327835412426, -30.01039415214094, 0.9856086159070804, 1.111427094948162
8.680251879281014, -29.920598469436428, 0.9856086159070804, 1.111427094948162
8.665784437772823, -29.830667973178663, 0.9856086159070804, 1.111427094948162
8.651876443440674, -29.740611627816445, 0.9856086159070804, 1.111427094948162
8.638478828837385, -29.650438397798588, 0.9856086159070804, 1.111427094948162
8.625542526515781, -29.560157247573937, 0.9856086159070804, 1.111427094948162
8.613018469028676, -29.46977714159123, 0.9856086159070804, 1.111427094948162
8.600857588928891, -29.37930704429932, 0.9856086159070804, 1.111427094948162
8.589010818769248, -29.28875592014702, 0.9856086159070804, 1.111427094948162
8.577429091102566, -29.198132733583122, 0.9856086159070804, 1.111427094948162
8.566063338481674, -29.107446449056486, 0.9856086159070804, 1.111427094948162
8.55486449345938, -29.01670603101585, 0.9856086159070804, 1.111427094948162
8.54378348858851, -28.925920443910062, 0.9856086159070804, 1.111427094948162
8.53277125642188, -28.835098652187927, 0.9856086159070804, 1.111427094948162
8.521778729512317, -28.744249620298262, 0.9856086159070804, 1.111427094948162
8.51077507493413, -28.65338268728809, 0.9856086159070804, 1.111427094948162
8.499909755470897, -28.562510896082607, 0.9856086159070804, 1.111427094948162
8.489435087818444, -28.471649402571174, 0.9856086159070804, 1.111427094948162
8.479604588144964, -28.380813387284334, 0.9856086159070804, 1.111427094948162
8.470671772618667, -28.29001803075266, 0.9856086159070804, 1.111427094948162
8.462890157407749, -28.199278513506634, 0.9856086159070804, 1.111427094948162
8.456513258680404, -28.108610016076813, 0.9856086159070804, 1.111427094948162
8.451794592604847, -28.018027718993764, 0.9856086159070804, 1.111427094948162
8.448987675349265, -27.927546802787994, 0.9856086159070804, 1.111427094948162
8.448346023081866, -27.837182447990084, 0.9856086159070804, 1.111427094948162
8.450123151970846, -27.74694983513053, 0.9856086159070804, 1.111427094948162
8.454572578184411, -27.656864144739878, 0.9856086159070804, 1.111427094948162
8.461947817890755, -27.56694055734868, 0.9856086159070804, 1.111427094948162
8.472494920452986, -27.477196561434248, 0.9856086159070804, 1.111427094948162
8.486304911066018, -27.387697562558234, 0.9856086159070804, 1.111427094948162
8.503322543439623, -27.298554177962252, 0.9856086159070804, 1.111427094948162
8.523486856868725, -27.209878791180905, 0.9856086159070804, 1.111427094948162
8.546736890648262, -27.121783785748814, 0.9856086159070804, 1.111427094948162
8.573011684073176, -27.034381545200603, 0.9856086159070804, 1.111427094948162
8.602250276438381, -26.947784453070874, 0.9856086159070804, 1.111427094948162
8.634391707038834, -26.86210489289419, 0.9856086159070804, 1.111427094948162
8.669375015169464, -26.777455248205204, 0.9856086159070804, 1.111427094948162
8.707139240125203, -26.6939479025385, 0.9856086159070804, 1.111427094948162
8.74762342120099, -26.611695239428702, 0.9856086159070804, 1.111427094948162
8.790766646653468, -26.530809654973503, 0.9856086159070804, 1.111427094948162
8.83651199028288, -26.451404567920694, 0.9856086159070804, 1.111427094948162
8.884809395831178, -26.37359515977559, 0.9856086159070804, 1.111427094948162
8.93560948705354, -26.297496786528026, 0.9856086159070804, 1.111427094948162
8.988862887705142, -26.223224804167824, 0.9856086159070804, 1.111427094948162
9.044520221541141, -26.1508945686848, 0.9856086159070804, 1.111427094948162
9.102532112316746, -26.08062143606876, 0.9856086159070804, 1.111427094948162
9.162849183787117, -26.012520762309528, 0.9856086159070804, 1.111427094948162
9.225422059707428, -25.94670790339693, 0.9856086159070804, 1.111427094948162
9.290201363832837, -25.883298215320796, 0.9856086159070804, 1.111427094948162
9.35713693078978, -25.822404461987148, 0.9856086159070804, 1.111427094948162
9.426155194988786, -25.764062543649885, 0.9856086159070804, 1.111427094948162
9.497155838545144, -25.708220486197526, 0.9856086159070804, 1.111427094948162
9.570037080260635, -25.654821508912462, 0.9856086159070804, 1.111427094948162
9.644697138937001, -25.603808831077103, 0.9856086159070804, 1.111427094948162
9.721034233376063, -25.55512567197378, 0.9856086159070804, 1.111427094948162
9.798946582379573, -25.508715250884915, 0.9856086159070804, 1.111427094948162
9.878332404749305, -25.464520787092894, 0.9856086159070804, 1.111427094948162
9.95908991928703, -25.42248549988009, 0.9856086159070804, 1.111427094948162
10.0411173447945, -25.382552608528904, 0.9856086159070804, 1.111427094948162
10.124312900073537, -25.344665332321703, 0.9856086159070804, 1.111427094948162
10.208574803925888, -25.308766890540884, 0.9856086159070804, 1.111427094948162
10.293801275153328, -25.274800502468832, 0.9856086159070804, 1.111427094948162
10.379890532557628, -25.24270938738793, 0.9856086159070804, 1.111427094948162
10.466740794940542, -25.212436764580573, 0.9856086159070804, 1.111427094948162
10.554250281103888, -25.183925853329132, 0.9856086159070804, 1.111427094948162
10.642317209849416, -25.157119872916, 0.9856086159070804, 1.111427094948162
10.7308397999789, -25.13196204262356, 0.9856086159070804, 1.111427094948162
10.819716270294117, -25.108395581734207, 0.9856086159070804, 1.111427094948162
10.908844839596807, -25.086363709530314, 0.9856086159070804, 1.111427094948162
10.998123726688803, -25.065809645294273, 0.9856086159070804, 1.111427094948162
11.087451193007903, -25.04667660655359, 0.9856086159070804, 1.111427094948162
11.176752868131686, -25.028906684376594, 0.9856086159070804, 1.111427094948162
11.266028731036798, -25.01243890964693, 0.9856086159070804, 1.111427094948162
11.355291266007127, -24.997211798535947, 0.9856086159070804, 1.111427094948162
11.444552957326641, -24.98316386721497, 0.9856086159070804, 1.111427094948162
11.533826289279224, -24.97023363185533, 0.9856086159070804, 1.111427094948162
11.623123746148792, -24.95835960862838, 0.9856086159070804, 1.111427094948162
11.712457812219242, -24.947480313705473, 0.9856086159070804, 1.111427094948162
11.801840971774533, -24.937534263257923, 0.9856086159070804, 1.111427094948162
11.891285709098561, -24.928459973457084, 0.9856086159070804, 1.111427094948162
11.980804508475233, -24.92019596047429, 0.9856086159070804, 1.111427094948162
12.07040985418847, -24.912680740480894, 0.9856086159070804, 1.111427094948162
12.160114230522163, -24.905852829648218, 0.9856086159070804, 1.111427094948162
12.249930121760276, -24.89965074414761, 0.9856086159070804, 1.111427094948162
12.339870012186697, -24.894013000150416, 0.9856086159070804, 1.111427094948162
12.42994638608534, -24.88887811382796, 0.9856086159070804, 1.111427094948162
12.52017172774013, -24.884184601351603, 0.9856086159070804, 1.111427094948162
12.610558521434946, -24.87987097889266, 0.9856086159070804, 1.111427094948162
12.701119251453763, -24.875875762622492, 0.9856086159070804, 1.111427094948162
12.79186640208046, -24.872137468712427, 0.9856086159070804, 1.111427094948162
12.88281245759896, -24.868594613333812, 0.9856086159070804, 1.111427094948162
12.97396990229318, -24.865185712657983, 0.9856086159070804, 1.111427094948162
13.065351220447006, -24.861849282856284, 0.9856086159070804, 1.111427094948162
13.156968896344404, -24.85852384010004, 0.9856086159070804, 1.111427094948162
13.248835414269264, -24.855147900560613, 0.9856086159070804, 1.111427094948162
13.340963252579753, -24.85165997691421, 0.9856086159070804, 1.111427094948162
13.433348510703464, -24.8479889212429, 0.9856086159070804, 1.111427094948162
13.525935167295675, -24.844032843839724, 0.9856086159070804, 1.111427094948162
13.618656856662222, -24.839683753710304, 0.9856086159070804, 1.111427094948162
13.711447213108853, -24.834833659860262, 0.9856086159070804, 1.111427094948162
13.804239870941375, -24.829374571295276, 0.9856086159070804, 1.111427094948162
13.896968464465536, -24.823198497020957, 0.9856086159070804, 1.111427094948162
13.98956662798718, -24.816197446042967, 0.9856086159070804, 1.111427094948162
14.081967995812064, -24.808263427366917, 0.9856086159070804, 1.111427094948162
14.17410620224598, -24.799288449998468, 0.9856086159070804, 1.111427094948162
14.265914881594718, -24.789164522943253, 0.9856086159070804, 1.111427094948162
14.357327668164029, -24.777783655206907, 0.9856086159070804, 1.111427094948162
14.44827819625976, -24.765037855795082, 0.9856086159070804, 1.111427094948162
14.53870010018767, -24.750819133713406, 0.9856086159070804, 1.111427094948162
14.628527014253544, -24.735019497967517, 0.9856086159070804, 1.111427094948162
14.717692572763173, -24.717530957563067, 0.9856086159070804, 1.111427094948162
14.806130410022316, -24.698245521505683, 0.9856086159070804, 1.111427094948162
14.893774160336815, -24.67705519880101, 0.9856086159070804, 1.111427094948162
14.980557458012425, -24.653851998454687, 0.9856086159070804, 1.111427094948162
15.066413937354941, -24.62852792947235, 0.9856086159070804, 1.111427094948162
15.151277232670141, -24.600975000859645, 0.9856086159070804, 1.111427094948162
15.235080978263797, -24.571085221622216, 0.9856086159070804, 1.111427094948162
15.317758808441738, -24.538750600765685, 0.9856086159070804, 1.111427094948162
15.39924435750973, -24.503863147295696, 0.9856086159070804, 1.111427094948162
15.479471259773561, -24.4663148702179, 0.9856086159070804, 1.111427094948162
15.558373149539014, -24.425997778537923, 0.9856086159070804, 1.111427094948162
15.635883661111858, -24.382803881261427, 0.9856086159070804, 1.111427094948162
15.711939292234467, -24.33664128270075, 0.9856086159070804, 1.111427094948162
15.786500989575698, -24.287555513986074, 0.9856086159070804, 1.111427094948162
15.859542090443268, -24.235661753725207, 0.9856086159070804, 1.111427094948162
15.931036028784172, -24.181075723733, 0.9856086159070804, 1.111427094948162
16.00095623854539, -24.123913145824286, 0.9856086159070804, 1.111427094948162
16.069276153673947, -24.064289741813884, 0.9856086159070804, 1.111427094948162
16.13596920811683, -24.002321233516632, 0.9856086159070804, 1.111427094948162
16.201008835821014, -23.93812334274736, 0.9856086159070804, 1.111427094948162
16.264368470733494, -23.87181179132094, 0.9856086159070804, 1.111427094948162
16.32602154680129, -23.80350230105215, 0.9856086159070804, 1.111427094948162
16.385941497971388, -23.733310593755853, 0.9856086159070804, 1.111427094948162
16.444101758190772, -23.66135239124688, 0.9856086159070804, 1.111427094948162
16.500475761406445, -23.587743415340064, 0.9856086159070804, 1.111427094948162
16.55503694156538, -23.512599387850262, 0.9856086159070804, 1.111427094948162
16.607758732614606, -23.43603603059226, 0.9856086159070804, 1.111427094948162
16.6586145685011, -23.358169065380924, 0.9856086159070804, 1.111427094948162
16.707577883171858, -23.279114214031086, 0.9856086159070804, 1.111427094948162
16.754622110573877, -23.19898719835757, 0.9856086159070804, 1.111427094948162
16.799720684654133, -23.11790374017524, 0.9856086159070804, 1.111427094948162
16.842847039359647, -23.03597956129889, 0.9856086159070804, 1.111427094948162
16.883974608637413, -22.95333038354337, 0.9856086159070804, 1.111427094948162
16.923076826434404, -22.870071928723515, 0.9856086159070804, 1.111427094948162
16.960135955033756, -22.786311259082016, 0.9856086159070804, 1.111427094948162
16.995199360548224, -22.702091577567845, 0.9856086159070804, 1.111427094948162
17.02834353292124, -22.617427520035374, 0.9856086159070804, 1.111427094948162
17.059645098279127, -22.532333588759435, 0.9856086159070804, 1.111427094948162
17.089180682748196, -22.446824286014856, 0.9856086159070804, 1.111427094948162
17.117026912454744, -22.36091411407644, 0.9856086159070804, 1.111427094948162
17.143260413525088, -22.274617575219043, 0.9856086159070804, 1.111427094948162
17.167957812085557, -22.18794917171743, 0.9856086159070804, 1.111427094948162
17.191195734262454, -22.10092340584644, 0.9856086159070804, 1.111427094948162
17.213050806182096, -22.013554779880906, 0.9856086159070804, 1.111427094948162
17.23359965397079, -21.92585779609562, 0.9856086159070804, 1.111427094948162
17.252918903754843, -21.837846956765446, 0.9856086159070804, 1.111427094948162
17.271085181660588, -21.74953676416515, 0.9856086159070804, 1.111427094948162
17.288175113814326, -21.660941720569568, 0.9856086159070804, 1.111427094948162
17.304265326342367, -21.572076328253516, 0.9856086159070804, 1.111427094948162
17.31943244537103, -21.482955089491853, 0.9856086159070804, 1.111427094948162
17.33375309702663, -21.39359250655933, 0.9856086159070804, 1.111427094948162
17.347303907435474, -21.304003081730798, 0.9856086159070804, 1.111427094948162
17.36016150272388, -21.214201317281073, 0.9856086159070804, 1.111427094948162
17.372402509018155, -21.124201715484975, 0.9856086159070804, 1.111427094948162
17.384103552444614, -21.03401877861734, 0.9856086159070804, 1.111427094948162
17.395341259129577, -20.943667008952954, 0.9856086159070804, 1.111427094948162
17.40619225519935, -20.853160908766643, 0.9856086159070804, 1.111427094948162
17.416733166735423, -20.762514980332, 0.9856086159070804, 1.111427094948162
17.42702014228119, -20.671743162799874, 0.9856086159070804, 1.111427094948162
17.437030589298377, -20.580857229978196, 0.9856086159070804, 1.111427094948162
17.446722991823325, -20.48986843528943, 0.9856086159070804, 1.111427094948162
17.456055833892385, -20.398788032156226, 0.9856086159070804, 1.111427094948162
17.4649875995419, -20.307627274001067, 0.9856086159070804, 1.111427094948162
17.47347677280823, -20.216397414246448, 0.9856086159070804, 1.111427094948162
17.481481837727713, -20.125109706315012, 0.9856086159070804, 1.111427094948162
17.488961278336706, -20.0337754036292, 0.9856086159070804, 1.111427094948162
17.495873578671546, -19.942405759611656, 0.9856086159070804, 1.111427094948162
17.502177222768594, -19.851012027684877, 0.9856086159070804, 1.111427094948162
17.507830694664207, -19.75960546127135, 0.9856086159070804, 1.111427094948162
17.512792478394708, -19.66819731379372, 0.9856086159070804, 1.111427094948162
17.51702105799647, -19.576798838674428, 0.9856086159070804, 1.111427094948162
17.520474917505826, -19.485421289336117, 0.9856086159070804, 1.111427094948162
17.523112540959133, -19.394075919201285, 0.9856086159070804, 1.111427094948162
17.524892412392738, -19.30277398169241, 0.9856086159070804, 1.111427094948162
17.525773015842987, -19.21152673023215, 0.9856086159070804, 1.111427094948162
17.525712835346237, -19.120345418242945, 0.9856086159070804, 1.111427094948162
17.524670354938834, -19.029241299147436, 0.9856086159070804, 1.111427094948162
17.522604058657123, -18.938225626368112, 0.9856086159070804, 1.111427094948162
17.51947243053745, -18.847309653327464, 0.9856086159070804, 1.111427094948162
17.515233954616175, -18.756504633448138, 0.9856086159070804, 1.111427094948162
17.509847114929638, -18.66582182015258, 0.9856086159070804, 1.111427094948162
17.503270395514193, -18.575272466863428, 0.9856086159070804, 1.111427094948162
17.495462280406187, -18.484867827003182, 0.9856086159070804, 1.111427094948162
17.486381253641962, -18.39461915399432, 0.9856086159070804, 1.111427094948162
17.47598579925788, -18.3045377012595, 0.9856086159070804, 1.111427094948162
17.464234401290277, -18.21463472222115, 0.9856086159070804, 1.111427094948162
17.451085543775513, -18.124921470301928, 0.9856086159070804, 1.111427094948162
17.436498674081296, -18.035412957494973, 0.9856086159070804, 1.111427094948162
17.420438163413074, -17.946143406828142, 0.9856086159070804, 1.111427094948162
17.402869952000657, -17.857153163095035, 0.9856086159070804, 1.111427094948162
17.383759980744276, -17.768482573704986, 0.9856086159070804, 1.111427094948162
17.363074190544204, -17.680171986067517, 0.9856086159070804, 1.111427094948162
17.34077852230069, -17.592261747592, 0.9856086159070804, 1.111427094948162
17.316838916913962, -17.50479220568781, 0.9856086159070804, 1.111427094948162
17.29122131528431, -17.41780370776447, 0.9856086159070804, 1.111427094948162
17.263891658311966, -17.33133660123135, 0.9856086159070804, 1.111427094948162
17.234815886897174, -17.245431233497836, 0.9856086159070804, 1.111427094948162
17.203959941940212, -17.16012795197344, 0.9856086159070804, 1.111427094948162
17.1712897643413, -17.075467104067492, 0.9856086159070804, 1.111427094948162
17.136771295000734, -16.99148903718951, 0.9856086159070804, 1.111427094948162
17.10037047481874, -16.908234098748874, 0.9856086159070804, 1.111427094948162
17.062059244433808, -16.825745859290997, 0.9856086159070804, 1.111427094948162
17.02183985891058, -16.74408417465838, 0.9856086159070804, 1.111427094948162
16.979724125481713, -16.66331403224008, 0.9856086159070804, 1.111427094948162
16.935723854952577, -16.583500421344585, 0.9856086159070804, 1.111427094948162
16.889850858128455, -16.504708331280256, 0.9856086159070804, 1.111427094948162
16.84211694581466, -16.42700275135545, 0.9856086159070804, 1.111427094948162
16.792533928816553, -16.350448670878652, 0.9856086159070804, 1.111427094948162
16.7411136179394, -16.27511107915818, 0.9856086159070804, 1.111427094948162
16.687867823988586, -16.20105496550252, 0.9856086159070804, 1.111427094948162
16.632808357769385, -16.128345319220024, 0.9856086159070804, 1.111427094948162
16.57594703008711, -16.057047129619068, 0.9856086159070804, 1.111427094948162
16.517295651747133, -15.98722538600812, 0.9856086159070804, 1.111427094948162
16.45686611794728, -15.918944959375029, 0.9856086159070804, 1.111427094948162
16.394684926634717, -15.85225024729313, 0.9856086159070804, 1.111427094948162
16.33080967290775, -15.7871420483623, 0.9856086159070804, 1.111427094948162
16.265301938798437, -15.723615571402895, 0.9856086159070804, 1.111427094948162
16.198223306338967, -15.66166602523539, 0.9856086159070804, 1.111427094948162
16.129635357561362, -15.601288618680119, 0.9856086159070804, 1.111427094948162
16.0595996744978, -15.542478560557543, 0.9856086159070804, 1.111427094948162
15.988177839180361, -15.485231059688033, 0.9856086159070804, 1.111427094948162
15.915431433641091, -15.429541324891947, 0.9856086159070804, 1.111427094948162
15.841422039912192, -15.375404564989767, 0.9856086159070804, 1.111427094948162
15.766211240025672, -15.32281598880181, 0.9856086159070804, 1.111427094948162
15.689860616013734, -15.271770805148556, 0.9856086159070804, 1.111427094948162
15.612431749908431, -15.222264222850356, 0.9856086159070804, 1.111427094948162
15.533986223741822, -15.174291450727592, 0.9856086159070804, 1.111427094948162
15.454585619546107, -15.127847697600721, 0.9856086159070804, 1.111427094948162
15.374291519353296, -15.08292817229008, 0.9856086159070804, 1.111427094948162
15.293165505195587, -15.039528083616132, 0.9856086159070804, 1.111427094948162
15.211269159105036, -14.997642640399238, 0.9856086159070804, 1.111427094948162
15.128664063113703, -14.957267051459784, 0.9856086159070804, 1.111427094948162
15.045411799253785, -14.918396525618213, 0.9856086159070804, 1.111427094948162
14.96157394955729, -14.88102627169488, 0.9856086159070804, 1.111427094948162
14.877212096056425, -14.845151498510226, 0.9856086159070804, 1.111427094948162
14.79238782078324, -14.810767414884635, 0.9856086159070804, 1.111427094948162
14.7071627057698, -14.777869229638483, 0.9856086159070804, 1.111427094948162
14.621598295476332, -14.7464521395711, 0.9856086159070804, 1.111427094948162
14.53574214692342, -14.716506866214882, 0.9856086159070804, 1.111427094948162
14.449606950202064, -14.688012975464035, 0.9856086159070804, 1.111427094948162
14.363200052924672, -14.660948323892235, 0.9856086159070804, 1.111427094948162
14.276528802703647, -14.635290768073164, 0.9856086159070804, 1.111427094948162
14.189600547151525, -14.611018164580528, 0.9856086159070804, 1.111427094948162
14.102422633880666, -14.588108369987996, 0.9856086159070804, 1.111427094948162
14.015002410503614, -14.566539240869286, 0.9856086159070804, 1.111427094948162
13.92734722463277, -14.54628863379807, 0.9856086159070804, 1.111427094948162
13.839464423880536, -14.52733440534803, 0.9856086159070804, 1.111427094948162
13.751361355859453, -14.509654412092882, 0.9856086159070804, 1.111427094948162
13.66304536818193, -14.493226510606299, 0.9856086159070804, 1.111427094948162
13.57452380846036, -14.478028557461961, 0.9856086159070804, 1.111427094948162
13.485804024307294, -14.464038409233583, 0.9856086159070804, 1.111427094948162
13.396893363335085, -14.451233922494835, 0.9856086159070804, 1.111427094948162
13.307799173156276, -14.439592953819421, 0.9856086159070804, 1.111427094948162
13.21852880138327, -14.429093359781021, 0.9856086159070804, 1.111427094948162
13.129089595628466, -14.419712996953326, 0.9856086159070804, 1.111427094948162
13.039488903504411, -14.411429721910036, 0.9856086159070804, 1.111427094948162
12.94973407262346, -14.404221391224826, 0.9856086159070804, 1.111427094948162
12.859832450598155, -14.398065861471398, 0.9856086159070804, 1.111427094948162
12.7697913850409, -14.392940989223437, 0.9856086159070804, 1.111427094948162
12.679618223564091, -14.388824631054636, 0.9856086159070804, 1.111427094948162
12.589320313780282, -14.385694643538681, 0.9856086159070804, 1.111427094948162
12.498905003301822, -14.38352888324927, 0.9856086159070804, 1.111427094948162
12.408379639741252, -14.38230520676008, 0.9856086159070804, 1.111427094948162
12.317751570710982, -14.382001470644816, 0.9856086159070804, 1.111427094948162
12.227028143823407, -14.38259553147716, 0.9856086159070804, 1.111427094948162
12.136216706691073, -14.384065245830795, 0.9856086159070804, 1.111427094948162
12.045324606926334, -14.386388470279428, 0.9856086159070804, 1.111427094948162
11.954359192141736, -14.389543061396733, 0.9856086159070804, 1.111427094948162
11.86332780994968, -14.39350687575641, 0.9856086159070804, 1.111427094948162
11.772237807962565, -14.398257769932147, 0.9856086159070804, 1.111427094948162
11.681096533792942, -14.403773600497631, 0.9856086159070804, 1.111427094948162
11.589911335053158, -14.41003222402656, 0.9856086159070804, 1.111427094948162
11.498689559355759, -14.41701149709261, 0.9856086159070804, 1.111427094948162
11.407438554313156, -14.424689276269486, 0.9856086159070804, 1.111427094948162
11.316165667537737, -14.43304341813087, 0.9856086159070804, 1.111427094948162
11.224878246642053, -14.442051779250448, 0.9856086159070804, 1.111427094948162
11.133583639238454, -14.451692216201923, 0.9856086159070804, 1.111427094948162
11.042289192939496, -14.461942585558976, 0.9856086159070804, 1.111427094948162
10.95100225535757, -14.472780743895292, 0.9856086159070804, 1.111427094948162
10.85973017410508, -14.484184547784585, 0.9856086159070804, 1.111427094948162
10.76848029679457, -14.496131853800513, 0.9856086159070804, 1.111427094948162
10.677259971038392, -14.508600518516785, 0.9856086159070804, 1.111427094948162
10.586076544449098, -14.521568398507085, 0.9856086159070804, 1.111427094948162
10.494937364639085, -14.535013350345107, 0.9856086159070804, 1.111427094948162
10.403849779220755, -14.548913230604544, 0.9856086159070804, 1.111427094948162
10.312821135806654, -14.563245895859074, 0.9856086159070804, 1.111427094948162
10.22185878200913, -14.577989202682405, 0.9856086159070804, 1.111427094948162
10.130970065440735, -14.593121007648202, 0.9856086159070804, 1.111427094948162
10.04016233371387, -14.608619167330176, 0.9856086159070804, 1.111427094948162
9.949442934440931, -14.624461538302018, 0.9856086159070804, 1.111427094948162
9.858819215234467, -14.6406259771374, 0.9856086159070804, 1.111427094948162
9.76829852370683, -14.657090340410036, 0.9856086159070804, 1.111427094948162
9.677888207470568, -14.673832484693593, 0.9856086159070804, 1.111427094948162
9.58759561413808, -14.690830266561765, 0.9856086159070804, 1.111427094948162
9.497428091321765, -14.708061542588263, 0.9856086159070804, 1.111427094948162
9.407392986634175, -14.725504169346758, 0.9856086159070804, 1.111427094948162
9.317496707490887, -14.743137605252908, 0.9856086159070804, 1.111427094948162
9.227738341095877, -14.760953780390848, 0.9856086159070804, 1.111427094948162
9.138113542457395, -14.778950472381194, 0.9856086159070804, 1.111427094948162
9.048617946875178, -14.797125492422582, 0.9856086159070804, 1.111427094948162
8.959247189649098, -14.815476651713603, 0.9856086159070804, 1.111427094948162
8.869996906078844, -14.834001761452885, 0.9856086159070804, 1.111427094948162
8.780862731464294, -14.852698632839028, 0.9856086159070804, 1.111427094948162
8.691840301105184, -14.871565077070656, 0.9856086159070804, 1.111427094948162
8.602925250301242, -14.890598905346396, 0.9856086159070804, 1.111427094948162
8.514113214352351, -14.909797928864835, 0.9856086159070804, 1.111427094948162
8.425399828558245, -14.929159958824604, 0.9856086159070804, 1.111427094948162
8.336780728218656, -14.948682806424332, 0.9856086159070804, 1.111427094948162
8.248251548633462, -14.9683642828626, 0.9856086159070804, 1.111427094948162
8.159807925102351, -14.988202199338062, 0.9856086159070804, 1.111427094948162
8.071445492925196, -15.008194367049292, 0.9856086159070804, 1.111427094948162
7.9831598874017375, -15.028338597194926, 0.9856086159070804, 1.111427094948162
7.894946743831703, -15.048632700973586, 0.9856086159070804, 1.111427094948162
7.806801697514977, -15.06907448958387, 0.9856086159070804, 1.111427094948162
7.718720383751243, -15.089661774224416, 0.9856086159070804, 1.111427094948162
7.630698437840376, -15.110392366093802, 0.9856086159070804, 1.111427094948162
7.542731495082113, -15.131264076390673, 0.9856086159070804, 1.111427094948162
7.454815190776186, -15.15227471631364, 0.9856086159070804, 1.111427094948162
7.366945160222474, -15.173422097061302, 0.9856086159070804, 1.111427094948162
7.279117038720664, -15.194704029832296, 0.9856086159070804, 1.111427094948162
7.191326461570634, -15.216118325825214, 0.9856086159070804, 1.111427094948162
7.103569064072115, -15.237662796238677, 0.9856086159070804, 1.111427094948162
7.015840481524844, -15.259335252271324, 0.9856086159070804, 1.111427094948162
6.928136349228696, -15.28113350512173, 0.9856086159070804, 1.111427094948162
6.840452302483361, -15.303055365988547, 0.9856086159070804, 1.111427094948162
6.752783976588714, -15.325098646070355, 0.9856086159070804, 1.111427094948162
6.6651270068444886, -15.34726115656579, 0.9856086159070804, 1.111427094948162
6.577477028550422, -15.369540708673473, 0.9856086159070804, 1.111427094948162
6.489829677006389, -15.391935113591998, 0.9856086159070804, 1.111427094948162
6.402180587512074, -15.414442182519998, 0.9856086159070804, 1.111427094948162
6.31452539536736, -15.437059726656067, 0.9856086159070804, 1.111427094948162
6.226859735871979, -15.459785557198835, 0.9856086159070804, 1.111427094948162
6.1391792443256605, -15.482617485346925, 0.9856086159070804, 1.111427094948162
6.051479556028291, -15.50555332229893, 0.9856086159070804, 1.111427094948162
5.963756306279548, -15.528590879253482, 0.9856086159070804, 1.111427094948162
5.876005130379315, -15.551727967409182, 0.9856086159070804, 1.111427094948162
5.788221730997978, -15.57496227751298, 0.9856086159070804, 1.111427094948162
5.700403752215411, -15.598288029275276, 0.9856086159070804, 1.111427094948162
5.612551025962004, -15.621695530759363, 0.9856086159070804, 1.111427094948162
5.52466350104755, -15.64517488106013, 0.9856086159070804, 1.111427094948162
5.436741126282043, -15.668716179272419, 0.9856086159070804, 1.111427094948162
5.348783850475327, -15.692309524491105, 0.9856086159070804, 1.111427094948162
5.260791622437244, -15.715945015811068, 0.9856086159070804, 1.111427094948162
5.172764390977785, -15.739612752327135, 0.9856086159070804, 1.111427094948162
5.084702104906746, -15.763302833134203, 0.9856086159070804, 1.111427094948162
4.996604713034116, -15.787005357327107, 0.9856086159070804, 1.111427094948162
4.9084721641697415, -15.810710424000726, 0.9856086159070804, 1.111427094948162
4.820304407123465, -15.834408132249933, 0.9856086159070804, 1.111427094948162
4.732101390705277, -15.858088581169568, 0.9856086159070804, 1.111427094948162
4.643863063724973, -15.88174186985452, 0.9856086159070804, 1.111427094948162
4.555589374992543, -15.905358097399622, 0.9856086159070804, 1.111427094948162
4.467280273317831, -15.92892736289975, 0.9856086159070804, 1.111427094948162
4.378935707510682, -15.952439765449787, 0.9856086159070804, 1.111427094948162
4.290555626381086, -15.975885404144565, 0.9856086159070804, 1.111427094948162
4.202139978738839, -15.999254378078977, 0.9856086159070804, 1.111427094948162
4.11368871339393, -16.022536786347857, 0.9856086159070804, 1.111427094948162
4.025201779156204, -16.04572272804608, 0.9856086159070804, 1.111427094948162
3.9366791248355035, -16.068802302268523, 0.9856086159070804, 1.111427094948162
3.8481206992418233, -16.09176560811003, 0.9856086159070804, 1.111427094948162
3.7595264511849527, -16.114602744665483, 0.9856086159070804, 1.111427094948162
3.670896329474887, -16.13730381102972, 0.9856086159070804, 1.111427094948162
3.5822302829214685, -16.159858906297618, 0.9856086159070804, 1.111427094948162
3.49352826033454, -16.182258129564055, 0.9856086159070804, 1.111427094948162
3.404790210524094, -16.204491579923864, 0.9856086159070804, 1.111427094948162
3.316016082299974, -16.226549356471928, 0.9856086159070804, 1.111427094948162
3.2272058244720228, -16.248421558303118, 0.9856086159070804, 1.111427094948162
3.138359385850232, -16.270098284512272, 0.9856086159070804, 1.111427094948162
3.0494767152443973, -16.291569634194275, 0.9856086159070804, 1.111427094948162
2.9605577614645084, -16.312825706443977, 0.9856086159070804, 1.111427094948162
2.87160247332041, -16.333856600356242, 0.9856086159070804, 1.111427094948162
2.7826107996219456, -16.354652415025946, 0.9856086159070804, 1.111427094948162
2.693582689179107, -16.37520324954794, 0.9856086159070804, 1.111427094948162
2.604518090801686, -16.395499203017096, 0.9856086159070804, 1.111427094948162
2.5154169532996766, -16.415530374528267, 0.9856086159070804, 1.111427094948162
2.426279225482922, -16.43528686317632, 0.9856086159070804, 1.111427094948162
2.3371048561612646, -16.454758768056124, 0.9856086159070804, 1.111427094948162
2.2478937941446975, -16.47393618826253, 0.9856086159070804, 1.111427094948162
2.1586459882430136, -16.492809222890422, 0.9856086159070804, 1.111427094948162
2.0693613872662056, -16.51136797103464, 0.9856086159070804, 1.111427094948162
1.9800399400241158, -16.529602531790054, 0.9856086159070804, 1.111427094948162
1.8906815953265883, -16.547503004251542, 0.9856086159070804, 1.111427094948162
1.8012862821390303, -16.56505910633265, 0.9856086159070804, 1.111427094948162
1.711853372407915, -16.58224985654821, 0.9856086159070804, 1.111427094948162
1.622381618683619, -16.599042375845602, 0.9856086159070804, 1.111427094948162
1.532869741152192, -16.615403163510504, 0.9856086159070804, 1.111427094948162
1.4433164599996846, -16.63129871882859, 0.9856086159070804, 1.111427094948162
1.3537204954122946, -16.646695541085496, 0.9856086159070804, 1.111427094948162
1.2640805675760243, -16.66156012956691, 0.9856086159070804, 1.111427094948162
1.1743953966770713, -16.675858983558484, 0.9856086159070804, 1.111427094948162
1.0846637029014863, -16.689558602345876, 0.9856086159070804, 1.111427094948162
0.9948842064353194, -16.70262548521477, 0.9856086159070804, 1.111427094948162
0.9050556274647693, -16.71502613145081, 0.9856086159070804, 1.111427094948162
0.8151766861758367, -16.72672704033967, 0.9856086159070804, 1.111427094948162
0.725246102754721, -16.73769471116701, 0.9856086159070804, 1.111427094948162
0.6352625973874723, -16.74789564321849, 0.9856086159070804, 1.111427094948162
0.54522489026014, -16.757296335779788, 0.9856086159070804, 1.111427094948162
0.45513170155892374, -16.765863288136554, 0.9856086159070804, 1.111427094948162
0.3649817514698238, -16.77356299957446, 0.9856086159070804, 1.111427094948162
0.27477376017903954, -16.780361969379157, 0.9856086159070804, 1.111427094948162
0.18450644787262058, -16.786226696836323, 0.9856086159070804, 1.111427094948162
0.09417853473661719, -16.791123681231618, 0.9856086159070804, 1.111427094948162
0.0037887465020600736, -16.795019497734764, 0.9856086159070804, 1.111427094948162
-0.08666299506097029, -16.79789708997085, 0.9856086159070804, 1.111427094948162
-0.17717408950491098, -16.799776060737674, 0.9856086159070804, 1.111427094948162
-0.26774157236056123, -16.800680994671563, 0.9856086159070804, 1.111427094948162
-0.35836247915872055, -16.800636476408833, 0.9856086159070804, 1.111427094948162
-0.4490338454300378, -16.799667090585807, 0.9856086159070804, 1.111427094948162
-0.5397527067053628, -16.79779742183879, 0.9856086159070804, 1.111427094948162
-0.6305160985153443, -16.795052054804113, 0.9856086159070804, 1.111427094948162
-0.7213210563907817, -16.791455574118086, 0.9856086159070804, 1.111427094948162
-0.8121646158624745, -16.787032564417025, 0.9856086159070804, 1.111427094948162
-0.9030438124610713, -16.781807610337243, 0.9856086159070804, 1.111427094948162
-0.9939556817174223, -16.775805296515074, 0.9856086159070804, 1.111427094948162
-1.084897259162176, -16.769050207586822, 0.9856086159070804, 1.111427094948162
-1.1758655803261318, -16.761566928188813, 0.9856086159070804, 1.111427094948162
-1.2668576807400893, -16.753380042957353, 0.9856086159070804, 1.111427094948162
-1.3578705959346973, -16.744514136528768, 0.9856086159070804, 1.111427094948162
-1.448901361440806, -16.73499379353937, 0.9856086159070804, 1.111427094948162
-1.5399470127890633, -16.724843598625483, 0.9856086159070804, 1.111427094948162
-1.631004341778172, -16.714087553188463, 0.9856086159070804, 1.111427094948162
-1.7220609274364982, -16.702727613073197, 0.9856086159070804, 1.111427094948162
-1.813092530657626, -16.690737454101864, 0.9856086159070804, 1.111427094948162
-1.9040741373782046, -16.678088897675053, 0.9856086159070804, 1.111427094948162
-1.9949807335348813, -16.664753765193332, 0.9856086159070804, 1.111427094948162
-2.0857873050641524, -16.6507038780573, 0.9856086159070804, 1.111427094948162
-2.1764688379027155, -16.635911057667517, 0.9856086159070804, 1.111427094948162
-2.267000317987068, -16.620347125424594, 0.9856086159070804, 1.111427094948162
-2.357356731253858, -16.60398390272909, 0.9856086159070804, 1.111427094948162
-2.4475130636397338, -16.5867932109816, 0.9856086159070804, 1.111427094948162
-2.53744430108119, -16.568746871582697, 0.9856086159070804, 1.111427094948162
-2.6271254295149267, -16.549816705932965, 0.9856086159070804, 1.111427094948162
-2.7165314348774396, -16.529974535433002, 0.9856086159070804, 1.111427094948162
-2.805637303105377, -16.509192181483375, 0.9856086159070804, 1.111427094948162
-2.894418020135385, -16.487441465484657, 0.9856086159070804, 1.111427094948162
-2.9828485719039635, -16.464694208837457, 0.9856086159070804, 1.111427094948162
-3.0709039443478074, -16.44092223294233, 0.9856086159070804, 1.111427094948162
-3.1585591234034154, -16.416097359199888, 0.9856086159070804, 1.111427094948162
-3.245789095007435, -16.39019140901069, 0.9856086159070804, 1.111427094948162
-3.332568845096512, -16.363176203775314, 0.9856086159070804, 1.111427094948162
-3.4188733596071472, -16.33502356489437, 0.9856086159070804, 1.111427094948162
-3.504677624476033, -16.305705313768406, 0.9856086159070804, 1.111427094948162
-3.589956625639672, -16.275193271798038, 0.9856086159070804, 1.111427094948162
-3.6746853490347107, -16.243459260383837, 0.9856086159070804, 1.111427094948162
-3.7588387805977903, -16.210475100926356, 0.9856086159070804, 1.111427094948162
-3.842391906265418, -16.176212614826227, 0.9856086159070804, 1.111427094948162
-3.9253197119742813, -16.140643623483985, 0.9856086159070804, 1.111427094948162
-4.007597183660886, -16.103739948300248, 0.9856086159070804, 1.111427094948162
-4.089199307261877, -16.065473410675594, 0.9856086159070804, 1.111427094948162
-4.170101068713897, -16.025815832010576, 0.9856086159070804, 1.111427094948162
-4.2502774539534505, -15.984739033705814, 0.9856086159070804, 1.111427094948162
-4.32970367318146, -15.94221532852278, 0.9856086159070804, 1.111427094948162
-4.408366091789739, -15.89824147014682, 0.9856086159070804, 1.111427094948162
-4.486267158536733, -15.852849450775235, 0.9856086159070804, 1.111427094948162
-4.563410573629792, -15.806074004518697, 0.9856086159070804, 1.111427094948162
-4.6398000372761405, -15.757949865487948, 0.9856086159070804, 1.111427094948162
-4.715439249683172, -15.708511767793619, 0.9856086159070804, 1.111427094948162
-4.7903319110581135, -15.657794445546463, 0.9856086159070804, 1.111427094948162
-4.864481721608313, -15.605832632857139, 0.9856086159070804, 1.111427094948162
-4.9378923815411255, -15.55266106383631, 0.9856086159070804, 1.111427094948162
-5.010567591063776, -15.498314472594723, 0.9856086159070804, 1.111427094948162
-5.082511050383655, -15.442827593243015, 0.9856086159070804, 1.111427094948162
-5.153726459707991, -15.386235159891928, 0.9856086159070804, 1.111427094948162
-5.224217519244133, -15.32857190665213, 0.9856086159070804, 1.111427094948162
-5.293987929199433, -15.269872567634277, 0.9856086159070804, 1.111427094948162
-5.363041389781119, -15.210171876949124, 0.9856086159070804, 1.111427094948162
-5.431381601196579, -15.149504568707297, 0.9856086159070804, 1.111427094948162
-5.499012263653043, -15.087905377019553, 0.9856086159070804, 1.111427094948162
-5.565937077357863, -15.025409035996546, 0.9856086159070804, 1.111427094948162
-5.632159742518383, -14.962050279748938, 0.9856086159070804, 1.111427094948162
-5.6976839593418385, -14.897863842387485, 0.9856086159070804, 1.111427094948162
-5.7625134280356125, -14.832884458022809, 0.9856086159070804, 1.111427094948162
-5.82665184880694, -14.767146860765669, 0.9856086159070804, 1.111427094948162
-5.89010292186317, -14.700685784726728, 0.9856086159070804, 1.111427094948162
-5.952870347411644, -14.633535964016628, 0.9856086159070804, 1.111427094948162
-6.014957825659602, -14.565732132746142, 0.9856086159070804, 1.111427094948162
-6.076369056814389, -14.497309025025922, 0.9856086159070804, 1.111427094948162
-6.137107741083348, -14.428301374966619, 0.9856086159070804, 1.111427094948162
-6.197177578673721, -14.358743916679003, 0.9856086159070804, 1.111427094948162
-6.256582269792882, -14.288671384273679, 0.9856086159070804, 1.111427094948162
-6.315325514648077, -14.218118511861427, 0.9856086159070804, 1.111427094948162
-6.373411013446648, -14.147120033552893, 0.9856086159070804, 1.111427094948162
-6.4308424663959345, -14.075710683458727, 0.9856086159070804, 1.111427094948162
-6.48762488649205, -14.003921081061739, 0.9856086159070804, 1.111427094948162
-6.543769237950925, -13.931763193146029, 0.9856086159070804, 1.111427094948162
-6.599288170530297, -13.859243703561074, 0.9856086159070804, 1.111427094948162
-6.654194334095957, -13.786369295817863, 0.9856086159070804, 1.111427094948162
-6.708500378513692, -13.713146653427378, 0.9856086159070804, 1.111427094948162
-6.762218953649202, -13.639582459900724, 0.9856086159070804, 1.111427094948162
-6.815362709368304, -13.565683398748853, 0.9856086159070804, 1.111427094948162
-6.867944295536698, -13.491456153482861, 0.9856086159070804, 1.111427094948162
-6.919976362020171, -13.416907407613746, 0.9856086159070804, 1.111427094948162
-6.971471558684513, -13.34204384465249, 0.9856086159070804, 1.111427094948162
-7.022442535395423, -13.266872148110197, 0.9856086159070804, 1.111427094948162
-7.072901942018718, -13.191399001497814, 0.9856086159070804, 1.111427094948162
-7.122862428420097, -13.115631088326447, 0.9856086159070804, 1.111427094948162
-7.172336644465353, -13.039575092107087, 0.9856086159070804, 1.111427094948162
-7.221337240020264, -12.96323769635071, 0.9856086159070804, 1.111427094948162
-7.26987686495054, -12.886625584568433, 0.9856086159070804, 1.111427094948162
-7.317968169121991, -12.809745440271195, 0.9856086159070804, 1.111427094948162
-7.365623802400323, -12.732603946970107, 0.9856086159070804, 1.111427094948162
-7.412856414651323, -12.655207788176154, 0.9856086159070804, 1.111427094948162
-7.4596786557407695, -12.577563647400318, 0.9856086159070804, 1.111427094948162
-7.506103175534376, -12.499678208153709, 0.9856086159070804, 1.111427094948162
-7.552142623897948, -12.421558153947272, 0.9856086159070804, 1.111427094948162
-7.597809650697196, -12.343210168292117, 0.9856086159070804, 1.111427094948162
-7.643116905797903, -12.264640934699225, 0.9856086159070804, 1.111427094948162
-7.688077039065852, -12.18585713667958, 0.9856086159070804, 1.111427094948162
-7.732702700366752, -12.106865457744298, 0.9856086159070804, 1.111427094948162
-7.777006539566411, -12.027672581404314, 0.9856086159070804, 1.111427094948162
-7.821001206530539, -11.948285191170747, 0.9856086159070804, 1.111427094948162
-7.864699351124919, -11.868709970554573, 0.9856086159070804, 1.111427094948162
-7.908113623215332, -11.788953603066775, 0.9856086159070804, 1.111427094948162
-7.9512566726674905, -11.709022772218473, 0.9856086159070804, 1.111427094948162
-7.994141149347203, -11.628924161520601, 0.9856086159070804, 1.111427094948162
-8.036779703120175, -11.548664454484271, 0.9856086159070804, 1.111427094948162
-8.079184983775201, -11.468250334600707, 0.9856086159070804, 1.111427094948162
-8.12136869483559, -11.387688242470725, 0.9856086159070804, 1.111427094948162
-8.163339234628939, -11.306983770307237, 0.9856086159070804, 1.111427094948162
-8.205104280274648, -11.22614232520097, 0.9856086159070804, 1.111427094948162
-8.246671508892017, -11.145169314242832, 0.9856086159070804, 1.111427094948162
-8.288048597600426, -11.064070144523582, 0.9856086159070804, 1.111427094948162
-8.329243223519246, -10.982850223133996, 0.9856086159070804, 1.111427094948162
-8.370263063767778, -10.901514957164972, 0.9856086159070804, 1.111427094948162
-8.411115795465422, -10.82006975370723, 0.9856086159070804, 1.111427094948162
-8.451809095731486, -10.73852001985168, 0.9856086159070804, 1.111427094948162
-8.492350641685334, -10.656871162689088, 0.9856086159070804, 1.111427094948162
-8.532748110446349, -10.57512858931022, 0.9856086159070804, 1.111427094948162
-8.57300917913383, -10.49329770680598, 0.9856086159070804, 1.111427094948162
-8.61314152486718, -10.41138392226709, 0.9856086159070804, 1.111427094948162
-8.65315282476569, -10.32939264278445, 0.9856086159070804, 1.111427094948162
-8.693050755948748, -10.247329275448834, 0.9856086159070804, 1.111427094948162
-8.732842995535723, -10.165199227351005, 0.9856086159070804, 1.111427094948162
-8.772537220645917, -10.083007905581871, 0.9856086159070804, 1.111427094948162
-8.812141108398707, -10.000760717232195, 0.9856086159070804, 1.111427094948162
-8.85166233591346, -9.918463069392745, 0.9856086159070804, 1.111427094948162
-8.891108580309492, -9.836120369154429, 0.9856086159070804, 1.111427094948162
-8.930487518706187, -9.753738023607966, 0.9856086159070804, 1.111427094948162
-8.96980682822286, -9.671321439844258, 0.9856086159070804, 1.111427094948162
-9.009074185978879, -9.588876024954073, 0.9856086159070804, 1.111427094948162
-9.048297269093615, -9.506407186028182, 0.9856086159070804, 1.111427094948162
-9.087483754686378, -9.423920330157484, 0.9856086159070804, 1.111427094948162
-9.126641319876564, -9.341420864432704, 0.9856086159070804, 1.111427094948162
-9.165777641783476, -9.25891419594475, 0.9856086159070804, 1.111427094948162
-9.204900397526485, -9.176405731784378, 0.9856086159070804, 1.111427094948162
-9.24401726422497, -9.093900879042366, 0.9856086159070804, 1.111427094948162
-9.283135918998234, -9.011405044809612, 0.9856086159070804, 1.111427094948162
-9.32226403896567, -8.928923636176842, 0.9856086159070804, 1.111427094948162
-9.361409301246587, -8.846462060234956, 0.9856086159070804, 1.111427094948162
-9.400579382960357, -8.764025724074724, 0.9856086159070804, 1.111427094948162
-9.43978196122635, -8.68162003478691, 0.9856086159070804, 1.111427094948162
-9.479024713163877, -8.599250399462424, 0.9856086159070804, 1.111427094948162
-9.518315315892327, -8.516922225191978, 0.9856086159070804, 1.111427094948162
-9.557661446531013, -8.434640919066487, 0.9856086159070804, 1.111427094948162
-9.597070782199303, -8.35241188817671, 0.9856086159070804, 1.111427094948162
-9.636551000016574, -8.270240539613424, 0.9856086159070804, 1.111427094948162
-9.676109777102127, -8.188132280467523, 0.9856086159070804, 1.111427094948162
-9.715754502847155, -8.106092383557552, 0.9856086159070804, 1.111427094948162
-9.75547383453284, -8.024117380114909, 0.9856086159070804, 1.111427094948162
-9.795226517294376, -7.942189842471497, 0.9856086159070804, 1.111427094948162
-9.83496861782957, -7.860291093030929, 0.9856086159070804, 1.111427094948162
-9.874656202836167, -7.778402454196949, 0.9856086159070804, 1.111427094948162
-9.914245339012002, -7.696505248373122, 0.9856086159070804, 1.111427094948162
-9.95369209305481, -7.614580797963191, 0.9856086159070804, 1.111427094948162
-9.992952531662407, -7.532610425370767, 0.9856086159070804, 1.111427094948162
-10.031982721532605, -7.450575452999462, 0.9856086159070804, 1.111427094948162
-10.070738729363143, -7.368457203253016, 0.9856086159070804, 1.111427094948162
-10.109176621851855, -7.286236998534996, 0.9856086159070804, 1.111427094948162
-10.147252465696484, -7.2038961612491486, 0.9856086159070804, 1.111427094948162
-10.184922327594844, -7.121416013799082, 0.9856086159070804, 1.111427094948162
-10.222142274244735, -7.038777878588406, 0.9856086159070804, 1.111427094948162
-10.258868372343914, -6.955963078020863, 0.9856086159070804, 1.111427094948162
-10.295056688590202, -6.872952934500022, 0.9856086159070804, 1.111427094948162
-10.330663289681349, -6.789728770429625, 0.9856086159070804, 1.111427094948162
-10.365644242315167, -6.706271908213284, 0.9856086159070804, 1.111427094948162
-10.399955613189457, -6.622563670254605, 0.9856086159070804, 1.111427094948162
-10.433553469001971, -6.538585378957339, 0.9856086159070804, 1.111427094948162
-10.466393876450539, -6.454318356725044, 0.9856086159070804, 1.111427094948162
-10.498432902232903, -6.36974392596147, 0.9856086159070804, 1.111427094948162
-10.529626613046874, -6.284843409070223, 0.9856086159070804, 1.111427094948162
-10.55993107559026, -6.199598128454913, 0.9856086159070804, 1.111427094948162
-10.58930235656081, -6.113989406519289, 0.9856086159070804, 1.111427094948162
-10.61769652265635, -6.027998565666911, 0.9856086159070804, 1.111427094948162
-10.645069640574627, -5.941606928301525, 0.9856086159070804, 1.111427094948162
-10.671377777013456, -5.854795816826743, 0.9856086159070804, 1.111427094948162
-10.696576998670633, -5.767546553646171, 0.9856086159070804, 1.111427094948162
-10.720623372243919, -5.679840461163559, 0.9856086159070804, 1.111427094948162
-10.743472964431126, -5.591658861782465, 0.9856086159070804, 1.111427094948162
-10.76508184193002, -5.50298307790664, 0.9856086159070804, 1.111427094948162
-10.7854060714384, -5.413794431939693, 0.9856086159070804, 1.111427094948162
-10.804401612815035, -5.324075596407824, 0.9856086159070804, 1.111427094948162
-10.822021559141017, -5.233845471245658, 0.9856086159070804, 1.111427094948162
-10.83821588889887, -5.143162315504356, 0.9856086159070804, 1.111427094948162
-10.852934424061052, -5.052086366049422, 0.9856086159070804, 1.111427094948162
-10.866126986599989, -4.960677859746505, 0.9856086159070804, 1.111427094948162
-10.877743398488148, -4.868997033461053, 0.9856086159070804, 1.111427094948162
-10.88773348169796, -4.777104124058724, 0.9856086159070804, 1.111427094948162
-10.896047058201885, -4.685059368405014, 0.9856086159070804, 1.111427094948162
-10.902633949972367, -4.592923003365424, 0.9856086159070804, 1.111427094948162
-10.907443978981847, -4.500755265805607, 0.9856086159070804, 1.111427094948162
-10.910426967202785, -4.4086163925910125, 0.9856086159070804, 1.111427094948162
-10.911532736607617, -4.316566620587294, 0.9856086159070804, 1.111427094948162
-10.9107111091688, -4.224666186659949, 0.9856086159070804, 1.111427094948162
-10.907911906858773, -4.1329753276744805, 0.9856086159070804, 1.111427094948162
-10.903084951649989, -4.0415542804965385, 0.9856086159070804, 1.111427094948162
-10.896180065514892, -3.9504632819915755, 0.9856086159070804, 1.111427094948162
-10.887147070425934, -3.859762569025241, 0.9856086159070804, 1.111427094948162
-10.875935788355562, -3.7695123784630367, 0.9856086159070804, 1.111427094948162
-10.862496041276218, -3.6797729471704645, 0.9856086159070804, 1.111427094948162
-10.846777651160357, -3.590604512013173, 0.9856086159070804, 1.111427094948162
-10.828730439980415, -3.5020673098566157, 0.9856086159070804, 1.111427094948162
-10.80830422970886, -3.414221577566442, 0.9856086159070804, 1.111427094948162
-10.785448842318127, -3.327127552008154, 0.9856086159070804, 1.111427094948162
-10.76011409978065, -3.240845470047252, 0.9856086159070804, 1.111427094948162
-10.732249824068903, -3.155435568549386, 0.9856086159070804, 1.111427094948162
-10.701805837155309, -3.070958084380011, 0.9856086159070804, 1.111427094948162
-10.668732013105144, -2.987473242433185, 0.9856086159070804, 1.111427094948162
-10.63300851265917, -2.905034307340457, 0.9856086159070804, 1.111427094948162
-10.59469660702904, -2.823675903517896, 0.9856086159070804, 1.111427094948162
-10.553871002609172, -2.743429567806223, 0.9856086159070804, 1.111427094948162
-10.510606405793926, -2.6643268370459836, 0.9856086159070804, 1.111427094948162
-10.464977522977726, -2.5863992480778966, 0.9856086159070804, 1.111427094948162
-10.41705906055495, -2.509678337742554, 0.9856086159070804, 1.111427094948162
-10.366925724919954, -2.434195642880544, 0.9856086159070804, 1.111427094948162
-10.314652222467183, -2.3599827003325844, 0.9856086159070804, 1.111427094948162
-10.260313259590976, -2.2870710469392277, 0.9856086159070804, 1.111427094948162
-10.203983542685775, -2.2154922195411837, 0.9856086159070804, 1.111427094948162
-10.145737778145946, -2.1452777549790487, 0.9856086159070804, 1.111427094948162
-10.085650672365842, -2.076459190093415, 0.9856086159070804, 1.111427094948162
-10.023796931739922, -2.0090680617249936, 0.9856086159070804, 1.111427094948162
-9.960251262662505, -1.9431359067143412, 0.9856086159070804, 1.111427094948162
-9.895088371528056, -1.8786942619021654, 0.9856086159070804, 1.111427094948162
-9.828382964730926, -1.815774664129061, 0.9856086159070804, 1.111427094948162
-9.760209748665467, -1.7544086502356282, 0.9856086159070804, 1.111427094948162
-9.690643429726146, -1.694627757062568, 0.9856086159070804, 1.111427094948162
-9.619758714307274, -1.6364635214504464, 0.9856086159070804, 1.111427094948162
-9.547630308803326, -1.5799474802399611, 0.9856086159070804, 1.111427094948162
-9.474332919608646, -1.5251111702717122, 0.9856086159070804, 1.111427094948162
-9.399941253117586, -1.4719861283863045, 0.9856086159070804, 1.111427094948162
-9.324530015245683, -1.4206038904834535, 0.9856086159070804, 1.111427094948162
-9.248166278807421, -1.3709809955399548, 0.9856086159070804, 1.111427094948162
-9.170890142215566, -1.3230809853263283, 0.9856086159070804, 1.111427094948162
-9.092735748243708, -1.2768557004367378, 0.9856086159070804, 1.111427094948162
-9.01373723966544, -1.2322569814653512, 0.9856086159070804, 1.111427094948162
-8.933928759254492, -1.1892366690064096, 0.9856086159070804, 1.111427094948162
-8.853344449784405, -1.1477466036540567, 0.9856086159070804, 1.111427094948162
-8.772018454028908, -1.1077386260025306, 0.9856086159070804, 1.111427094948162
-8.689984914761592, -1.0691645766459994, 0.9856086159070804, 1.111427094948162
-8.607277974756045, -1.0319762961786345, 0.9856086159070804, 1.111427094948162
-8.523931776785995, -0.9961256251946693, 0.9856086159070804, 1.111427094948162
-8.439980463625036, -0.9615644042882747, 0.9856086159070804, 1.111427094948162
-8.355458178046755, -0.9282444740536238, 0.9856086159070804, 1.111427094948162
-8.270399062824882, -0.8961176750849458, 0.9856086159070804, 1.111427094948162
-8.18483726073296, -0.8651358479763963, 0.9856086159070804, 1.111427094948162
-8.098806914544719, -0.8352508333222018, 0.9856086159070804, 1.111427094948162
-8.01234216703375, -0.8064144717165368, 0.9856086159070804, 1.111427094948162
-7.925477160973638, -0.7785786037535771, 0.9856086159070804, 1.111427094948162
-7.838246039138118, -0.7516950700275462, 0.9856086159070804, 1.111427094948162
-7.750682944300728, -0.7257157111326055, 0.9856086159070804, 1.111427094948162
-7.662822019235201, -0.7005923676629756, 0.9856086159070804, 1.111427094948162
-7.574697406715126, -0.6762768802128339, 0.9856086159070804, 1.111427094948162
-7.486343249514089, -0.652721089376359, 0.9856086159070804, 1.111427094948162
-7.397793690405827, -0.629876835747769, 0.9856086159070804, 1.111427094948162
-7.3090828721638745, -0.6076959599212304, 0.9856086159070804, 1.111427094948162
-7.22024493756197, -0.5861303024909593, 0.9856086159070804, 1.111427094948162
-7.131313002862309, -0.5651327915376113, 0.9856086159070804, 1.111427094948162
-7.0423033467636555, -0.544674192861693, 0.9856086159070804, 1.111427094948162
-6.953218486306379, -0.5247398513689967, 0.9856086159070804, 1.111427094948162
-6.864060535058417, -0.5053155394038835, 0.9856086159070804, 1.111427094948162
-6.774831606587906, -0.4863870293107584, 0.9856086159070804, 1.111427094948162
-6.6855338144628265, -0.4679400934339934, 0.9856086159070804, 1.111427094948162
-6.5961692722511716, -0.449960504117962, 0.9856086159070804, 1.111427094948162
-6.506740093521069, -0.4324340337070675, 0.9856086159070804, 1.111427094948162
-6.417248391840455, -0.4153464545456735, 0.9856086159070804, 1.111427094948162
-6.3276962807774675, -0.39868353897818226, 0.9856086159070804, 1.111427094948162
-6.238085873900088, -0.3824310593489675, 0.9856086159070804, 1.111427094948162
-6.148419284776306, -0.3665747880024037, 0.9856086159070804, 1.111427094948162
-6.0586986269742535, -0.3511004972828916, 0.9856086159070804, 1.111427094948162
-5.968926014061866, -0.33599395953479744, 0.9856086159070804, 1.111427094948162
-5.879103559607279, -0.3212409471025211, 0.9856086159070804, 1.111427094948162
-5.789233377178478, -0.30682723233043735, 0.9856086159070804, 1.111427094948162
-5.699317580343446, -0.2927385875629217, 0.9856086159070804, 1.111427094948162
-5.609358282670323, -0.27896078514437306, 0.9856086159070804, 1.111427094948162
-5.519357597727039, -0.2654795974191592, 0.9856086159070804, 1.111427094948162
-5.429317639081729, -0.2522807967316786, 0.9856086159070804, 1.111427094948162
-5.339240520302383, -0.2393501554263067, 0.9856086159070804, 1.111427094948162
-5.249128354956984, -0.22667344584741994, 0.9856086159070804, 1.111427094948162
-5.158983256613663, -0.21423644033941547, 0.9856086159070804, 1.111427094948162
-5.068807338840359, -0.20202491124666277, 0.9856086159070804, 1.111427094948162
-4.9786027152052075, -0.19002463091355862, 0.9856086159070804, 1.111427094948162
-4.888371499276191, -0.1782213716844794, 0.9856086159070804, 1.111427094948162
-4.7981158046212995, -0.1666009059038021, 0.9856086159070804, 1.111427094948162
-4.707837744808662, -0.15514900591592276, 0.9856086159070804, 1.111427094948162
-4.6175394334062165, -0.1438514440652118, 0.9856086159070804, 1.111427094948162
-4.5272229839820985, -0.132693992696065, 0.9856086159070804, 1.111427094948162
-4.436890510104294, -0.12166242415285944, 0.9856086159070804, 1.111427094948162
-4.34654392770702, -0.11074381224111479, 0.9856086159070804, 1.111427094948162
-4.256183915202912, -0.09993338011507756, 0.9856086159070804, 1.111427094948162
-4.165810673015966, -0.0892294985863299, 0.9856086159070804, 1.111427094948162
-4.075424400545912, -0.07863054521283357, 0.9856086159070804, 1.111427094948162
-3.9850252971923266, -0.0681348975525327, 0.9856086159070804, 1.111427094948162
-3.894613562354789, -0.05774093316337145, 0.9856086159070804, 1.111427094948162
-3.8041893954330304, -0.04744702960331148, 0.9856086159070804, 1.111427094948162
-3.713752995826576, -0.03725156443029119, 0.9856086159070804, 1.111427094948162
-3.623304562935155, -0.027152915202272036, 0.9856086159070804, 1.111427094948162
-3.5328442961583475, -0.01714945947719823, 0.9856086159070804, 1.111427094948162
-3.44237239489573, -0.0072395748130143385, 0.9856086159070804, 1.111427094948162
-3.351889058547034, 0.0025783612323186053, 0.9856086159070804, 1.111427094948162
-3.261394486511835, 0.012305971100856237, 0.9856086159070804, 1.111427094948162
-3.1708888781897135, 0.021944877234653794, 0.9856086159070804, 1.111427094948162
-3.080372432980397, 0.03149670207575063, 0.9856086159070804, 1.111427094948162
-2.989845350283415, 0.04096306806620732, 0.9856086159070804, 1.111427094948162
-2.899307829498496, 0.0503455976480634, 0.9856086159070804, 1.111427094948162
-2.8087600700252175, 0.05964591326337417, 0.9856086159070804, 1.111427094948162
-2.718202271263159, 0.06886563735419464, 0.9856086159070804, 1.111427094948162
-2.6276346326120485, 0.07800639236256471, 0.9856086159070804, 1.111427094948162
-2.537057353471415, 0.08706980073054435, 0.9856086159070804, 1.111427094948162
-2.4464706332409865, 0.09605748490017368, 0.9856086159070804, 1.111427094948162
-2.355874671320344, 0.10497106731350771, 0.9856086159070804, 1.111427094948162
-2.2652696671090626, 0.11381217041260129, 0.9856086159070804, 1.111427094948162
-2.1746558200068735, 0.12258241663949468, 0.9856086159070804, 1.111427094948162
-2.0840333294133035, 0.1312834284362476, 0.9856086159070804, 1.111427094948162
-1.993402394728082, 0.13991682824490026, 0.9856086159070804, 1.111427094948162
-1.9027632153507879, 0.1484842385075077, 0.9856086159070804, 1.111427094948162
-1.8121159906809985, 0.1569872816661246, 0.9856086159070804, 1.111427094948162
-1.7214609201184436, 0.16542758016279138, 0.9856086159070804, 1.111427094948162
-1.6307982030626518, 0.1738067564395676, 0.9856086159070804, 1.111427094948162
-1.5401280389133511, 0.18212643293849387, 0.9856086159070804, 1.111427094948162
-1.4494506270701204, 0.19038823210162487, 0.9856086159070804, 1.111427094948162
-1.3587661669325375, 0.19859377637101516, 0.9856086159070804, 1.111427094948162
-1.2680748579003327, 0.20674468818870562, 0.9856086159070804, 1.111427094948162
-1.1773768993730325, 0.2148425899967553, 0.9856086159070804, 1.111427094948162
-1.086672490750367, 0.22288910423720523, 0.9856086159070804, 1.111427094948162
-0.9959618314319149, 0.23088585335210998, 0.9856086159070804, 1.111427094948162
-0.9052451208172528, 0.23883445978352386, 0.9856086159070804, 1.111427094948162
-0.8145225583061114, 0.24673654597348813, 0.9856086159070804, 1.111427094948162
-0.7237943432980178, 0.25459373436406146, 0.9856086159070804, 1.111427094948162
-0.6330606751927019, 0.2624076473972853, 0.9856086159070804, 1.111427094948162
-0.5423217533897421, 0.2701799075152138, 0.9856086159070804, 1.111427094948162
-0.45157777728871534, 0.27791213715990143, 0.9856086159070804, 1.111427094948162
-0.36082894628935236, 0.28560595877338957, 0.9856086159070804, 1.111427094948162
-0.27007545979118047, 0.2932629947977368, 0.9856086159070804, 1.111427094948162
-0.1793175171939283, 0.30088486767498457, 0.9856086159070804, 1.111427094948162
-0.08855531789717469, 0.3084731998471871, 0.9856086159070804, 1.111427094948162
0.0022109386995017855, 0.31602961375639865, 0.9856086159070804, 1.111427094948162
0.09298105319637234, 0.3235557318446609, 0.9856086159070804, 1.111427094948162
0.18375482619390837, 0.3310531765540321, 0.9856086159070804, 1.111427094948162
0.2745320582923823, 0.338523570326554, 0.9856086159070804, 1.111427094948162
0.3653125500922143, 0.3459685356042807, 0.9856086159070804, 1.111427094948162
0.4560961021938269, 0.35338969482926635, 0.9856086159070804, 1.111427094948162
0.5468825151974903, 0.3607886704435528, 0.9856086159070804, 1.111427094948162
0.6376715897036771, 0.36816708488919814, 0.9856086159070804, 1.111427094948162
0.728463126312658, 0.3755265606082443, 0.9856086159070804, 1.111427094948162
0.8192569256248542, 0.3828687200427453, 0.9856086159070804, 1.111427094948162
0.9100527882406877, 0.3901951856347553, 0.9856086159070804, 1.111427094948162
1.0008505147604296, 0.397507579826316, 0.9856086159070804, 1.111427094948162
1.0916499057845526, 0.4048075250594858, 0.9856086159070804, 1.111427094948162
1.1824507619133255, 0.41209664377630634, 0.9856086159070804, 1.111427094948162
1.273252883747171, 0.41937655841883165, 0.9856086159070804, 1.111427094948162
1.364056071886512, 0.4266488914291161, 0.9856086159070804, 1.111427094948162
1.4548601269316186, 0.43391526524920143, 0.9856086159070804, 1.111427094948162
1.5456648494829115, 0.44117730232114155, 0.9856086159070804, 1.111427094948162
1.6364700401408132, 0.4484366250869907, 0.9856086159070804, 1.111427094948162
1.7272754995055946, 0.45569485598879067, 0.9856086159070804, 1.111427094948162
1.8180810281777278, 0.46295361746859975, 0.9856086159070804, 1.111427094948162
1.9088864267574837, 0.4702145319684595, 0.9856086159070804, 1.111427094948162
1.9996914958452832, 0.47747922193042447, 0.9856086159070804, 1.111427094948162
2.0904960360415488, 0.48474930979654834, 0.9856086159070804, 1.111427094948162
2.1812998479465517, 0.4920264180088731, 0.9856086159070804, 1.111427094948162
2.2721027321607625, 0.4993121690094567, 0.9856086159070804, 1.111427094948162
2.3629044892844533, 0.5066081852403415, 0.9856086159070804, 1.111427094948162
2.453704919918046, 0.5139160891435812, 0.9856086159070804, 1.111427094948162
2.5445038246619616, 0.5212375031612299, 0.9856086159070804, 1.111427094948162
2.6353010041164704, 0.5285740497353295, 0.9856086159070804, 1.111427094948162
2.7260962588820448, 0.5359273513079382, 0.9856086159070804, 1.111427094948162
2.8168893895589564, 0.5432990303210978, 0.9856086159070804, 1.111427094948162
2.9076801967476262, 0.5506907092168625, 0.9856086159070804, 1.111427094948162
2.9984684810484765, 0.5581040104372861, 0.9856086159070804, 1.111427094948162
3.0892540430617785, 0.5655405564244108, 0.9856086159070804, 1.111427094948162
3.1800366833880025, 0.5730019696202948, 0.9856086159070804, 1.111427094948162
3.2708162026274197, 0.5804898724669794, 0.9856086159070804, 1.111427094948162
3.361592401380454, 0.5880058874065192, 0.9856086159070804, 1.111427094948162
3.4523650802475245, 0.595551636880968, 0.9856086159070804, 1.111427094948162
3.5431340398289035, 0.6031287433323679, 0.9856086159070804, 1.111427094948162
3.633899089925115, 0.6107387543624562, 0.9856086159070804, 1.111427094948162
3.724660178523792, 0.618382093450814, 0.9856086159070804, 1.111427094948162
3.8154173602598993, 0.6260583165266292, 0.9856086159070804, 1.111427094948162
3.9061706925273967, 0.6337669570752952, 0.9856086159070804, 1.111427094948162
3.9969202327200937, 0.6415075485821933, 0.9856086159070804, 1.111427094948162
4.087666038232001, 0.6492796245327209, 0.9856086159070804, 1.111427094948162
4.178408166456926, 0.6570827184122588, 0.9856086159070804, 1.111427094948162
4.269146674788829, 0.6649163637062008, 0.9856086159070804, 1.111427094948162
4.359881620621672, 0.6727800938999403, 0.9856086159070804, 1.111427094948162
4.45061306134926, 0.680673442478858, 0.9856086159070804, 1.111427094948162
4.541341054365607, 0.6885959429283521, 0.9856086159070804, 1.111427094948162
4.632065657064519, 0.6965471287338032, 0.9856086159070804, 1.111427094948162
4.722786926839958, 0.7045265333806047, 0.9856086159070804, 1.111427094948162
4.813504921085883, 0.7125336903541506, 0.9856086159070804, 1.111427094948162
4.904219697196103, 0.7205681331398212, 0.9856086159070804, 1.111427094948162
4.994931312564629, 0.7286293952230148, 0.9856086159070804, 1.111427094948162
5.085639824585269, 0.7367170100891121, 0.9856086159070804, 1.111427094948162
5.176345290651982, 0.7448305112235061, 0.9856086159070804, 1.111427094948162
5.267047768158731, 0.7529694321115914, 0.9856086159070804, 1.111427094948162
5.3577473144993215, 0.7611333062387476, 0.9856086159070804, 1.111427094948162
5.448443987067767, 0.769321667090374, 0.9856086159070804, 1.111427094948162
5.539137843257872, 0.7775340481518499, 0.9856086159070804, 1.111427094948162
5.629828940463602, 0.7857699829085699, 0.9856086159070804, 1.111427094948162
5.720517336078911, 0.7940290048459273, 0.9856086159070804, 1.111427094948162
5.8112030874976135, 0.8023106474493025, 0.9856086159070804, 1.111427094948162
5.901886252113716, 0.8106144442040942, 0.9856086159070804, 1.111427094948162
5.992566887321029, 0.8189399285956824, 0.9856086159070804, 1.111427094948162
6.083245050513512, 0.8272866341094606, 0.9856086159070804, 1.111427094948162
6.173920799085126, 0.8356540942308236, 0.9856086159070804, 1.111427094948162
6.264594190429677, 0.8440418424451507, 0.9856086159070804, 1.111427094948162
6.355265281941178, 0.8524494122378408, 0.9856086159070804, 1.111427094948162
6.445934131013438, 0.8608763370942739, 0.9856086159070804, 1.111427094948162
6.536600795040415, 0.8693221504998438, 0.9856086159070804, 1.111427094948162
6.627265331416067, 0.877786385939945, 0.9856086159070804, 1.111427094948162
6.717927797534211, 0.886268576899957, 0.9856086159070804, 1.111427094948162
6.808588250788798, 0.8947682568652738, 0.9856086159070804, 1.111427094948162
6.899246748573791, 0.9032849593212894, 0.9856086159070804, 1.111427094948162
6.989903348283002, 0.9118182177533842, 0.9856086159070804, 1.111427094948162
7.080558107310439, 0.9203675656469565, 0.9856086159070804, 1.111427094948162
7.171211083049909, 0.9289325364873862, 0.9856086159070804, 1.111427094948162
7.261862332895376, 0.9375126637600676, 0.9856086159070804, 1.111427094948162
7.352511914240795, 0.9461074809503942, 0.9856086159070804, 1.111427094948162
7.44315988447998, 0.9547165215437466, 0.9856086159070804, 1.111427094948162
7.533806301006933, 0.963339319025523, 0.9856086159070804, 1.111427094948162
7.624451221215474, 0.9719754068811035, 0.9856086159070804, 1.111427094948162
7.715094702499557, 0.9806243185958823, 0.9856086159070804, 1.111427094948162
7.805736802253143, 0.9892855876552532, 0.9856086159070804, 1.111427094948162
7.896377577870037, 0.9979587475445959, 0.9856086159070804, 1.111427094948162
7.987017086744255, 1.0066433317493098, 0.9856086159070804, 1.111427094948162
8.077655386269601, 1.015338873754774, 0.9856086159070804, 1.111427094948162
8.168292533840042, 1.024044907046383, 0.9856086159070804, 1.111427094948162
8.258928586849532, 1.032760965109531, 0.9856086159070804, 1.111427094948162
8.349563602691878, 1.0414865814295973, 0.9856086159070804, 1.111427094948162
8.440197638761095, 1.0502212894919811, 0.9856086159070804, 1.111427094948162
8.530830752450992, 1.0589646227820624, 0.9856086159070804, 1.111427094948162
8.621463001155528, 1.0677161147852345, 0.9856086159070804, 1.111427094948162
8.71209444226866, 1.0764752989868926, 0.9856086159070804, 1.111427094948162
8.802725133184197, 1.0852417088724153, 0.9856086159070804, 1.111427094948162
8.893355131296158, 1.0940148779272028, 0.9856086159070804, 1.111427094948162
8.98398449399834, 1.1027943396366333, 0.9856086159070804, 1.111427094948162
9.07461327868471, 1.111579627486102, 0.9856086159070804, 1.111427094948162
9.165241542749227, 1.1203702749610027, 0.9856086159070804, 1.111427094948162
9.2558693435857, 1.1291658155467155, 0.9856086159070804, 1.111427094948162
9.346496738588137, 1.137965782728639, 0.9856086159070804, 1.111427094948162
9.437123785150346, 1.1467697099921523, 0.9856086159070804, 1.111427094948162
9.52775054066629, 1.1555771308226506, 0.9856086159070804, 1.111427094948162
9.618377062529929, 1.1643875787055271, 0.9856086159070804, 1.111427094948162
9.709003408135075, 1.1732005871261624, 0.9856086159070804, 1.111427094948162
9.799629634875727, 1.1820156895699545, 0.9856086159070804, 1.111427094948162
9.890255800145706, 1.190832419522284, 0.9856086159070804, 1.111427094948162
9.980881961338964, 1.1996503104685443, 0.9856086159070804, 1.111427094948162
10.071508175849466, 1.2084688958941299, 0.9856086159070804, 1.111427094948162
10.16213450107102, 1.2172877092844205, 0.9856086159070804, 1.111427094948162
10.252760994397633, 1.226106284124815, 0.9856086159070804, 1.111427094948162
10.343387713223118, 1.234924153900693, 0.9856086159070804, 1.111427094948162
10.434014714941432, 1.243740852097449, 0.9856086159070804, 1.111427094948162
10.524642056946535, 1.2525559122004764, 0.9856086159070804, 1.111427094948162
10.615269796632239, 1.2613688676951555, 0.9856086159070804, 1.111427094948162
10.705897991392549, 1.270179252066885, 0.9856086159070804, 1.111427094948162
10.796526698621278, 1.2789865988010447, 0.9856086159070804, 1.111427094948162
10.887155975712385, 1.2877904413830288, 0.9856086159070804, 1.111427094948162
10.977785880059834, 1.2965903132982313, 0.9856086159070804, 1.111427094948162
11.068416469057427, 1.3053857480320321, 0.9856086159070804, 1.111427094948162
11.159047800099179, 1.31417627906983, 0.9856086159070804, 1.111427094948162
11.249679930578893, 1.3229614398970042, 0.9856086159070804, 1.111427094948162
11.340312917890532, 1.3317407639989494, 0.9856086159070804, 1.111427094948162
11.430946819428062, 1.34051378486106, 0.9856086159070804, 1.111427094948162
11.521581692585285, 1.3492800359687152, 0.9856086159070804, 1.111427094948162
11.61221759475621, 1.3580390508073141, 0.9856086159070804, 1.111427094948162
11.702854583334652, 1.3667903628622362, 0.9856086159070804, 1.111427094948162
11.793492715714565, 1.3755335056188756, 0.9856086159070804, 1.111427094948162
11.88413204928991, 1.3842680125626265, 0.9856086159070804, 1.111427094948162
11.974772641454503, 1.3929934171788696, 0.9856086159070804, 1.111427094948162
12.065414549602297, 1.4017092529529975, 0.9856086159070804, 1.111427094948162
12.156057831127255, 1.4104150533704054, 0.9856086159070804, 1.111427094948162
12.246702543423181, 1.419110351916472, 0.9856086159070804, 1.111427094948162
12.337348743884089, 1.427794682076597, 0.9856086159070804, 1.111427094948162
12.42799648990379, 1.4364675773361604, 0.9856086159070804, 1.111427094948162
12.518645838876239, 1.4451285711805553, 0.9856086159070804, 1.111427094948162
12.609296848195399, 1.4537771970951767, 0.9856086159070804, 1.111427094948162
12.69994957525508, 1.4624129885654038, 0.9856086159070804, 1.111427094948162
12.790604077449288, 1.4710354790766358, 0.9856086159070804, 1.111427094948162
12.881260412171834, 1.4796442021142522, 0.9856086159070804, 1.111427094948162
12.971918636816682, 1.4882386911636476, 0.9856086159070804, 1.111427094948162
13.062578808777785, 1.4968184797102153, 0.9856086159070804, 1.111427094948162
13.153240985448956, 1.505383101239336, 0.9856086159070804, 1.111427094948162
13.243905224224207, 1.5139320892364079, 0.9856086159070804, 1.111427094948162
13.33457158249734, 1.5224649771868106, 0.9856086159070804, 1.111427094948162
13.425240117662321, 1.5309812985759388, 0.9856086159070804, 1.111427094948162
13.515910887113106, 1.539480586889186, 0.9856086159070804, 1.111427094948162
13.606583948243514, 1.5479623756119334, 0.9856086159070804, 1.111427094948162
13.697259358447539, 1.5564261982295777, 0.9856086159070804, 1.111427094948162
13.787937175119003, 1.5648715882275002, 0.9856086159070804, 1.111427094948162
13.87861745565186, 1.5732980790910944, 0.9856086159070804, 1.111427094948162
13.969300256009866, 1.5817052166079986, 0.9856086159070804, 1.111427094948162
14.059985529683512, 1.5900934280142216, 0.9856086159070804, 1.111427094948162
14.150673060928172, 1.59846459626603, 0.9856086159070804, 1.111427094948162
14.241362618153625, 1.606820740617796, 0.9856086159070804, 1.111427094948162
14.332053969769806, 1.6151638803239061, 0.9856086159070804, 1.111427094948162
14.422746884186639, 1.6234960346387468, 0.9856086159070804, 1.111427094948162
14.51344112981391, 1.6318192228166915, 0.9856086159070804, 1.111427094948162
14.604136475061608, 1.6401354641121315, 0.9856086159070804, 1.111427094948162
14.694832688339503, 1.648446777779439, 0.9856086159070804, 1.111427094948162
14.785529538057538, 1.6567551830730012, 0.9856086159070804, 1.111427094948162
14.876226792625635, 1.6650626992472042, 0.9856086159070804, 1.111427094948162
14.96692422045358, 1.6733713455564212, 0.9856086159070804, 1.111427094948162
15.057621589951358, 1.6816831412550437, 0.9856086159070804, 1.111427094948162
15.14831866952874, 1.6900001055974436, 0.9856086159070804, 1.111427094948162
15.23901522759567, 1.6983242578380087, 0.9856086159070804, 1.111427094948162
15.329711032562079, 1.7066576172311254, 0.9856086159070804, 1.111427094948162
15.42040585283774, 1.7150022030311658, 0.9856086159070804, 1.111427094948162
15.51109945683264, 1.7233600344925215, 0.9856086159070804, 1.111427094948162
15.601791612956568, 1.7317331308695663, 0.9856086159070804, 1.111427094948162
15.692482089619439, 1.7401235114166849, 0.9856086159070804, 1.111427094948162
15.783170655231194, 1.7485331953882646, 0.9856086159070804, 1.111427094948162
15.873857078201624, 1.7569642020386802, 0.9856086159070804, 1.111427094948162
15.964541126940697, 1.765418550622321, 0.9856086159070804, 1.111427094948162
16.055222569858195, 1.7738982603935591, 0.9856086159070804, 1.111427094948162
16.14590117536406, 1.7824053506067834, 0.9856086159070804, 1.111427094948162
16.236576711868217, 1.7909418405163793, 0.9856086159070804, 1.111427094948162
16.327248947780454, 1.7995097493767196, 0.9856086159070804, 1.111427094948162
16.417917651510738, 1.8081110964421954, 0.9856086159070804, 1.111427094948162
16.50858259146887, 1.8167479009671808, 0.9856086159070804, 1.111427094948162
16.599243536064765, 1.8254221822060606, 0.9856086159070804, 1.111427094948162
16.68990025370837, 1.8341359594132223, 0.9856086159070804, 1.111427094948162
16.78055251280945, 1.842891251843039, 0.9856086159070804, 1.111427094948162
16.871200081778003, 1.851690078749902, 0.9856086159070804, 1.111427094948162
16.9618427290238, 1.8605344593881832, 0.9856086159070804, 1.111427094948162
17.052480222956774, 1.86942641301227, 0.9856086159070804, 1.111427094948162
17.143112331986867, 1.8783679588765496, 0.9856086159070804, 1.111427094948162
17.233738824523847, 1.8873611162353934, 0.9856086159070804, 1.111427094948162
17.32435946897766, 1.8964079043431892, 0.9856086159070804, 1.111427094948162
17.414974033758227, 1.9055103424543234, 0.9856086159070804, 1.111427094948162
17.505582287275324, 1.9146704498231677, 0.9856086159070804, 1.111427094948162
17.59618399793895, 1.9238902457041158, 0.9856086159070804, 1.111427094948162
17.686778934158877, 1.9331717493515386, 0.9856086159070804, 1.111427094948162
17.777366864345034, 1.9425169800198219, 0.9856086159070804, 1.111427094948162
17.867947556907357, 1.9519279569633552, 0.9856086159070804, 1.111427094948162
17.958520780255633, 1.9614066994365091, 0.9856086159070804, 1.111427094948162
18.049086302799836, 1.9709552266936763, 0.9856086159070804, 1.111427094948162
18.13964389294975, 1.980575557989228, 0.9856086159070804, 1.111427094948162
18.230193319115305, 1.990269712577551, 0.9856086159070804, 1.111427094948162
18.320734349706434, 2.0000397097130342, 0.9856086159070804, 1.111427094948162
18.411266753132924, 2.009887568650048, 0.9856086159070804, 1.111427094948162
18.50179029780475, 2.0198153086429858, 0.9856086159070804, 1.111427094948162
18.592304752131696, 2.0298249489462177, 0.9856086159070804, 1.111427094948162
18.682809884523696, 2.039918508814132, 0.9856086159070804, 1.111427094948162
18.773305463390678, 2.0500980075011155, 0.9856086159070804, 1.111427094948162
18.863791257142424, 2.06036546426154, 0.9856086159070804, 1.111427094948162
18.954267034188923, 2.0707228983497994, 0.9856086159070804, 1.111427094948162
19.044732562939952, 2.0811723290202626, 0.9856086159070804, 1.111427094948162
19.135187611805435, 2.091715775527318, 0.9856086159070804, 1.111427094948162
19.225631949195314, 2.102355257125354, 0.9856086159070804, 1.111427094948162
19.316065343519366, 2.1130927930687404, 0.9856086159070804, 1.111427094948162
19.40648760280707, 2.123930020483035, 0.9856086159070804, 1.111427094948162
19.49689903877129, 2.134863718480328, 0.9856086159070804, 1.111427094948162
19.587300309795996, 2.145887322541442, 0.9856086159070804, 1.111427094948162
19.677692081101856, 2.1569942022076782, 0.9856086159070804, 1.111427094948162
19.768075017909375, 2.1681777270203186, 0.9856086159070804, 1.111427094948162
19.85844978543925, 2.1794312665206683, 0.9856086159070804, 1.111427094948162
19.948817048911998, 2.19074819025001, 0.9856086159070804, 1.111427094948162
20.039177473548264, 2.202121867749644, 0.9856086159070804, 1.111427094948162
20.129531724568704, 2.2135456685608697, 0.9856086159070804, 1.111427094948162
20.219880467193832, 2.225012962224971, 0.9856086159070804, 1.111427094948162
20.31022436664435, 2.2365171182832517, 0.9856086159070804, 1.111427094948162
20.40056408814075, 2.248051506276995, 0.9856086159070804, 1.111427094948162
20.490900296903703, 2.2596094957475, 0.9856086159070804, 1.111427094948162
20.58123365815387, 2.2711844562360692, 0.9856086159070804, 1.111427094948162
20.671564837111738, 2.282769757283983, 0.9856086159070804, 1.111427094948162
20.761894498998032, 2.294358768432548, 0.9856086159070804, 1.111427094948162
20.852223309033235, 2.3059448592230454, 0.9856086159070804, 1.111427094948162
20.942551932438015, 2.3175213991967762, 0.9856086159070804, 1.111427094948162
21.032881034433032, 2.3290817578950405, 0.9856086159070804, 1.111427094948162
21.12321128023878, 2.3406193048591195, 0.9856086159070804, 1.111427094948162
21.213543335075975, 2.352127409630321, 0.9856086159070804, 1.111427094948162
21.303877864165127, 2.363599441749926, 0.9856086159070804, 1.111427094948162
21.394215532726868, 2.375028770759234, 0.9856086159070804, 1.111427094948162
21.484557005981873, 2.3864087661995472, 0.9856086159070804, 1.111427094948162
21.574902949150637, 2.397732797612145, 0.9856086159070804, 1.111427094948162
21.665254027453877, 2.4089942345383357, 0.9856086159070804, 1.111427094948162
21.755610906112093, 2.4201864465194007, 0.9856086159070804, 1.111427094948162
21.845974250345932, 2.4313028030966395, 0.9856086159070804, 1.111427094948162
21.936344725376067, 2.442336673811353, 0.9856086159070804, 1.111427094948162
22.02672299642299, 2.4532814282048236, 0.9856086159070804, 1.111427094948162
22.11710972870741, 2.464130435818356, 0.9856086159070804, 1.111427094948162
22.20750558744983, 2.4748770661932333, 0.9856086159070804, 1.111427094948162
22.297911237870906, 2.485514688870756, 0.9856086159070804, 1.111427094948162
22.3883273451913, 2.496036673392223, 0.9856086159070804, 1.111427094948162
22.47875457463151, 2.506436389298918, 0.9856086159070804, 1.111427094948162
22.56919359141219, 2.5167072061321396, 0.9856086159070804, 1.111427094948162
22.65964506075401, 2.526842493433189, 0.9856086159070804, 1.111427094948162
22.750109647877462, 2.5368356207433473, 0.9856086159070804, 1.111427094948162
22.840588018003245, 2.5466799576039207, 0.9856086159070804, 1.111427094948162
22.93108083635188, 2.5563688735561936, 0.9856086159070804, 1.111427094948162
23.021588768144024, 2.5658957381414638, 0.9856086159070804, 1.111427094948162
23.112112478600306, 2.5752539209010297, 0.9856086159070804, 1.111427094948162
23.202652632941266, 2.584436791376178, 0.9856086159070804, 1.111427094948162
23.293209896387594, 2.5934377191082114, 0.9856086159070804, 1.111427094948162
23.383784934159777, 2.602250073638413, 0.9856086159070804, 1.111427094948162
23.474378411478508, 2.610867224508084, 0.9856086159070804, 1.111427094948162
23.564990993564415, 2.6192825412585217, 0.9856086159070804, 1.111427094948162
23.65562321968248, 2.627491933130782, 0.9856086159070804, 1.111427094948162
23.746273977910658, 2.6355246030185575, 0.9856086159070804, 1.111427094948162
23.836940994979177, 2.6434331706043306, 0.9856086159070804, 1.111427094948162
23.927621973450016, 2.6512707428885713, 0.9856086159070804, 1.111427094948162
24.018314615885167, 2.659090426871751, 0.9856086159070804, 1.111427094948162
24.109016624846475, 2.66694532955433, 0.9856086159070804, 1.111427094948162
24.199725702895993, 2.674888557936785, 0.9856086159070804, 1.111427094948162
24.290439552595544, 2.682973219019572, 0.9856086159070804, 1.111427094948162
24.38115587650713, 2.691252419803164, 0.9856086159070804, 1.111427094948162
24.471872377192746, 2.699779267288034, 0.9856086159070804, 1.111427094948162
24.56258675721423, 2.708606868474639, 0.9856086159070804, 1.111427094948162
24.65329671913362, 2.717788330363457, 0.9856086159070804, 1.111427094948162
24.74399996551277, 2.7273767599549443, 0.9856086159070804, 1.111427094948162
24.83469419891366, 2.7374252642495733, 0.9856086159070804, 1.111427094948162
24.925377121898293, 2.7479869502478187, 0.9856086159070804, 1.111427094948162
25.016046437028503, 2.7591149249501354, 0.9856086159070804, 1.111427094948162
25.10669984686634, 2.7708622953570035, 0.9856086159070804, 1.111427094948162
25.197335053973642, 2.783282168468877, 0.9856086159070804, 1.111427094948162
25.287949759706763, 2.7964276529892116, 0.9856086159070804, 1.111427094948162
25.378512268772557, 2.8103933806683936, 0.9856086159070804, 1.111427094948162
25.468885230719614, 2.825423222172338, 0.9856086159070804, 1.111427094948162
25.55890756698669, 2.8417945643480005, 0.9856086159070804, 1.111427094948162
25.64841819901237, 2.8597847940423065, 0.9856086159070804, 1.111427094948162
25.737256048235366, 2.8796712981022043, 0.9856086159070804, 1.111427094948162
25.82526003609441, 2.901731463374648, 0.9856086159070804, 1.111427094948162
25.912269084028065, 2.926242676706555, 0.9856086159070804, 1.111427094948162
25.9981221134751, 2.9534823249448934, 0.9856086159070804, 1.111427094948162
26.08270341439899, 2.9836483146186694, 0.9856086159070804, 1.111427094948162
26.16611342664212, 3.016559883099808, 0.9856086159070804, 1.111427094948162
26.248516891605085, 3.051923618995522, 0.9856086159070804, 1.111427094948162
26.330078561378766, 3.089446092184553, 0.9856086159070804, 1.111427094948162
26.41096318805425, 3.128833872545723, 0.9856086159070804, 1.111427094948162
26.491335523722412, 3.1697935299577704, 0.9856086159070804, 1.111427094948162
26.5713603204743, 3.212031634299499, 0.9856086159070804, 1.111427094948162
26.651199498838192, 3.2552585931987785, 0.9856086159070804, 1.111427094948162
26.73091579929515, 3.299319237627225, 0.9856086159070804, 1.111427094948162
26.81044909575112, 3.3442249253569374, 0.9856086159070804, 1.111427094948162
26.889731625027398, 3.3899973650566655, 0.9856086159070804, 1.111427094948162
26.968695623945436, 3.4366582653952404, 0.9856086159070804, 1.111427094948162
27.04727332932667, 3.4842293350414892, 0.9856086159070804, 1.111427094948162
27.1253969779924, 3.532732282664162, 0.9856086159070804, 1.111427094948162
27.20299880676409, 3.58218881693209, 0.9856086159070804, 1.111427094948162
27.280011052463163, 3.632620646514103, 0.9856086159070804, 1.111427094948162
27.35636595191093, 3.6840494800789467, 0.9856086159070804, 1.111427094948162
27.431995741928876, 3.736497026295484, 0.9856086159070804, 1.111427094948162
27.506832659338325, 3.7899849938324577, 0.9856086159070804, 1.111427094948162
27.580808940960704, 3.844535091358699, 0.9856086159070804, 1.111427094948162
27.653856823617456, 3.9001690275430434, 0.9856086159070804, 1.111427094948162
27.725908544129897, 3.9569085110542326, 0.9856086159070804, 1.111427094948162
27.796896339319503, 4.01477525056113, 0.9856086159070804, 1.111427094948162
27.866752446007588, 4.073790954732477, 0.9856086159070804, 1.111427094948162
27.935409101015598, 4.133977332237106, 0.9856086159070804, 1.111427094948162
28.002798541164964, 4.195356091743856, 0.9856086159070804, 1.111427094948162
28.068853003277017, 4.257948941921463, 0.9856086159070804, 1.111427094948162
28.133504724173207, 4.321777591438797, 0.9856086159070804, 1.111427094948162
28.196685940674882, 4.38686374896459, 0.9856086159070804, 1.111427094948162
28.258328889603455, 4.45322912316768, 0.9856086159070804, 1.111427094948162
28.318365807780374, 4.52089542271691, 0.9856086159070804, 1.111427094948162
28.376728932026957, 4.589884356281007, 0.9856086159070804, 1.111427094948162
28.43335049916468, 4.66021763252885, 0.9856086159070804, 1.111427094948162
28.48816336629716, 4.7319164259647755, 0.9856086159070804, 1.111427094948162
28.541132887155197, 4.804973926188342, 0.9856086159070804, 1.111427094948162
28.592272243720164, 4.879342134861708, 0.9856086159070804, 1.111427094948162
28.641598448884558, 4.95496975460647, 0.9856086159070804, 1.111427094948162
28.689128515540986, 5.031805488044395, 0.9856086159070804, 1.111427094948162
28.734879456581957, 5.109798037797081, 0.9856086159070804, 1.111427094948162
28.77886828490006, 5.1888961064862515, 0.9856086159070804, 1.111427094948162
28.821112013387868, 5.269048396733636, 0.9856086159070804, 1.111427094948162
28.86162765493791, 5.35020361116083, 0.9856086159070804, 1.111427094948162
28.900432222442763, 5.4323104523896015, 0.9856086159070804, 1.111427094948162
28.937542728794973, 5.515317623041547, 0.9856086159070804, 1.111427094948162
28.972976186887102, 5.599173825738392, 0.9856086159070804, 1.111427094948162
29.00674960961173, 5.683827763101867, 0.9856086159070804, 1.111427094948162
29.038880009861387, 5.769228137753562, 0.9856086159070804, 1.111427094948162
29.06938440052866, 5.855323652315255, 0.9856086159070804, 1.111427094948162
29.098279794506066, 5.942063009408529, 0.9856086159070804, 1.111427094948162
29.1255832046862, 6.02939491165512, 0.9856086159070804, 1.111427094948162
29.151311643961623, 6.117268061676755, 0.9856086159070804, 1.111427094948162
29.175482125224868, 6.205631162095024, 0.9856086159070804, 1.111427094948162
29.19811166136853, 6.294432915531704, 0.9856086159070804, 1.111427094948162
29.21921726528512, 6.383622024608382, 0.9856086159070804, 1.111427094948162
29.23881594986723, 6.473147191946788, 0.9856086159070804, 1.111427094948162
29.25692472800742, 6.562957120168655, 0.9856086159070804, 1.111427094948162
29.27356061259823, 6.653000511895568, 0.9856086159070804, 1.111427094948162
29.288740616532248, 6.7432260697493085, 0.9856086159070804, 1.111427094948162
29.302481752701993, 6.833582496351459, 0.9856086159070804, 1.111427094948162
29.31480176746119, 6.924020583618219, 0.9856086159070804, 1.111427094948162
29.325727506300915, 7.014517042736307, 0.9856086159070804, 1.111427094948162
29.33529196900215, 7.105066115642463, 0.9856086159070804, 1.111427094948162
29.343528271460052, 7.195662375029603, 0.9856086159070804, 1.111427094948162
29.35046952956974, 7.286300393590434, 0.9856086159070804, 1.111427094948162
29.35614885922635, 7.376974744017817, 0.9856086159070804, 1.111427094948162
29.36059937632503, 7.467679999004615, 0.9856086159070804, 1.111427094948162
29.363854196760904, 7.558410731243534, 0.9856086159070804, 1.111427094948162
29.365946436429113, 7.649161513427485, 0.9856086159070804, 1.111427094948162
29.36690921122479, 7.73992691824918, 0.9856086159070804, 1.111427094948162
29.366775637043073, 7.8307015184014785, 0.9856086159070804, 1.111427094948162
29.36557882977909, 7.921479886577242, 0.9856086159070804, 1.111427094948162
29.363351905327992, 8.012256595469179, 0.9856086159070804, 1.111427094948162
29.360127979584906, 8.10302621777015, 0.9856086159070804, 1.111427094948162
29.355940168444967, 8.193783326173016, 0.9856086159070804, 1.111427094948162
29.350821587803306, 8.284522493370485, 0.9856086159070804, 1.111427094948162
29.344805353555067, 8.375238292055469, 0.9856086159070804, 1.111427094948162
29.337924581595388, 8.465925294920682, 0.9856086159070804, 1.111427094948162
29.330212387819397, 8.556578074658976, 0.9856086159070804, 1.111427094948162
29.321701888122227, 8.647191203963217, 0.9856086159070804, 1.111427094948162
29.312426198399027, 8.737759255526116, 0.9856086159070804, 1.111427094948162
29.302418434544926, 8.828276802040582, 0.9856086159070804, 1.111427094948162
29.29171171245505, 8.918738416199322, 0.9856086159070804, 1.111427094948162
29.28033914802456, 9.009138670695203, 0.9856086159070804, 1.111427094948162
29.268333857148566, 9.099472138221078, 0.9856086159070804, 1.111427094948162
29.255728955722205, 9.189733391469657, 0.9856086159070804, 1.111427094948162
29.242557559640623, 9.279917003133859, 0.9856086159070804, 1.111427094948162
29.228852784798963, 9.370017545906386, 0.9856086159070804, 1.111427094948162
29.214646480445733, 9.460030094432707, 0.9856086159070804, 1.111427094948162
29.199958943881448, 9.54995430121792, 0.9856086159070804, 1.111427094948162
29.184804293155352, 9.639792267509394, 0.9856086159070804, 1.111427094948162
29.16919658792942, 9.729546117692646, 0.9856086159070804, 1.111427094948162
29.15314988786568, 9.819217976153, 0.9856086159070804, 1.111427094948162
29.136678252626137, 9.90880996727593, 0.9856086159070804, 1.111427094948162
29.119795741872775, 9.998324215446905, 0.9856086159070804, 1.111427094948162
29.10251641526762, 10.08776284505125, 0.9856086159070804, 1.111427094948162
29.084854332472677, 10.177127980474484, 0.9856086159070804, 1.111427094948162
29.06682355314995, 10.266421746101935, 0.9856086159070804, 1.111427094948162
29.048438136961447, 10.35564626631907, 0.9856086159070804, 1.111427094948162
29.029712143569153, 10.44480366551136, 0.9856086159070804, 1.111427094948162
29.010659632635104, 10.533896068064134, 0.9856086159070804, 1.111427094948162
28.99129466382127, 10.622925598362908, 0.9856086159070804, 1.111427094948162
28.971631296789706, 10.711894380793005, 0.9856086159070804, 1.111427094948162
28.951683591202386, 10.800804539739902, 0.9856086159070804, 1.111427094948162
28.931465606721307, 10.889658199589068, 0.9856086159070804, 1.111427094948162
28.910991403008495, 10.97845748472582, 0.9856086159070804, 1.111427094948162
28.890275039725942, 11.067204519535688, 0.9856086159070804, 1.111427094948162
28.869330576535667, 11.155901428403991, 0.9856086159070804, 1.111427094948162
28.848172073099683, 11.244550335716205, 0.9856086159070804, 1.111427094948162
28.826813589079958, 11.333153365857793, 0.9856086159070804, 1.111427094948162
28.805269184138535, 11.421712643214088, 0.9856086159070804, 1.111427094948162
28.783552917937403, 11.510230292170606, 0.9856086159070804, 1.111427094948162
28.761678850138576, 11.59870843711267, 0.9856086159070804, 1.111427094948162
28.73966104040406, 11.687149202425752, 0.9856086159070804, 1.111427094948162
28.717513548395843, 11.775554712495325, 0.9856086159070804, 1.111427094948162
28.695250433775957, 11.863927091706712, 0.9856086159070804, 1.111427094948162
28.672885756206384, 11.952268464445433, 0.9856086159070804, 1.111427094948162
28.65043357534914, 12.040580955096809, 0.9856086159070804, 1.111427094948162
28.62790795086624, 12.128866688046319, 0.9856086159070804, 1.111427094948162
28.605322942419676, 12.21712778767943, 0.9856086159070804, 1.111427094948162
28.58269260967147, 12.305366378381466, 0.9856086159070804, 1.111427094948162
28.56003101228359, 12.393584584537944, 0.9856086159070804, 1.111427094948162
28.537352209918105, 12.481784530534199, 0.9856086159070804, 1.111427094948162
28.51466993736908, 12.569968315296526, 0.9856086159070804, 1.111427094948162
28.49199108185093, 12.65813750112192, 0.9856086159070804, 1.111427094948162
28.469316012900208, 12.746293139531552, 0.9856086159070804, 1.111427094948162
28.44664484121639, 12.83443626176232, 0.9856086159070804, 1.111427094948162
28.42397767749894, 12.92256789905091, 0.9856086159070804, 1.111427094948162
28.40131463244734, 13.01068908263418, 0.9856086159070804, 1.111427094948162
28.37865581676103, 13.098800843748968, 0.9856086159070804, 1.111427094948162
28.356001341139507, 13.186904213631976, 0.9856086159070804, 1.111427094948162
28.33335131628224, 13.275000223520045, 0.9856086159070804, 1.111427094948162
28.310705852888685, 13.363089904650028, 0.9856086159070804, 1.111427094948162
28.288065061658326, 13.45117428825861, 0.9856086159070804, 1.111427094948162
28.26542905329062, 13.539254405582703, 0.9856086159070804, 1.111427094948162
28.242797938485058, 13.627331287858985, 0.9856086159070804, 1.111427094948162
28.220171827941094, 13.71540596632431, 0.9856086159070804, 1.111427094948162
28.197550832358182, 13.803479472215528, 0.9856086159070804, 1.111427094948162
28.174935062435832, 13.891552836769334, 0.9856086159070804, 1.111427094948162
28.152324628873473, 13.979627091222612, 0.9856086159070804, 1.111427094948162
28.12971964237061, 14.067703266812075, 0.9856086159070804, 1.111427094948162
28.1071202136267, 14.155782394774562, 0.9856086159070804, 1.111427094948162
28.084526453341198, 14.243865506346914, 0.9856086159070804, 1.111427094948162
28.061938472213583, 14.331953632765831, 0.9856086159070804, 1.111427094948162
28.03935638094334, 14.420047805268212, 0.9856086159070804, 1.111427094948162
28.01678029022993, 14.508149055090751, 0.9856086159070804, 1.111427094948162
27.994210310772814, 14.596258413470293, 0.9856086159070804, 1.111427094948162
27.971646553271473, 14.684376911643685, 0.9856086159070804, 1.111427094948162
27.949089128425378, 14.772505580847625, 0.9856086159070804, 1.111427094948162
27.926538146933982, 14.860645452319007, 0.9856086159070804, 1.111427094948162
27.903993719496782, 14.948797557294522, 0.9856086159070804, 1.111427094948162
27.88145595681323, 15.036962927011023, 0.9856086159070804, 1.111427094948162
27.858924969582795, 15.125142592705354, 0.9856086159070804, 1.111427094948162
27.83640086850495, 15.213337585614207, 0.9856086159070804, 1.111427094948162
27.81388376427916, 15.301548936974486, 0.9856086159070804, 1.111427094948162
27.791373767604924, 15.389777678022881, 0.9856086159070804, 1.111427094948162
27.768870989181675, 15.478024839996241, 0.9856086159070804, 1.111427094948162
27.7463755397089, 15.566291454131408, 0.9856086159070804, 1.111427094948162
27.72388752988607, 15.654578551665084, 0.9856086159070804, 1.111427094948162
27.70140707041264, 15.742887163834158, 0.9856086159070804, 1.111427094948162
27.678934271988112, 15.831218321875332, 0.9856086159070804, 1.111427094948162
27.656469245311936, 15.919573057025453, 0.9856086159070804, 1.111427094948162
27.634012101083567, 16.00795240052136, 0.9856086159070804, 1.111427094948162
27.611562950002504, 16.096357383599752, 0.9856086159070804, 1.111427094948162
27.58912190276819, 16.18478903749753, 0.9856086159070804, 1.111427094948162
27.56668900986344, 16.273248364407415, 0.9856086159070804, 1.111427094948162
27.54425661023456, 16.361732647060958, 0.9856086159070804, 1.111427094948162
27.521801831487526, 16.45023183139081, 0.9856086159070804, 1.111427094948162
27.499300020379977, 16.53873500438307, 0.9856086159070804, 1.111427094948162
27.476726523669488, 16.627231253024014, 0.9856086159070804, 1.111427094948162
27.454056688113702, 16.715709664299734, 0.9856086159070804, 1.111427094948162
27.431265860470223, 16.80415932519646, 0.9856086159070804, 1.111427094948162
27.40832938749664, 16.892569322700425, 0.9856086159070804, 1.111427094948162
27.385222615950575, 16.98092874379772, 0.9856086159070804, 1.111427094948162
27.36192089258963, 17.069226675474617, 0.9856086159070804, 1.111427094948162
27.33839956417143, 17.15745220471722, 0.9856086159070804, 1.111427094948162
27.31463397745358, 17.24559441851175, 0.9856086159070804, 1.111427094948162
27.290599479193666, 17.333642403844447, 0.9856086159070804, 1.111427094948162
27.26627141614933, 17.421585247701397, 0.9856086159070804, 1.111427094948162
27.24162513507816, 17.509412037068884, 0.9856086159070804, 1.111427094948162
27.216635982737785, 17.597111858932987, 0.9856086159070804, 1.111427094948162
27.191279305885796, 17.684673800279953, 0.9856086159070804, 1.111427094948162
27.165530451279796, 17.772086948096007, 0.9856086159070804, 1.111427094948162
27.139364765677417, 17.859340389367233, 0.9856086159070804, 1.111427094948162
27.112757595836253, 17.946423211079924, 0.9856086159070804, 1.111427094948162
27.085684288513924, 18.033324500220164, 0.9856086159070804, 1.111427094948162
27.05812019046803, 18.12003334377418, 0.9856086159070804, 1.111427094948162
27.03004064845618, 18.206538828728213, 0.9856086159070804, 1.111427094948162
27.001421009235997, 18.292830042068346, 0.9856086159070804, 1.111427094948162
26.972236619565077, 18.378896070780815, 0.9856086159070804, 1.111427094948162
26.94246282620102, 18.464726001851854, 0.9856086159070804, 1.111427094948162
26.912074975901465, 18.550308922267547, 0.9856086159070804, 1.111427094948162
26.88104841542398, 18.635633919014182, 0.9856086159070804, 1.111427094948162
26.849358491526225, 18.720690079077844, 0.9856086159070804, 1.111427094948162
26.81698055096578, 18.80546648944477, 0.9856086159070804, 1.111427094948162
26.783889940500234, 18.889952237101184, 0.9856086159070804, 1.111427094948162
26.75006200688724, 18.97413640903318, 0.9856086159070804, 1.111427094948162
26.71547209688438, 19.05800809222704, 0.9856086159070804, 1.111427094948162
26.68009555724927, 19.14155637366885, 0.9856086159070804, 1.111427094948162
26.643907734739535, 19.22477034034485, 0.9856086159070804, 1.111427094948162
26.606883976112748, 19.307639079241262, 0.9856086159070804, 1.111427094948162
26.568999628126548, 19.390151677344186, 0.9856086159070804, 1.111427094948162
26.53023003753852, 19.47229722163989, 0.9856086159070804, 1.111427094948162
26.49055055110631, 19.554064799114478, 0.9856086159070804, 1.111427094948162
26.44993747810739, 19.635443249446723, 0.9856086159070804, 1.111427094948162
26.40838243206059, 19.716417480081905, 0.9856086159070804, 1.111427094948162
26.365889286840943, 19.796969248319947, 0.9856086159070804, 1.111427094948162
26.322462260665965, 19.877080222986383, 0.9856086159070804, 1.111427094948162
26.27810557175329, 19.95673207290662, 0.9856086159070804, 1.111427094948162
26.232823438320473, 20.035906466906166, 0.9856086159070804, 1.111427094948162
26.18662007858506, 20.114585073810535, 0.9856086159070804, 1.111427094948162
26.13949971076469, 20.19274956244512, 0.9856086159070804, 1.111427094948162
26.091466553076874, 20.270381601635464, 0.9856086159070804, 1.111427094948162
26.042524823739264, 20.347462860206974, 0.9856086159070804, 1.111427094948162
25.992678740969392, 20.423975006985152, 0.9856086159070804, 1.111427094948162
25.94193252298481, 20.49989971079551, 0.9856086159070804, 1.111427094948162
25.890290388003162, 20.575218640463447, 0.9856086159070804, 1.111427094948162
25.83775655424197, 20.649913464814514, 0.9856086159070804, 1.111427094948162
25.784335239918857, 20.723965852674088, 0.9856086159070804, 1.111427094948162
25.730030663251384, 20.797357472867702, 0.9856086159070804, 1.111427094948162
25.674847042457092, 20.87006999422086, 0.9856086159070804, 1.111427094948162
25.618788595753625, 20.942085085558954, 0.9856086159070804, 1.111427094948162
25.561859541358498, 21.013384415707534, 0.9856086159070804, 1.111427094948162
25.504064097489344, 21.08394965349199, 0.9856086159070804, 1.111427094948162
25.44540648236371, 21.153762467737845, 0.9856086159070804, 1.111427094948162
25.385890914199152, 21.2228045272706, 0.9856086159070804, 1.111427094948162
25.32552161121332, 21.29105750091566, 0.9856086159070804, 1.111427094948162
25.264302791623706, 21.358503057498567, 0.9856086159070804, 1.111427094948162
25.202238673647955, 21.42512286584471, 0.9856086159070804, 1.111427094948162
25.13933347550363, 21.490898594779612, 0.9856086159070804, 1.111427094948162
25.07559141540826, 21.55581191312877, 0.9856086159070804, 1.111427094948162
25.011016711579494, 21.61984448971759, 0.9856086159070804, 1.111427094948162
24.94561358223484, 21.682977993371622, 0.9856086159070804, 1.111427094948162
24.879386245591956, 21.745194092916257, 0.9856086159070804, 1.111427094948162
24.81233891986837, 21.806474457177007, 0.9856086159070804, 1.111427094948162
24.74447582328163, 21.866800754979376, 0.9856086159070804, 1.111427094948162
24.675801681910617, 21.926155691700384, 0.9856086159070804, 1.111427094948162
24.606329788295223, 21.984539456980276, 0.9856086159070804, 1.111427094948162
24.536080562105866, 22.041966787028517, 0.9856086159070804, 1.111427094948162
24.465074639951027, 22.09845286082851, 0.9856086159070804, 1.111427094948162
24.393332658439213, 22.154012857363664, 0.9856086159070804, 1.111427094948162
24.32087525417906, 22.208661955617316, 0.9856086159070804, 1.111427094948162
24.24772306377907, 22.26241533457288, 0.9856086159070804, 1.111427094948162
24.173896723847744, 22.31528817321376, 0.9856086159070804, 1.111427094948162
24.099416870993714, 22.367295650523282, 0.9856086159070804, 1.111427094948162
24.024304141825436, 22.41845294548489, 0.9856086159070804, 1.111427094948162
23.948579172951543, 22.468775237081914, 0.9856086159070804, 1.111427094948162
23.872262600980527, 22.518277704297756, 0.9856086159070804, 1.111427094948162
23.79537506252091, 22.566975526115836, 0.9856086159070804, 1.111427094948162
23.717937194181314, 22.614883881519482, 0.9856086159070804, 1.111427094948162
23.63996963257019, 22.66201794949213, 0.9856086159070804, 1.111427094948162
23.561493014296175, 22.70839290901711, 0.9856086159070804, 1.111427094948162
23.48252797596778, 22.754023939077836, 0.9856086159070804, 1.111427094948162
23.403095154193487, 22.798926218657712, 0.9856086159070804, 1.111427094948162
23.323215185581944, 22.843114926740064, 0.9856086159070804, 1.111427094948162
23.242908706741606, 22.886605242308345, 0.9856086159070804, 1.111427094948162
23.1621963542811, 22.92941234434588, 0.9856086159070804, 1.111427094948162
23.081098764808935, 22.971551411836074, 0.9856086159070804, 1.111427094948162
22.999636574933604, 23.013037623762333, 0.9856086159070804, 1.111427094948162
22.917830421263744, 23.053886159108, 0.9856086159070804, 1.111427094948162
22.8357009404078, 23.094112196856496, 0.9856086159070804, 1.111427094948162
22.753268768974433, 23.13373091599117, 0.9856086159070804, 1.111427094948162
22.67055454357212, 23.17275749549542, 0.9856086159070804, 1.111427094948162
22.58757890080937, 23.211207114352653, 0.9856086159070804, 1.111427094948162
22.50436247729482, 23.24909495154622, 0.9856086159070804, 1.111427094948162
22.420925909636917, 23.28643618605954, 0.9856086159070804, 1.111427094948162
22.337289834444302, 23.32324599687594, 0.9856086159070804, 1.111427094948162
22.25347488832547, 23.359539562978842, 0.9856086159070804, 1.111427094948162
22.169501707888926, 23.39533206335164, 0.9856086159070804, 1.111427094948162
22.08538993873635, 23.430638966122295, 0.9856086159070804, 1.111427094948162
22.00114965762312, 23.465478531306577, 0.9856086159070804, 1.111427094948162
21.916785583675225, 23.499870582107683, 0.9856086159070804, 1.111427094948162
21.832302377133683, 23.533834958909598, 0.9856086159070804, 1.111427094948162
21.74770469823949, 23.567391502096314, 0.9856086159070804, 1.111427094948162
21.6629972072338, 23.600560052051755, 0.9856086159070804, 1.111427094948162
21.578184564357574, 23.633360449159927, 0.9856086159070804, 1.111427094948162
21.49327142985196, 23.665812533804772, 0.9856086159070804, 1.111427094948162
21.408262463957964, 23.697936146370267, 0.9856086159070804, 1.111427094948162
21.323162326916595, 23.7297511272404, 0.9856086159070804, 1.111427094948162
21.23797567896901, 23.76127731679912, 0.9856086159070804, 1.111427094948162
21.152707180356163, 23.792534555430414, 0.9856086159070804, 1.111427094948162
21.067361491319208, 23.82354268351822, 0.9856086159070804, 1.111427094948162
20.981943272099148, 23.854321541446524, 0.9856086159070804, 1.111427094948162
20.89645718293699, 23.88489096959932, 0.9856086159070804, 1.111427094948162
20.810907884073888, 23.915270808360525, 0.9856086159070804, 1.111427094948162
20.7253000357508, 23.945480898114152, 0.9856086159070804, 1.111427094948162
20.63963829820888, 23.975541079244145, 0.9856086159070804, 1.111427094948162
20.553927331689128, 24.005471192134472, 0.9856086159070804, 1.111427094948162
20.468171796432557, 24.03529107716914, 0.9856086159070804, 1.111427094948162
20.382376352680318, 24.06502057473207, 0.9856086159070804, 1.111427094948162
20.29654566067337, 24.094679525207265, 0.9856086159070804, 1.111427094948162
20.21068438065286, 24.12428776897866, 0.9856086159070804, 1.111427094948162
20.124797172859804, 24.153865146430253, 0.9856086159070804, 1.111427094948162
20.038888697535203, 24.183431497946014, 0.9856086159070804, 1.111427094948162
19.952963614920204, 24.21300666390988, 0.9856086159070804, 1.111427094948162
19.86702658525578, 24.242610484705864, 0.9856086159070804, 1.111427094948162
19.781082268783063, 24.272262800717893, 0.9856086159070804, 1.111427094948162
19.69513532574307, 24.30198345232995, 0.9856086159070804, 1.111427094948162
19.609190416376816, 24.331792279926034, 0.9856086159070804, 1.111427094948162
19.523252200925437, 24.361709123890066, 0.9856086159070804, 1.111427094948162
19.43732533962995, 24.391753824606038, 0.9856086159070804, 1.111427094948162
19.35141449273136, 24.421946222457937, 0.9856086159070804, 1.111427094948162
19.265524320470824, 24.452306157829703, 0.9856086159070804, 1.111427094948162
19.179659483089292, 24.482853471105326, 0.9856086159070804, 1.111427094948162
19.093824640827915, 24.513608002668743, 0.9856086159070804, 1.111427094948162
19.008024453927707, 24.54458959290395, 0.9856086159070804, 1.111427094948162
18.922264535089145, 24.575817812825353, 0.9856086159070804, 1.111427094948162
18.83655687332484, 24.607310430132305, 0.9856086159070804, 1.111427094948162
18.7509160752706, 24.639084472221803, 0.9856086159070804, 1.111427094948162
18.665356755554047, 24.67115696423057, 0.9856086159070804, 1.111427094948162
18.579893528802703, 24.703544931295408, 0.9856086159070804, 1.111427094948162
18.494541009644063, 24.7362653985531, 0.9856086159070804, 1.111427094948162
18.409313812705772, 24.7693353911404, 0.9856086159070804, 1.111427094948162
18.324226552615283, 24.802771934194105, 0.9856086159070804, 1.111427094948162
18.23929384400025, 24.83659205285098, 0.9856086159070804, 1.111427094948162
18.15453030148818, 24.870812772247795, 0.9856086159070804, 1.111427094948162
18.06995053970656, 24.905451117521356, 0.9856086159070804, 1.111427094948162
17.985569173283046, 24.940524113808408, 0.9856086159070804, 1.111427094948162
17.901400816845094, 24.97604878624575, 0.9856086159070804, 1.111427094948162
17.817460085020347, 25.01204215997013, 0.9856086159070804, 1.111427094948162
17.733761592436306, 25.048521260118346, 0.9856086159070804, 1.111427094948162
17.650319953720476, 25.08550311182719, 0.9856086159070804, 1.111427094948162
17.5671497835005, 25.12300474023339, 0.9856086159070804, 1.111427094948162
17.484265696403845, 25.161043170473786, 0.9856086159070804, 1.111427094948162
17.401682307058138, 25.19963542768509, 0.9856086159070804, 1.111427094948162
17.3194142300909, 25.238798537004115, 0.9856086159070804, 1.111427094948162
17.237476080129625, 25.27854952356766, 0.9856086159070804, 1.111427094948162
17.15588247180195, 25.318905412512432, 0.9856086159070804, 1.111427094948162
17.074648019735346, 25.359883228975278, 0.9856086159070804, 1.111427094948162
16.993787338557457, 25.401499998092934, 0.9856086159070804, 1.111427094948162
16.913315042895775, 25.443772745002175, 0.9856086159070804, 1.111427094948162
16.83324574737782, 25.486718494839817, 0.9856086159070804, 1.111427094948162
16.753594066631212, 25.53035427274258, 0.9856086159070804, 1.111427094948162
16.674374615283433, 25.574697103847303, 0.9856086159070804, 1.111427094948162
16.595602007962114, 25.619764013290702, 0.9856086159070804, 1.111427094948162
16.51729085929476, 25.665572026209585, 0.9856086159070804, 1.111427094948162
16.439455783908883, 25.71213816774075, 0.9856086159070804, 1.111427094948162
16.362111396432113, 25.759479463020913, 0.9856086159070804, 1.111427094948162
16.28527231149192, 25.807612937186914, 0.9856086159070804, 1.111427094948162
16.208953143715938, 25.856555615375477, 0.9856086159070804, 1.111427094948162
16.133168507731675, 25.906324522723413, 0.9856086159070804, 1.111427094948162
16.05793301816664, 25.956936684367506, 0.9856086159070804, 1.111427094948162
15.983261289648468, 26.008409125444484, 0.9856086159070804, 1.111427094948162
15.909167936804627, 26.06075887109119, 0.9856086159070804, 1.111427094948162
15.835667574262743, 26.114002946444327, 0.9856086159070804, 1.111427094948162
15.762774816650335, 26.16815837664071, 0.9856086159070804, 1.111427094948162
15.690504278594911, 26.223242186817153, 0.9856086159070804, 1.111427094948162
15.618870574724095, 26.279271402110357, 0.9856086159070804, 1.111427094948162
15.547888331182303, 26.336262964070922, 0.9856086159070804, 1.111427094948162
15.477573618487451, 26.394223331445925, 0.9856086159070804, 1.111427094948162
15.40794534010541, 26.453138402344752, 0.9856086159070804, 1.111427094948162
15.339022728897731, 26.512991684227465, 0.9856086159070804, 1.111427094948162
15.270825017726082, 26.57376668455403, 0.9856086159070804, 1.111427094948162
15.203371439451976, 26.635446910784538, 0.9856086159070804, 1.111427094948162
15.13668122693708, 26.69801587037897, 0.9856086159070804, 1.111427094948162
15.070773613042956, 26.76145707079739, 0.9856086159070804, 1.111427094948162
15.005667830631147, 26.825754019499872, 0.9856086159070804, 1.111427094948162
14.94138311256332, 26.890890223946364, 0.9856086159070804, 1.111427094948162
14.877938691701033, 26.95684919159694, 0.9856086159070804, 1.111427094948162
14.81535380090584, 27.02361442991168, 0.9856086159070804, 1.111427094948162
14.753647673039398, 27.091169446350534, 0.9856086159070804, 1.111427094948162
14.692839540963238, 27.159497748373617, 0.9856086159070804, 1.111427094948162
14.632948637539005, 27.22858284344088, 0.9856086159070804, 1.111427094948162
14.57399419562827, 27.298408239012396, 0.9856086159070804, 1.111427094948162
14.515995448092584, 27.36895744254824, 0.9856086159070804, 1.111427094948162
14.458971627793606, 27.440213961508366, 0.9856086159070804, 1.111427094948162
14.40294196759286, 27.512161303352887, 0.9856086159070804, 1.111427094948162
14.347925700352002, 27.584782975541753, 0.9856086159070804, 1.111427094948162
14.293942058932592, 27.65806248553504, 0.9856086159070804, 1.111427094948162
14.241009902121345, 27.731983339249194, 0.9856086159070804, 1.111427094948162
14.189129939309842, 27.806528967706946, 0.9856086159070804, 1.111427094948162
14.13827697398241, 27.881682695030207, 0.9856086159070804, 1.111427094948162
14.088423822408611, 27.95742783714051, 0.9856086159070804, 1.111427094948162
14.039543300857922, 28.03374770995949, 0.9856086159070804, 1.111427094948162
13.991608225599816, 28.110625629408798, 0.9856086159070804, 1.111427094948162
13.944591412903847, 28.188044911409946, 0.9856086159070804, 1.111427094948162
13.898465679039472, 28.265988871884627, 0.9856086159070804, 1.111427094948162
13.853203840276242, 28.344440826754347, 0.9856086159070804, 1.111427094948162
13.808778712883633, 28.42338409194075, 0.9856086159070804, 1.111427094948162
13.765163113131122, 28.502801983365476, 0.9856086159070804, 1.111427094948162
13.72232985728827, 28.582677816950063, 0.9856086159070804, 1.111427094948162
13.680251761624527, 28.662994908616177, 0.9856086159070804, 1.111427094948162
13.638901642409436, 28.743736574285332, 0.9856086159070804, 1.111427094948162
13.598252315912488, 28.82488612987919, 0.9856086159070804, 1.111427094948162
13.558276598403156, 28.90642689131937, 0.9856086159070804, 1.111427094948162
13.518947306150984, 28.988342174527407, 0.9856086159070804, 1.111427094948162
13.480237255425441, 29.070615295424975, 0.9856086159070804, 1.111427094948162
13.442119262496073, 29.153229569933604, 0.9856086159070804, 1.111427094948162
13.404566149746891, 29.23616831571118, 0.9856086159070804, 1.111427094948162
13.367558815418258, 29.319417143606685, 0.9856086159070804, 1.111427094948162
13.331102141956032, 29.402968474937474, 0.9856086159070804, 1.111427094948162
13.29520544378396, 29.486815989509573, 0.9856086159070804, 1.111427094948162
13.25987803532587, 29.570953367128844, 0.9856086159070804, 1.111427094948162
13.225129231005532, 29.655374287601262, 0.9856086159070804, 1.111427094948162
13.190968345246718, 29.74007243073282, 0.9856086159070804, 1.111427094948162
13.157404692473246, 29.82504147632936, 0.9856086159070804, 1.111427094948162
13.124447587108875, 29.910275104196927, 0.9856086159070804, 1.111427094948162
13.092106343577427, 29.995766994141373, 0.9856086159070804, 1.111427094948162
13.060390276302668, 30.08151082596866, 0.9856086159070804, 1.111427094948162
13.029308699708375, 30.167500279484795, 0.9856086159070804, 1.111427094948162
12.998870928218366, 30.253729034495613, 0.9856086159070804, 1.111427094948162
12.969086276256402, 30.34019077080717, 0.9856086159070804, 1.111427094948162
12.939964058246296, 30.426879168225287, 0.9856086159070804, 1.111427094948162
12.911513588611822, 30.51378790655596, 0.9856086159070804, 1.111427094948162
12.883744181776757, 30.600910665605195, 0.9856086159070804, 1.111427094948162
12.856665152164917, 30.688241125178816, 0.9856086159070804, 1.111427094948162
12.830285814200058, 30.775772965082865, 0.9856086159070804, 1.111427094948162
12.804615482306001, 30.86349986512319, 0.9856086159070804, 1.111427094948162
12.779663470906522, 30.951415505105782, 0.9856086159070804, 1.111427094948162
12.755439094425391, 31.03951356483663, 0.9856086159070804, 1.111427094948162
12.73195166728642, 31.127787724121557, 0.9856086159070804, 1.111427094948162
12.709210503913381, 31.216231662766642, 0.9856086159070804, 1.111427094948162
12.687224918730083, 31.3048390605777, 0.9856086159070804, 1.111427094948162
12.666004226160299, 31.393603597360716, 0.9856086159070804, 1.111427094948162
12.645557740627805, 31.48251895292169, 0.9856086159070804, 1.111427094948162
12.62589477655642, 31.571578807066473, 0.9856086159070804, 1.111427094948162
12.60702464836991, 31.660776839601038, 0.9856086159070804, 1.111427094948162
12.588956670492061, 31.750106730331392, 0.9856086159070804, 1.111427094948162
12.57170015734668, 31.839562159063362, 0.9856086159070804, 1.111427094948162
12.555264423357531, 31.929136805602997, 0.9856086159070804, 1.111427094948162
12.539658782948429, 32.01882434975614, 0.9856086159070804, 1.111427094948162
12.524892550543147, 32.10861847132877, 0.9856086159070804, 1.111427094948162
12.510975040565468, 32.19851285012688, 0.9856086159070804, 1.111427094948162
12.497915567439192, 32.288501165956326, 0.9856086159070804, 1.111427094948162
12.485723445588095, 32.37857709862313, 0.9856086159070804, 1.111427094948162
12.474407989435981, 32.468734327933156, 0.9856086159070804, 1.111427094948162
12.463978513406632, 32.55896653369236, 0.9856086159070804, 1.111427094948162
12.45444433192383, 32.64926739570678, 0.9856086159070804, 1.111427094948162
12.445813210877432, 32.73963075770965, 0.9856086159070804, 1.111427094948162
12.438078816867657, 32.83005195598194, 0.9856086159070804, 1.111427094948162
12.43122728480178, 32.92052712410765, 0.9856086159070804, 1.111427094948162
12.42524467874796, 33.01105240316996, 0.9856086159070804, 1.111427094948162
12.420117062774331, 33.10162393425203, 0.9856086159070804, 1.111427094948162
12.41583050094904, 33.19223785843685, 0.9856086159070804, 1.111427094948162
12.41237105734024, 33.28289031680763, 0.9856086159070804, 1.111427094948162
12.409724796016075, 33.3735774504474, 0.9856086159070804, 1.111427094948162
12.407877781044693, 33.464295400439326, 0.9856086159070804, 1.111427094948162
12.406816076494245, 33.55504030786656, 0.9856086159070804, 1.111427094948162
12.40652574643287, 33.64580831381211, 0.9856086159070804, 1.111427094948162
12.406992854928715, 33.736595559359195, 0.9856086159070804, 1.111427094948162
12.408203466049935, 33.82739818559083, 0.9856086159070804, 1.111427094948162
12.41014364386467, 33.91821233359017, 0.9856086159070804, 1.111427094948162
12.412799452441067, 34.00903414444038, 0.9856086159070804, 1.111427094948162
12.416156955847281, 34.09985975922448, 0.9856086159070804, 1.111427094948162
12.420202218151454, 34.190685319025675, 0.9856086159070804, 1.111427094948162
12.424921303421726, 34.28150696492697, 0.9856086159070804, 1.111427094948162
12.430300275726252, 34.37232083801153, 0.9856086159070804, 1.111427094948162
12.436325199133181, 34.46312307936254, 0.9856086159070804, 1.111427094948162
12.442982137710652, 34.55390983006297, 0.9856086159070804, 1.111427094948162
12.450257155526817, 34.64467723119607, 0.9856086159070804, 1.111427094948162
12.458136316649822, 34.73542142384485, 0.9856086159070804, 1.111427094948162
12.466605685147814, 34.82613854909244, 0.9856086159070804, 1.111427094948162
12.475651325088945, 34.91682474802204, 0.9856086159070804, 1.111427094948162
12.485259300541346, 35.00747616171663, 0.9856086159070804, 1.111427094948162
12.495415675573186, 35.09808893125944, 0.9856086159070804, 1.111427094948162
12.506106514252597, 35.18865919773349, 0.9856086159070804, 1.111427094948162
12.517317880647722, 35.27918310222192, 0.9856086159070804, 1.111427094948162
12.52903583882673, 35.36965678580792, 0.9856086159070804, 1.111427094948162
12.541246452857743, 35.46007638957447, 0.9856086159070804, 1.111427094948162
12.553935786808927, 35.55043805460481, 0.9856086159070804, 1.111427094948162
12.567089904748412, 35.64073792198194, 0.9856086159070804, 1.111427094948162
12.580694870744352, 35.73097213278901, 0.9856086159070804, 1.111427094948162
12.594736748864909, 35.82113682810921, 0.9856086159070804, 1.111427094948162
12.609201603178203, 35.91122814902553, 0.9856086159070804, 1.111427094948162
12.624075497752406, 36.00124223662119, 0.9856086159070804, 1.111427094948162
12.639344496655644, 36.09117523197919, 0.9856086159070804, 1.111427094948162
12.65499469238726, 36.18102330071143, 0.9856086159070804, 1.111427094948162
12.671014423764625, 36.27078454641656, 0.9856086159070804, 1.111427094948162
12.68739586385805, 36.360460380653755, 0.9856086159070804, 1.111427094948162
12.704131560503786, 36.450052538307645, 0.9856086159070804, 1.111427094948162
12.721214061538088, 36.53956275426287, 0.9856086159070804, 1.111427094948162
12.738635914797177, 36.628992763403865, 0.9856086159070804, 1.111427094948162
12.756389668117318, 36.71834430061531, 0.9856086159070804, 1.111427094948162
12.774467869334734, 36.80761910078167, 0.9856086159070804, 1.111427094948162
12.792863066285674, 36.896818898787565, 0.9856086159070804, 1.111427094948162
12.811567806806398, 36.985945429517606, 0.9856086159070804, 1.111427094948162
12.830574638733125, 37.07500042785629, 0.9856086159070804, 1.111427094948162
12.849876109902116, 37.16398562868823, 0.9856086159070804, 1.111427094948162
12.869464768149598, 37.252902766897925, 0.9856086159070804, 1.111427094948162
12.889333161311823, 37.34175357737001, 0.9856086159070804, 1.111427094948162
12.909473837225043, 37.430539794989066, 0.9856086159070804, 1.111427094948162
12.92987934372548, 37.519263154639575, 0.9856086159070804, 1.111427094948162
12.950542228649406, 37.60792539120622, 0.9856086159070804, 1.111427094948162
12.971455039833028, 37.69652823957344, 0.9856086159070804, 1.111427094948162
12.99261032511261, 37.785073434625865, 0.9856086159070804, 1.111427094948162
13.014000632324407, 37.87356271124812, 0.9856086159070804, 1.111427094948162
13.035618509304637, 37.96199780432467, 0.9856086159070804, 1.111427094948162
13.057456503889567, 38.05038044874018, 0.9856086159070804, 1.111427094948162
13.079507163915414, 38.13871237937909, 0.9856086159070804, 1.111427094948162
13.101763037218435, 38.22699533112606, 0.9856086159070804, 1.111427094948162
13.124216671634882, 38.31523103886568, 0.9856086159070804, 1.111427094948162
13.146860615000977, 38.40342123748245, 0.9856086159070804, 1.111427094948162
13.16968741515299, 38.49156766186099, 0.9856086159070804, 1.111427094948162
13.192689619927135, 38.579672046885804, 0.9856086159070804, 1.111427094948162
13.215859777159672, 38.66773612744149, 0.9856086159070804, 1.111427094948162
13.23919043468685, 38.755761638412665, 0.9856086159070804, 1.111427094948162
13.262674140344894, 38.84375031468382, 0.9856086159070804, 1.111427094948162
13.28630344197007, 38.93170389113959, 0.9856086159070804, 1.111427094948162
13.31007088739859, 39.01962410266446, 0.9856086159070804, 1.111427094948162
13.333969024466713, 39.107512684143046, 0.9856086159070804, 1.111427094948162
13.3579904010107, 39.19537137045995, 0.9856086159070804, 1.111427094948162
13.382127564866764, 39.28320189649966, 0.9856086159070804, 1.111427094948162
13.406373063871174, 39.37100599714685, 0.9856086159070804, 1.111427094948162
13.43071944586015, 39.45878540728596, 0.9856086159070804, 1.111427094948162
13.455159258669948, 39.54654186180163, 0.9856086159070804, 1.111427094948162
13.479685050136819, 39.634277095578454, 0.9856086159070804, 1.111427094948162
13.504289368096982, 39.721992843500914, 0.9856086159070804, 1.111427094948162
13.528964760386714, 39.80969084045369, 0.9856086159070804, 1.111427094948162
13.55370377484222, 39.89737282132123, 0.9856086159070804, 1.111427094948162
13.57849895929976, 39.985040520988136, 0.9856086159070804, 1.111427094948162
13.603342861595598, 40.07269567433907, 0.9856086159070804, 1.111427094948162
13.628228029565937, 40.160340016258466, 0.9856086159070804, 1.111427094948162
13.653147011047057, 40.247975281631, 0.9856086159070804, 1.111427094948162
13.678092353875172, 40.33560320534114, 0.9856086159070804, 1.111427094948162
13.703056605886538, 40.423225522273505, 0.9856086159070804, 1.111427094948162
13.728032314917412, 40.510843967312695, 0.9856086159070804, 1.111427094948162
13.753012028804006, 40.59846027534321, 0.9856086159070804, 1.111427094948162
13.777988295382597, 40.68607618124969, 0.9856086159070804, 1.111427094948162
13.8029536624894, 40.77369341991661, 0.9856086159070804, 1.111427094948162
13.827900677960663, 40.86131372622858, 0.9856086159070804, 1.111427094948162
13.852821889632656, 40.94893883507024, 0.9856086159070804, 1.111427094948162
13.877709845341583, 41.03657048132604, 0.9856086159070804, 1.111427094948162
13.902557092923722, 41.124210399880646, 0.9856086159070804, 1.111427094948162
13.927356180215286, 41.21186032561853, 0.9856086159070804, 1.111427094948162
13.952099655052534, 41.299521993424314, 0.9856086159070804, 1.111427094948162
13.976780065271717, 41.38719713818261, 0.9856086159070804, 1.111427094948162
14.001389958709055, 41.474887494777875, 0.9856086159070804, 1.111427094948162
14.025921883200805, 41.562594798094736, 0.9856086159070804, 1.111427094948162
14.050368386583223, 41.65032078301782, 0.9856086159070804, 1.111427094948162
14.074722016692524, 41.73806718443157, 0.9856086159070804, 1.111427094948162
14.098975321364982, 41.825835737220686, 0.9856086159070804, 1.111427094948162
14.123120848436807, 41.913628176269604, 0.9856086159070804, 1.111427094948162
14.147151145744258, 42.00144623646296, 0.9856086159070804, 1.111427094948162
14.171058761123595, 42.08929165268537, 0.9856086159070804, 1.111427094948162
14.19483624241103, 42.17716615982128, 0.9856086159070804, 1.111427094948162
14.218476137442835, 42.26507149275538, 0.9856086159070804, 1.111427094948162
14.241970994055228, 42.35300938637215, 0.9856086159070804, 1.111427094948162
14.265313360084457, 42.44098157555616, 0.9856086159070804, 1.111427094948162
14.28849578336679, 42.528989795192075, 0.9856086159070804, 1.111427094948162
14.311510811738435, 42.61703578016433, 0.9856086159070804, 1.111427094948162
14.334350993035667, 42.70512126535761, 0.9856086159070804, 1.111427094948162
14.357008875094696, 42.79324798565638, 0.9856086159070804, 1.111427094948162
14.379477005751788, 42.881417675945244, 0.9856086159070804, 1.111427094948162
14.401747932843188, 42.96963207110884, 0.9856086159070804, 1.111427094948162
14.423814204205124, 43.05789290603162, 0.9856086159070804, 1.111427094948162
14.445668367673859, 43.14620191559826, 0.9856086159070804, 1.111427094948162
14.467302971085612, 43.23456083469322, 0.9856086159070804, 1.111427094948162
14.488710562276635, 43.32297139820111, 0.9856086159070804, 1.111427094948162
14.509883689083185, 43.41143534100657, 0.9856086159070804, 1.111427094948162
14.530814899341486, 43.49995439799406, 0.9856086159070804, 1.111427094948162
14.551496740887803, 43.588530304048234, 0.9856086159070804, 1.111427094948162
14.571921761558349, 43.67716479405355, 0.9856086159070804, 1.111427094948162
14.592082509189385, 43.76585960289468, 0.9856086159070804, 1.111427094948162
14.611971531617163, 43.85461646545617, 0.9856086159070804, 1.111427094948162
14.631581376677907, 43.94343711662253, 0.9856086159070804, 1.111427094948162
14.650904592207882, 44.03232329127843, 0.9856086159070804, 1.111427094948162
14.6699337260433, 44.12127672430831, 0.9856086159070804, 1.111427094948162
14.688661555973157, 44.21029906263664, 0.9856086159070804, 1.111427094948162
14.707084771526784, 44.29939045689171, 0.9856086159070804, 1.111427094948162
14.725203334156312, 44.38854980614486, 0.9856086159070804, 1.111427094948162
14.743017306022155, 44.477775970945274, 0.9856086159070804, 1.111427094948162
14.760526749284695, 44.567067811841945, 0.9856086159070804, 1.111427094948162
14.777731726104333, 44.65642418938401, 0.9856086159070804, 1.111427094948162
14.794632298641483, 44.745843964120624, 0.9856086159070804, 1.111427094948162
14.811228529056516, 44.835325996600744, 0.9856086159070804, 1.111427094948162
14.827520479509845, 44.92486914737358, 0.9856086159070804, 1.111427094948162
14.84350821216186, 45.01447227698813, 0.9856086159070804, 1.111427094948162
14.85919178917296, 45.10413424599353, 0.9856086159070804, 1.111427094948162
14.87457127270355, 45.193853914938906, 0.9856086159070804, 1.111427094948162
14.889646724914009, 45.28363014437327, 0.9856086159070804, 1.111427094948162
14.904418207964756, 45.37346179484579, 0.9856086159070804, 1.111427094948162
14.918885784016167, 45.463347726905475, 0.9856086159070804, 1.111427094948162
14.933049515228651, 45.55328680110145, 0.9856086159070804, 1.111427094948162
14.946909463762603, 45.64327787798284, 0.9856086159070804, 1.111427094948162
14.96046569177842, 45.73331981809869, 0.9856086159070804, 1.111427094948162
14.973718261436497, 45.823411481998136, 0.9856086159070804, 1.111427094948162
14.986667234897231, 45.91355173023019, 0.9856086159070804, 1.111427094948162
14.999312674321018, 46.003739423344, 0.9856086159070804, 1.111427094948162
15.011654641868267, 46.093973421888684, 0.9856086159070804, 1.111427094948162
15.023693199699357, 46.18425258641326, 0.9856086159070804, 1.111427094948162
15.035428409974699, 46.274575777466886, 0.9856086159070804, 1.111427094948162
15.046860334854676, 46.36494185559858, 0.9856086159070804, 1.111427094948162
15.057989036499697, 46.45534968135747, 0.9856086159070804, 1.111427094948162
15.068814577070157, 46.54579811529268, 0.9856086159070804, 1.111427094948162
15.07933701872645, 46.636286017953246, 0.9856086159070804, 1.111427094948162
15.089556423628967, 46.726812249888255, 0.9856086159070804, 1.111427094948162
15.099472853938122, 46.81737567164688, 0.9856086159070804, 1.111427094948162
15.109086371814294, 46.907975143778096, 0.9856086159070804, 1.111427094948162
15.118397039417895, 46.998609526831096, 0.9856086159070804, 1.111427094948162
15.127404918909308, 47.089277681354886, 0.9856086159070804, 1.111427094948162
15.136110072448934, 47.17997846789857, 0.9856086159070804, 1.111427094948162
15.144512562197182, 47.270710747011336, 0.9856086159070804, 1.111427094948162
15.152612450314432, 47.36147337924214, 0.9856086159070804, 1.111427094948162
15.160409798961092, 47.452265225140174, 0.9856086159070804, 1.111427094948162
15.167904670297554, 47.543085145254445, 0.9856086159070804, 1.111427094948162
15.175097126484218, 47.63393200013408, 0.9856086159070804, 1.111427094948162
15.181987229681477, 47.72480465032821, 0.9856086159070804, 1.111427094948162
15.188575042049731, 47.81570195638585, 0.9856086159070804, 1.111427094948162
15.194860625749376, 47.906622778856175, 0.9856086159070804, 1.111427094948162
15.200844042940808, 47.99756597828817, 0.9856086159070804, 1.111427094948162
15.206525355784427, 48.08853041523099, 0.9856086159070804, 1.111427094948162
15.211904626440628, 48.179514950233774, 0.9856086159070804, 1.111427094948162
15.216981917069806, 48.27051844384549, 0.9856086159070804, 1.111427094948162
15.221757289832363, 48.36153975661535, 0.9856086159070804, 1.111427094948162
15.22623080688869, 48.452577749092335, 0.9856086159070804, 1.111427094948162
15.230402530399187, 48.5436312818256, 0.9856086159070804, 1.111427094948162
15.23427252252425, 48.63469921536425, 0.9856086159070804, 1.111427094948162
15.23784084542428, 48.725780410257315, 0.9856086159070804, 1.111427094948162
15.241107561259671, 48.81687372705396, 0.9856086159070804, 1.111427094948162
15.244072732190816, 48.907978026303184, 0.9856086159070804, 1.111427094948162
15.246736420378115, 48.99909216855412, 0.9856086159070804, 1.111427094948162
15.249098687981967, 49.09021501435592, 0.9856086159070804, 1.111427094948162
15.25115959716277, 49.181345424257565, 0.9856086159070804, 1.111427094948162
15.252919210080915, 49.272482258808246, 0.9856086159070804, 1.111427094948162
15.2543775888968, 49.36362437855694, 0.9856086159070804, 1.111427094948162
15.255534795770831, 49.45477064405284, 0.9856086159070804, 1.111427094948162
15.256390892863395, 49.545919915845026, 0.9856086159070804, 1.111427094948162
15.256945942334893, 49.637071054482504, 0.9856086159070804, 1.111427094948162
15.257200006345721, 49.72822292051448, 0.9856086159070804, 1.111427094948162
15.257153147056277, 49.81937437448993, 0.9856086159070804, 1.111427094948162
15.256805426626954, 49.91052427695799, 0.9856086159070804, 1.111427094948162
15.256156907218152, 50.00167148846782, 0.9856086159070804, 1.111427094948162
15.255207650990268, 50.09281486956839, 0.9856086159070804, 1.111427094948162
15.2539577201037, 50.18395328080891, 0.9856086159070804, 1.111427094948162
15.252407176718847, 50.275085582738356, 0.9856086159070804, 1.111427094948162
15.250556082996098, 50.36621063590585, 0.9856086159070804, 1.111427094948162
15.248404501095855, 50.45732730086056, 0.9856086159070804, 1.111427094948162
15.245952493178518, 50.54843443815148, 0.9856086159070804, 1.111427094948162
15.243200121404481, 50.639530908327785, 0.9856086159070804, 1.111427094948162
15.240147447934138, 50.73061557193847, 0.9856086159070804, 1.111427094948162
15.236794534927892, 50.82168728953266, 0.9856086159070804, 1.111427094948162
15.233141444546128, 50.912744921659524, 0.9856086159070804, 1.111427094948162
15.229188238949257, 51.003787328868015, 0.9856086159070804, 1.111427094948162
15.224934980297672, 51.09481337170736, 0.9856086159070804, 1.111427094948162
15.220381730751768, 51.18582191072653, 0.9856086159070804, 1.111427094948162
15.21552855247194, 51.27681180647467, 0.9856086159070804, 1.111427094948162
15.210375507618588, 51.36778191950093, 0.9856086159070804, 1.111427094948162
15.20492265835211, 51.45873111035427, 0.9856086159070804, 1.111427094948162
15.199170066832895, 51.549658239583906, 0.9856086159070804, 1.111427094948162
15.193117795221353, 51.64056216773882, 0.9856086159070804, 1.111427094948162
15.186765905677873, 51.731441755368145, 0.9856086159070804, 1.111427094948162
15.180114460362852, 51.82229586302104, 0.9856086159070804, 1.111427094948162
15.173163521436688, 51.91312335124647, 0.9856086159070804, 1.111427094948162
15.16591315105978, 52.00392308059361, 0.9856086159070804, 1.111427094948162
15.158363411392518, 52.09469391161157, 0.9856086159070804, 1.111427094948162
15.150514364595308, 52.18543470484934, 0.9856086159070804, 1.111427094948162
15.142366072828539, 52.27614432085613, 0.9856086159070804, 1.111427094948162
15.133918598252615, 52.36682162018091, 0.9856086159070804, 1.111427094948162
15.12517200302793, 52.45746546337283, 0.9856086159070804, 1.111427094948162
15.116126349314879, 52.548074710981055, 0.9856086159070804, 1.111427094948162
15.10678169927386, 52.63864822355451, 0.9856086159070804, 1.111427094948162
15.09713811506527, 52.72918486164244, 0.9856086159070804, 1.111427094948162
15.087195658849508, 52.81968348579382, 0.9856086159070804, 1.111427094948162
15.076954392786972, 52.91014295655779, 0.9856086159070804, 1.111427094948162
15.066414379038047, 53.00056213448348, 0.9856086159070804, 1.111427094948162
15.05557567976315, 53.0909398801199, 0.9856086159070804, 1.111427094948162
15.044438357122658, 53.181275054016226, 0.9856086159070804, 1.111427094948162
15.033002473276985, 53.27156651672145, 0.9856086159070804, 1.111427094948162
15.02126809038652, 53.36181312878472, 0.9856086159070804, 1.111427094948162
15.009235270611653, 53.45201375075516, 0.9856086159070804, 1.111427094948162
14.996904076112797, 53.54216724318177, 0.9856086159070804, 1.111427094948162
14.984274569050331, 53.63227246661374, 0.9856086159070804, 1.111427094948162
14.971346811584668, 53.72232828160007, 0.9856086159070804, 1.111427094948162
14.9581208658762, 53.81233354868988, 0.9856086159070804, 1.111427094948162
14.94459679408531, 53.90228712843232, 0.9856086159070804, 1.111427094948162
14.930776673661143, 53.99218842315809, 0.9856086159070804, 1.111427094948162
14.916670940787736, 54.082039082325025, 0.9856086159070804, 1.111427094948162
14.90229219845379, 54.17184133790544, 0.9856086159070804, 1.111427094948162
14.887653049651652, 54.26159742187272, 0.9856086159070804, 1.111427094948162
14.872766097373672, 54.35130956620027, 0.9856086159070804, 1.111427094948162
14.857643944612219, 54.440980002861316, 0.9856086159070804, 1.111427094948162
14.842299194359654, 54.530610963829346, 0.9856086159070804, 1.111427094948162
14.826744449608345, 54.620204681077595, 0.9856086159070804, 1.111427094948162
14.810992313350646, 54.709763386579496, 0.9856086159070804, 1.111427094948162
14.7950553885789, 54.79928931230842, 0.9856086159070804, 1.111427094948162
14.7789462782855, 54.88878469023764, 0.9856086159070804, 1.111427094948162
14.76267758546278, 54.9782517523406, 0.9856086159070804, 1.111427094948162
14.74626191310312, 55.06769273059057, 0.9856086159070804, 1.111427094948162
14.729711864198867, 55.15710985696094, 0.9856086159070804, 1.111427094948162
14.713040041742378, 55.246505363425115, 0.9856086159070804, 1.111427094948162
14.69625904872603, 55.33588148195636, 0.9856086159070804, 1.111427094948162
14.679381488142166, 55.42524044452812, 0.9856086159070804, 1.111427094948162
14.662419962983165, 55.514584483113666, 0.9856086159070804, 1.111427094948162
14.645387076241372, 55.60391582968637, 0.9856086159070804, 1.111427094948162
14.628295430909144, 55.693236716219666, 0.9856086159070804, 1.111427094948162
14.61115762997886, 55.78254937468681, 0.9856086159070804, 1.111427094948162
14.593986276442863, 55.87185603706123, 0.9856086159070804, 1.111427094948162
14.576793973293524, 55.96115893531619, 0.9856086159070804, 1.111427094948162
14.559593323523208, 56.050460301425126, 0.9856086159070804, 1.111427094948162
14.54239802243744, 56.13976250971052, 0.9856086159070804, 1.111427094948162
14.52525439106086, 56.229072186244395, 0.9856086159070804, 1.111427094948162
14.508246184476699, 56.31840083546644, 0.9856086159070804, 1.111427094948162
14.491459217450805, 56.4077602302318, 0.9856086159070804, 1.111427094948162
14.474979304748999, 56.49716214339577, 0.9856086159070804, 1.111427094948162
14.458892261137102, 56.58661834781369, 0.9856086159070804, 1.111427094948162
14.443283901380955, 56.67614061634066, 0.9856086159070804, 1.111427094948162
14.428240040246362, 56.76574072183205, 0.9856086159070804, 1.111427094948162
14.413846492499177, 56.85543043714303, 0.9856086159070804, 1.111427094948162
14.400189072905217, 56.945221535128894, 0.9856086159070804, 1.111427094948162
14.387353596230303, 57.035125788644955, 0.9856086159070804, 1.111427094948162
14.375425877240273, 57.12515497054635, 0.9856086159070804, 1.111427094948162
14.364491730700955, 57.21532085368839, 0.9856086159070804, 1.111427094948162
14.35463697137816, 57.30563521092637, 0.9856086159070804, 1.111427094948162
14.345947414037735, 57.396109815115466, 0.9856086159070804, 1.111427094948162
14.338508873445498, 57.48675643911101, 0.9856086159070804, 1.111427094948162
14.332407164367275, 57.577586855768146, 0.9856086159070804, 1.111427094948162
14.3277281015689, 57.66861283794219, 0.9856086159070804, 1.111427094948162
14.324557499816194, 57.75984615848846, 0.9856086159070804, 1.111427094948162
14.322981173874993, 57.851298590262104, 0.9856086159070804, 1.111427094948162
14.323084938511116, 57.942981906118455, 0.9856086159070804, 1.111427094948162
14.324953663856785, 58.03490772533698, 0.9856086159070804, 1.111427094948162
14.328543984546542, 58.12706681905331, 0.9856086159070804, 1.111427094948162
14.333555612124789, 58.21940818861512, 0.9856086159070804, 1.111427094948162
14.339657610362892, 58.31187585274646, 0.9856086159070804, 1.111427094948162
14.34651904303225, 58.40441383017172, 0.9856086159070804, 1.111427094948162
14.353808973904242, 58.49696613961499, 0.9856086159070804, 1.111427094948162
14.36119646675025, 58.589476799800536, 0.9856086159070804, 1.111427094948162
14.36835058534167, 58.68188982945266, 0.9856086159070804, 1.111427094948162
14.374940393449878, 58.774149247295455, 0.9856086159070804, 1.111427094948162
14.380634954846268, 58.8661990720533, 0.9856086159070804, 1.111427094948162
14.385103333302217, 58.95798332245027, 0.9856086159070804, 1.111427094948162
14.388014592589112, 59.049446017210634, 0.9856086159070804, 1.111427094948162
14.389037796478341, 59.14053117505869, 0.9856086159070804, 1.111427094948162
14.387842008741288, 59.231182814718586, 0.9856086159070804, 1.111427094948162
14.384096293149334, 59.3213449549146, 0.9856086159070804, 1.111427094948162
14.377469713473879, 59.4109616143709, 0.9856086159070804, 1.111427094948162
14.367631333486292, 59.49997681181172, 0.9856086159070804, 1.111427094948162
14.354250216957963, 59.588334565961375, 0.9856086159070804, 1.111427094948162
14.337039467303125, 59.67597255417057, 0.9856086159070804, 1.111427094948162
14.315985231180568, 59.762789137641214, 0.9856086159070804, 1.111427094948162
14.2911781572862, 59.848667630077024, 0.9856086159070804, 1.111427094948162
14.26270910575226, 59.933491314736656, 0.9856086159070804, 1.111427094948162
14.230668936710998, 60.017143474878736, 0.9856086159070804, 1.111427094948162
14.195148510294711, 60.09950739376177, 0.9856086159070804, 1.111427094948162
14.156238686635616, 60.18046635464443, 0.9856086159070804, 1.111427094948162
14.114030325866022, 60.25990364078524, 0.9856086159070804, 1.111427094948162
14.068614288118175, 60.33770253544284, 0.9856086159070804, 1.111427094948162
14.020081433524297, 60.413746321875834, 0.9856086159070804, 1.111427094948162
13.968522622216708, 60.48791828334274, 0.9856086159070804, 1.111427094948162
13.914028714327621, 60.56010170310227, 0.9856086159070804, 1.111427094948162
13.856690569989345, 60.63017986441289, 0.9856086159070804, 1.111427094948162
13.796612934424076, 60.69805388641153, 0.9856086159070804, 1.111427094948162
13.734128361427302, 60.76391751622623, 0.9856086159070804, 1.111427094948162
13.669755626085218, 60.82820370867316, 0.9856086159070804, 1.111427094948162
13.60401896503665, 60.89135243412205, 0.9856086159070804, 1.111427094948162
13.53744261492058, 60.953803662942555, 0.9856086159070804, 1.111427094948162
13.470550812375867, 61.01599736550433, 0.9856086159070804, 1.111427094948162
13.403867794041386, 61.07837351217714, 0.9856086159070804, 1.111427094948162
13.3379177965561, 61.141372073330544, 0.9856086159070804, 1.111427094948162
13.273225056558847, 61.205433019334315, 0.9856086159070804, 1.111427094948162
13.210313810688595, 61.27099632055804, 0.9856086159070804, 1.111427094948162
13.14970829558421, 61.33850194737144, 0.9856086159070804, 1.111427094948162
13.091932747884568, 61.40838987014425, 0.9856086159070804, 1.111427094948162
13.037494000788108, 61.48108503936378, 0.9856086159070804, 1.111427094948162
12.986379116054508, 61.556563821469716, 0.9856086159070804, 1.111427094948162
12.937978805050603, 61.63428790807871, 0.9856086159070804, 1.111427094948162
12.891650969162942, 61.71369067444997, 0.9856086159070804, 1.111427094948162
12.846753509777972, 61.79420549584285, 0.9856086159070804, 1.111427094948162
12.802644328282238, 61.87526574751658, 0.9856086159070804, 1.111427094948162
12.758681326062218, 61.956304804730486, 0.9856086159070804, 1.111427094948162
12.71422240450437, 62.03675604274385, 0.9856086159070804, 1.111427094948162
12.668625464995255, 62.11605283681592, 0.9856086159070804, 1.111427094948162
12.621248408921307, 62.193628562206044, 0.9856086159070804, 1.111427094948162
12.571449137669084, 62.26891659417345, 0.9856086159070804, 1.111427094948162
12.518585740665893, 62.34135047946328, 0.9856086159070804, 1.111427094948162
12.462222303770584, 62.41055162548752, 0.9856086159070804, 1.111427094948162
12.402522114838336, 62.476687888378734, 0.9856086159070804, 1.111427094948162
12.339756806960034, 62.54002593087565, 0.9856086159070804, 1.111427094948162
12.274198013226707, 62.600832415716845, 0.9856086159070804, 1.111427094948162
12.206117366729272, 62.65937400564103, 0.9856086159070804, 1.111427094948162
12.135786500558638, 62.71591736338683, 0.9856086159070804, 1.111427094948162
12.063477047805838, 62.770729151692855, 0.9856086159070804, 1.111427094948162
11.989460641561744, 62.82407603329781, 0.9856086159070804, 1.111427094948162
11.9140089149174, 62.87622467094032, 0.9856086159070804, 1.111427094948162
11.837393500963707, 62.92744172735899, 0.9856086159070804, 1.111427094948162
11.75988603279158, 62.97799386529255, 0.9856086159070804, 1.111427094948162
11.681759488612869, 63.02814809989369, 0.9856086159070804, 1.111427094948162
11.603320004839993, 63.07818013357825, 0.9856086159070804, 1.111427094948162
11.524908158677594, 63.12837469205669, 0.9856086159070804, 1.111427094948162
11.446866129085086, 63.1790169206904, 0.9856086159070804, 1.111427094948162
11.369536095021887, 63.23039196484075, 0.9856086159070804, 1.111427094948162
11.293260235447534, 63.282784969869056, 0.9856086159070804, 1.111427094948162
11.2183807293214, 63.3364810811367, 0.9856086159070804, 1.111427094948162
11.145239755603026, 63.39176544400496, 0.9856086159070804, 1.111427094948162
11.07417949325182, 63.448923203835236, 0.9856086159070804, 1.111427094948162
11.005542121227208, 63.5082395059889, 0.9856086159070804, 1.111427094948162
10.939669818488717, 63.56999949582724, 0.9856086159070804, 1.111427094948162
10.876888868754525, 63.634469166326376, 0.9856086159070804, 1.111427094948162
10.8173237167891, 63.70167131205107, 0.9856086159070804, 1.111427094948162
10.760960003440097, 63.771461480900555, 0.9856086159070804, 1.111427094948162
10.707780637954508, 63.84369192943249, 0.9856086159070804, 1.111427094948162
10.657768529579421, 63.91821491420444, 0.9856086159070804, 1.111427094948162
10.6109065875618, 63.99488269177411, 0.9856086159070804, 1.111427094948162
10.567177721148727, 64.07354751869902, 0.9856086159070804, 1.111427094948162
10.526564839587195, 64.15406165153685, 0.9856086159070804, 1.111427094948162
10.489050852124212, 64.23627734684527, 0.9856086159070804, 1.111427094948162
10.454618668006843, 64.32004686118184, 0.9856086159070804, 1.111427094948162
10.423251196482076, 64.40522245110424, 0.9856086159070804, 1.111427094948162
10.394931346796966, 64.49165637316999, 0.9856086159070804, 1.111427094948162
10.369642028198523, 64.57920088393682, 0.9856086159070804, 1.111427094948162
10.347366149933764, 64.66770823996238, 0.9856086159070804, 1.111427094948162
10.328086621249732, 64.75703069780418, 0.9856086159070804, 1.111427094948162
10.311786351393431, 64.84702051401996, 0.9856086159070804, 1.111427094948162
10.298448249611905, 64.93752994516724, 0.9856086159070804, 1.111427094948162
10.28805522515217, 65.0284112478037, 0.9856086159070804, 1.111427094948162
10.280590187261247, 65.11951667848703, 0.9856086159070804, 1.111427094948162
10.276036045186167, 65.21069849377473, 0.9856086159070804, 1.111427094948162
10.274368340938592, 65.30182088081955, 0.9856086159070804, 1.111427094948162
10.27551519770664, 65.39282481742255, 0.9856086159070804, 1.111427094948162
10.279385954894524, 65.48368170008442, 0.9856086159070804, 1.111427094948162
10.28588990500777, 65.57436300125427, 0.9856086159070804, 1.111427094948162
10.294936340551896, 65.664840193381, 0.9856086159070804, 1.111427094948162
10.306434554032421, 65.75508474891366, 0.9856086159070804, 1.111427094948162
10.320293837954882, 65.84506814030131, 0.9856086159070804, 1.111427094948162
10.336423484824786, 65.93476183999289, 0.9856086159070804, 1.111427094948162
10.354732787147675, 66.02413732043752, 0.9856086159070804, 1.111427094948162
10.375131037429053, 66.11316605408412, 0.9856086159070804, 1.111427094948162
10.397527528174447, 66.20181951338171, 0.9856086159070804, 1.111427094948162
10.421831551889396, 66.29006917077938, 0.9856086159070804, 1.111427094948162
10.447952401079396, 66.37788649872606, 0.9856086159070804, 1.111427094948162
10.475799368250003, 66.46524296967087, 0.9856086159070804, 1.111427094948162
10.505281745906707, 66.5521100560627, 0.9856086159070804, 1.111427094948162
10.536308826555047, 66.63845923035065, 0.9856086159070804, 1.111427094948162
10.568789902700559, 66.72426196498374, 0.9856086159070804, 1.111427094948162
10.602634266848733, 66.80948973241092, 0.9856086159070804, 1.111427094948162
10.637751211505137, 66.8941140050813, 0.9856086159070804, 1.111427094948162
10.674050029175241, 66.97810625544379, 0.9856086159070804, 1.111427094948162
10.711440012364598, 67.06143795594745, 0.9856086159070804, 1.111427094948162
10.749835767887166, 67.14409054738285, 0.9856086159070804, 1.111427094948162
10.789177195190048, 67.22609291332788, 0.9856086159070804, 1.111427094948162
10.829411710201079, 67.30748803643802, 0.9856086159070804, 1.111427094948162
10.870486730076712, 67.38831890167336, 0.9856086159070804, 1.111427094948162
10.912349671973457, 67.46862849399409, 0.9856086159070804, 1.111427094948162
10.954947953047832, 67.54845979836043, 0.9856086159070804, 1.111427094948162
10.99822899045627, 67.6278557997324, 0.9856086159070804, 1.111427094948162
11.04214020135532, 67.70685948307028, 0.9856086159070804, 1.111427094948162
11.086629002901418, 67.78551383333412, 0.9856086159070804, 1.111427094948162
11.131642812251087, 67.86386183548413, 0.9856086159070804, 1.111427094948162
11.177129046560834, 67.94194647448049, 0.9856086159070804, 1.111427094948162
11.223035122987106, 68.01981073528327, 0.9856086159070804, 1.111427094948162
11.26930845868644, 68.09749760285273, 0.9856086159070804, 1.111427094948162
11.315896470815275, 68.17505006214891, 0.9856086159070804, 1.111427094948162
11.362746576530133, 68.25251109813202, 0.9856086159070804, 1.111427094948162
11.409806192987524, 68.32992369576225, 0.9856086159070804, 1.111427094948162
11.457022737343893, 68.40733083999966, 0.9856086159070804, 1.111427094948162
11.50434362675578, 68.48477551580453, 0.9856086159070804, 1.111427094948162
11.55171627837962, 68.56230070813687, 0.9856086159070804, 1.111427094948162
11.599088109371932, 68.63994940195688, 0.9856086159070804, 1.111427094948162
11.64640653688924, 68.71776458222486, 0.9856086159070804, 1.111427094948162
11.693618978087972, 68.79578923390073, 0.9856086159070804, 1.111427094948162
11.740672850124675, 68.87406634194481, 0.9856086159070804, 1.111427094948162
11.787515570155787, 68.95263889131716, 0.9856086159070804, 1.111427094948162
11.834094555337828, 69.03154986697797, 0.9856086159070804, 1.111427094948162
11.880357222827314, 69.11084225388745, 0.9856086159070804, 1.111427094948162
11.926250649312042, 69.19055893312988, 0.9856086159070804, 1.111427094948162
11.971682292058427, 69.27073069804858, 0.9856086159070804, 1.111427094948162
12.016483495607197, 69.35136512027113, 0.9856086159070804, 1.111427094948162
12.060476974926116, 69.43246713857398, 0.9856086159070804, 1.111427094948162
12.103485444982933, 69.51404169173357, 0.9856086159070804, 1.111427094948162
12.14533162074534, 69.5960937185262, 0.9856086159070804, 1.111427094948162
12.185838217181132, 69.67862815772841, 0.9856086159070804, 1.111427094948162
12.224827949257975, 69.76164994811644, 0.9856086159070804, 1.111427094948162
12.262123531943642, 69.84516402846677, 0.9856086159070804, 1.111427094948162
12.297547680205884, 69.92917533755585, 0.9856086159070804, 1.111427094948162
12.330923109012396, 70.01368881415995, 0.9856086159070804, 1.111427094948162
12.362072533330949, 70.0987093970556, 0.9856086159070804, 1.111427094948162
12.39081866812924, 70.18424202501906, 0.9856086159070804, 1.111427094948162
12.416984228375028, 70.27029163682683, 0.9856086159070804, 1.111427094948162
12.44039192903606, 70.35686317125533, 0.9856086159070804, 1.111427094948162
12.460864485080037, 70.44396156708083, 0.9856086159070804, 1.111427094948162
12.478224611474717, 70.53159176307985, 0.9856086159070804, 1.111427094948162
12.492295023187836, 70.61975869802876, 0.9856086159070804, 1.111427094948162
12.502898435187113, 70.70846731070388, 0.9856086159070804, 1.111427094948162
12.509857562440299, 70.79772253988176, 0.9856086159070804, 1.111427094948162
12.512995119915114, 70.88752932433863, 0.9856086159070804, 1.111427094948162
12.512133822579301, 70.97789260285094, 0.9856086159070804, 1.111427094948162
12.507096385400594, 71.0688173141952, 0.9856086159070804, 1.111427094948162
12.497705801855066, 71.16029818541234, 0.9856086159070804, 1.111427094948162
12.483792968638943, 71.25204016553383, 0.9856086159070804, 1.111427094948162
12.46519761971715, 71.34342417792985, 0.9856086159070804, 1.111427094948162
12.44175995510371, 71.4338140579002, 0.9856086159070804, 1.111427094948162
12.413320174812633, 71.52257364074468, 0.9856086159070804, 1.111427094948162
12.379718478857985, 71.60906676176302, 0.9856086159070804, 1.111427094948162
12.340795067253751, 71.69265725625505, 0.9856086159070804, 1.111427094948162
12.296390140014006, 71.77270895952043, 0.9856086159070804, 1.111427094948162
12.246343897152755, 71.84858570685901, 0.9856086159070804, 1.111427094948162
12.190505055972906, 71.91965710572731, 0.9856086159070804, 1.111427094948162
12.129008409182182, 71.9854866365485, 0.9856086159070804, 1.111427094948162
12.062336234481824, 72.04587326991906, 0.9856086159070804, 1.111427094948162
11.990991754562915, 72.10063017083041, 0.9856086159070804, 1.111427094948162
11.91547819211644, 72.14957050427402, 0.9856086159070804, 1.111427094948162
11.836298769833366, 72.19250743524135, 0.9856086159070804, 1.111427094948162
11.753956710404797, 72.22925412872385, 0.9856086159070804, 1.111427094948162
11.668955236521658, 72.25962374971297, 0.9856086159070804, 1.111427094948162
11.581796118905995, 72.28343653001052, 0.9856086159070804, 1.111427094948162
11.49294261758122, 72.30070013502852, 0.9856086159070804, 1.111427094948162
11.402816405461426, 72.31162463684366, 0.9856086159070804, 1.111427094948162
11.31183708707015, 72.31643017449974, 0.9856086159070804, 1.111427094948162
11.220424266930733, 72.31533688704066, 0.9856086159070804, 1.111427094948162
11.128997549566707, 72.30856491351022, 0.9856086159070804, 1.111427094948162
11.03797653950147, 72.29633439295235, 0.9856086159070804, 1.111427094948162
10.9477808412584, 72.27886546441077, 0.9856086159070804, 1.111427094948162
10.858812580913636, 72.25638367889111, 0.9856086159070804, 1.111427094948162
10.771277801219034, 72.22917530191265, 0.9856086159070804, 1.111427094948162
10.685259332930098, 72.19756474990066, 0.9856086159070804, 1.111427094948162
10.600838096288081, 72.16187703084499, 0.9856086159070804, 1.111427094948162
10.518095011534239, 72.12243715273537, 0.9856086159070804, 1.111427094948162
10.437110998909967, 72.07957012356167, 0.9856086159070804, 1.111427094948162
10.357966978656469, 72.03360095131359, 0.9856086159070804, 1.111427094948162
10.280743871015147, 71.98485464398108, 0.9856086159070804, 1.111427094948162
10.205512392196706, 71.9336394832614, 0.9856086159070804, 1.111427094948162
10.132257882174224, 71.88012380341524, 0.9856086159070804, 1.111427094948162
10.060923136600517, 71.8244062006973, 0.9856086159070804, 1.111427094948162
9.991450639640568, 71.7665847607762, 0.9856086159070804, 1.111427094948162
9.92378287545952, 71.70675756932073, 0.9856086159070804, 1.111427094948162
9.857862328222398, 71.64502271199966, 0.9856086159070804, 1.111427094948162
9.793631482094229, 71.58147827448161, 0.9856086159070804, 1.111427094948162
9.731032821240152, 71.5162223424354, 0.9856086159070804, 1.111427094948162
9.670008829825163, 71.4493530015297, 0.9856086159070804, 1.111427094948162
9.610501992014395, 71.38096833743333, 0.9856086159070804, 1.111427094948162
9.552454791972876, 71.31116643581494, 0.9856086159070804, 1.111427094948162
9.49580971386564, 71.24004538234323, 0.9856086159070804, 1.111427094948162
9.440509241857814, 71.16770326268706, 0.9856086159070804, 1.111427094948162
9.386495860114403, 71.09423816251503, 0.9856086159070804, 1.111427094948162
9.33371205280053, 71.01974816749595, 0.9856086159070804, 1.111427094948162
9.282100304081231, 70.94433136329855, 0.9856086159070804, 1.111427094948162
9.231603098121543, 70.86808583559144, 0.9856086159070804, 1.111427094948162
9.182162919086583, 70.79110967004354, 0.9856086159070804, 1.111427094948162
9.133722251141394, 70.71350095232346, 0.9856086159070804, 1.111427094948162
9.086223578451008, 70.63535776809992, 0.9856086159070804, 1.111427094948162
9.039613154234235, 70.55676755316333, 0.9856086159070804, 1.111427094948162
8.993856768219615, 70.47776254073266, 0.9856086159070804, 1.111427094948162
8.948926520818516, 70.39835713249452, 0.9856086159070804, 1.111427094948162
8.90479451558455, 70.31856572125646, 0.9856086159070804, 1.111427094948162
8.861432856071325, 70.23840269982584, 0.9856086159070804, 1.111427094948162
8.818813645832531, 70.15788246101037, 0.9856086159070804, 1.111427094948162
8.776908988421752, 70.07701939761746, 0.9856086159070804, 1.111427094948162
8.735690987392672, 69.99582790245474, 0.9856086159070804, 1.111427094948162
8.695131746298909, 69.91432236832968, 0.9856086159070804, 1.111427094948162
8.655203368694071, 69.83251718804978, 0.9856086159070804, 1.111427094948162
8.61587795813184, 69.7504267544226, 0.9856086159070804, 1.111427094948162
8.577127618165811, 69.66806546025565, 0.9856086159070804, 1.111427094948162
8.538924452349661, 69.58544769835653, 0.9856086159070804, 1.111427094948162
8.501240564237005, 69.50258786153269, 0.9856086159070804, 1.111427094948162
8.464048057381461, 69.41950034259163, 0.9856086159070804, 1.111427094948162
8.427319035336703, 69.33619953434099, 0.9856086159070804, 1.111427094948162
8.39102560165633, 69.25269982958818, 0.9856086159070804, 1.111427094948162
8.355139859894013, 69.16901562114082, 0.9856086159070804, 1.111427094948162
8.319633913603376, 69.08516130180642, 0.9856086159070804, 1.111427094948162
8.284479866338032, 69.00115126439246, 0.9856086159070804, 1.111427094948162
8.249649821651657, 68.91699990170652, 0.9856086159070804, 1.111427094948162
8.215115883097846, 68.83272160655608, 0.9856086159070804, 1.111427094948162
8.180850154230278, 68.7483307717487, 0.9856086159070804, 1.111427094948162
8.146824738602563, 68.66384179009191, 0.9856086159070804, 1.111427094948162
8.113011739768325, 68.5792690543932, 0.9856086159070804, 1.111427094948162
8.079383474978291, 68.49462684369439, 0.9856086159070804, 1.111427094948162
8.045922234100997, 68.40992412792077, 0.9856086159070804, 1.111427094948162
8.012624316970772, 68.32516241852096, 0.9856086159070804, 1.111427094948162
7.979487073950845, 68.24034266767404, 0.9856086159070804, 1.111427094948162
7.946507855404443, 68.15546582755907, 0.9856086159070804, 1.111427094948162
7.91368401169485, 68.07053285035529, 0.9856086159070804, 1.111427094948162
7.881012893185276, 67.9855446882417, 0.9856086159070804, 1.111427094948162
7.848491850239002, 67.90050229339751, 0.9856086159070804, 1.111427094948162
7.8161182332192585, 67.8154066180018, 0.9856086159070804, 1.111427094948162
7.783889392489272, 67.73025861423362, 0.9856086159070804, 1.111427094948162
7.751802678412328, 67.6450592342722, 0.9856086159070804, 1.111427094948162
7.719855441351632, 67.55980943029654, 0.9856086159070804, 1.111427094948162
7.68804503167047, 67.47451015448584, 0.9856086159070804, 1.111427094948162
7.6563687997320695, 67.38916235901922, 0.9856086159070804, 1.111427094948162
7.624824095899662, 67.30376699607572, 0.9856086159070804, 1.111427094948162
7.593408270536523, 67.21832501783452, 0.9856086159070804, 1.111427094948162
7.562118674005868, 67.1328373764747, 0.9856086159070804, 1.111427094948162
7.530952656670977, 67.04730502417539, 0.9856086159070804, 1.111427094948162
7.499907568895083, 66.96172891311575, 0.9856086159070804, 1.111427094948162
7.468980761041409, 66.87610999547478, 0.9856086159070804, 1.111427094948162
7.438169583473241, 66.79044922343174, 0.9856086159070804, 1.111427094948162
7.407471386553788, 66.70474754916559, 0.9856086159070804, 1.111427094948162
7.37688352064633, 66.61900592485559, 0.9856086159070804, 1.111427094948162
7.3464033361141, 66.53322530268078, 0.9856086159070804, 1.111427094948162
7.316028183320323, 66.44740663482024, 0.9856086159070804, 1.111427094948162
7.285755412628285, 66.3615508734532, 0.9856086159070804, 1.111427094948162
7.255582374401193, 66.27565897075864, 0.9856086159070804, 1.111427094948162
7.225506419002332, 66.18973187891581, 0.9856086159070804, 1.111427094948162
7.195524896794925, 66.10377055010375, 0.9856086159070804, 1.111427094948162
7.165635158142209, 66.01777593650154, 0.9856086159070804, 1.111427094948162
7.135834553407459, 65.93174899028838, 0.9856086159070804, 1.111427094948162
7.106120432953906, 65.84569066364335, 0.9856086159070804, 1.111427094948162
7.076490147144782, 65.75960190874551, 0.9856086159070804, 1.111427094948162
7.046941046343365, 65.67348367777407, 0.9856086159070804, 1.111427094948162
7.017470480912865, 65.58733692290808, 0.9856086159070804, 1.111427094948162
6.988075801216568, 65.5011625963267, 0.9856086159070804, 1.111427094948162
6.958754357617699, 65.41496165020902, 0.9856086159070804, 1.111427094948162
6.929503500479489, 65.32873503673412, 0.9856086159070804, 1.111427094948162
6.900320580165218, 65.24248370808121, 0.9856086159070804, 1.111427094948162
6.871202947038102, 65.15620861642928, 0.9856086159070804, 1.111427094948162
6.842147951461414, 65.06991071395758, 0.9856086159070804, 1.111427094948162
6.813152943798388, 64.98359095284515, 0.9856086159070804, 1.111427094948162
6.7842152744122535, 64.89725028527106, 0.9856086159070804, 1.111427094948162
6.755332293666292, 64.81088966341454, 0.9856086159070804, 1.111427094948162
6.726501351923713, 64.72451003945459, 0.9856086159070804, 1.111427094948162
6.697719799547799, 64.63811236557042, 0.9856086159070804, 1.111427094948162
6.668984986901778, 64.55169759394111, 0.9856086159070804, 1.111427094948162
6.640294264348881, 64.46526667674574, 0.9856086159070804, 1.111427094948162
6.611644982252388, 64.3788205661635, 0.9856086159070804, 1.111427094948162
6.583034490975512, 64.29236021437342, 0.9856086159070804, 1.111427094948162
6.554460140881531, 64.2058865735547, 0.9856086159070804, 1.111427094948162
6.525919282333674, 64.11940059588639, 0.9856086159070804, 1.111427094948162
6.497409265695176, 64.0329032335476, 0.9856086159070804, 1.111427094948162
6.468927441329311, 63.94639543871752, 0.9856086159070804, 1.111427094948162
6.440471159599296, 63.85987816357518, 0.9856086159070804, 1.111427094948162
6.412037770868409, 63.773352360299775, 0.9856086159070804, 1.111427094948162
6.383624625499878, 63.686818981070374, 0.9856086159070804, 1.111427094948162
6.355229073856938, 63.60027897806606, 0.9856086159070804, 1.111427094948162
6.326848466302865, 63.51373330346604, 0.9856086159070804, 1.111427094948162
6.298480153200872, 63.42718290944933, 0.9856086159070804, 1.111427094948162
6.270121484914238, 63.34062874819511, 0.9856086159070804, 1.111427094948162
6.241769811806196, 63.2540717718825, 0.9856086159070804, 1.111427094948162
6.213422484239974, 63.167512932690535, 0.9856086159070804, 1.111427094948162
6.185076852578851, 63.08095318279845, 0.9856086159070804, 1.111427094948162
6.156730267186042, 62.99439347438526, 0.9856086159070804, 1.111427094948162
6.128380078424823, 62.907834759630134, 0.9856086159070804, 1.111427094948162
6.100023636658428, 62.82127799071219, 0.9856086159070804, 1.111427094948162
6.071658292250086, 62.73472411981047, 0.9856086159070804, 1.111427094948162
6.043281395563076, 62.64817409910422, 0.9856086159070804, 1.111427094948162
6.014890296960609, 62.5616288807724, 0.9856086159070804, 1.111427094948162
5.986482346805968, 62.475089416994265, 0.9856086159070804, 1.111427094948162
5.9580548954623795, 62.38855665994886, 0.9856086159070804, 1.111427094948162
5.929605293293078, 62.30203156181529, 0.9856086159070804, 1.111427094948162
5.9011308906613404, 62.21551507477273, 0.9856086159070804, 1.111427094948162
5.872629037930379, 62.12900815100019, 0.9856086159070804, 1.111427094948162
5.844097085463473, 62.042511742676915, 0.9856086159070804, 1.111427094948162
5.815532383623856, 61.95602680198197, 0.9856086159070804, 1.111427094948162
5.786932282774755, 61.86955428109439, 0.9856086159070804, 1.111427094948162
5.758294133279449, 61.783095132193424, 0.9856086159070804, 1.111427094948162
5.729615286096607, 61.696650307244674, 0.9856086159070804, 1.111427094948162
5.700893791010267, 61.61022050778122, 0.9856086159070804, 1.111427094948162
5.672129746516543, 61.523805701154494, 0.9856086159070804, 1.111427094948162
5.643323624600347, 61.43740572087156, 0.9856086159070804, 1.111427094948162
5.614475897246647, 61.35102040043962, 0.9856086159070804, 1.111427094948162
5.585587036440362, 61.26464957336572, 0.9856086159070804, 1.111427094948162
5.556657514166407, 61.17829307315692, 0.9856086159070804, 1.111427094948162
5.527687802409751, 61.091950733320445, 0.9856086159070804, 1.111427094948162
5.498678373155292, 61.005622387363275, 0.9856086159070804, 1.111427094948162
5.469629698388002, 60.91930786879266, 0.9856086159070804, 1.111427094948162
5.440542250092793, 60.83300701111561, 0.9856086159070804, 1.111427094948162
5.411416500254585, 60.7467196478392, 0.9856086159070804, 1.111427094948162
5.382252920858346, 60.66044561247067, 0.9856086159070804, 1.111427094948162
5.3530519838889745, 60.57418473851698, 0.9856086159070804, 1.111427094948162
5.323814161331438, 60.487936859485366, 0.9856086159070804, 1.111427094948162
5.294539925170654, 60.40170180888286, 0.9856086159070804, 1.111427094948162
5.265229747391542, 60.31547942021657, 0.9856086159070804, 1.111427094948162
5.2358840999790655, 60.22926952699364, 0.9856086159070804, 1.111427094948162
5.206503454918128, 60.14307196272113, 0.9856086159070804, 1.111427094948162
5.177088284193696, 60.05688656090622, 0.9856086159070804, 1.111427094948162
5.147639059790685, 59.97071315505598, 0.9856086159070804, 1.111427094948162
5.118156253694013, 59.88455157867745, 0.9856086159070804, 1.111427094948162
5.0886403378886484, 59.79840166527786, 0.9856086159070804, 1.111427094948162
5.0590917843594925, 59.7122632483642, 0.9856086159070804, 1.111427094948162
5.029511065091511, 59.62613616144368, 0.9856086159070804, 1.111427094948162
4.99989865206962, 59.54002023802339, 0.9856086159070804, 1.111427094948162
4.970255017278738, 59.45391531161034, 0.9856086159070804, 1.111427094948162
4.940580632703833, 59.36782121571176, 0.9856086159070804, 1.111427094948162
4.910875970329806, 59.28173778383466, 0.9856086159070804, 1.111427094948162
4.88114150214162, 59.195664849486235, 0.9856086159070804, 1.111427094948162
4.851377700124198, 59.10960224617356, 0.9856086159070804, 1.111427094948162
4.821585036262454, 59.02354980740369, 0.9856086159070804, 1.111427094948162
4.791763982541356, 58.93750736668384, 0.9856086159070804, 1.111427094948162
4.761915010945803, 58.851474757520975, 0.9856086159070804, 1.111427094948162
4.732038593460763, 58.76545181342233, 0.9856086159070804, 1.111427094948162
4.702135202071157, 58.67943836789501, 0.9856086159070804, 1.111427094948162
4.672205308761897, 58.593434254445995, 0.9856086159070804, 1.111427094948162
4.642249385517953, 58.50743930658252, 0.9856086159070804, 1.111427094948162
4.6122679043242245, 58.42145335781162, 0.9856086159070804, 1.111427094948162
4.582261337165679, 58.335476241640464, 0.9856086159070804, 1.111427094948162
4.5522301560272345, 58.24950779157613, 0.9856086159070804, 1.111427094948162
4.522174832893806, 58.163547841125684, 0.9856086159070804, 1.111427094948162
4.492095839750363, 58.07759622379632, 0.9856086159070804, 1.111427094948162
4.4619936485818075, 57.99165277309505, 0.9856086159070804, 1.111427094948162
4.431868731373103, 57.90571732252908, 0.9856086159070804, 1.111427094948162
4.401721560109168, 57.81978970560546, 0.9856086159070804, 1.111427094948162
4.37155260677492, 57.73386975583127, 0.9856086159070804, 1.111427094948162
4.341362343355327, 57.647957306713685, 0.9856086159070804, 1.111427094948162
4.3111512418352875, 57.56205219175973, 0.9856086159070804, 1.111427094948162
4.280919774199772, 57.47615424447664, 0.9856086159070804, 1.111427094948162
4.250668412433694, 57.39026329837143, 0.9856086159070804, 1.111427094948162
4.220397628521974, 57.30437918695118, 0.9856086159070804, 1.111427094948162
4.190107894449577, 57.21850174372308, 0.9856086159070804, 1.111427094948162
4.159799682201405, 57.13263080219417, 0.9856086159070804, 1.111427094948162
4.129473463762426, 57.04676619587164, 0.9856086159070804, 1.111427094948162
4.099129711117554, 56.960907758262536, 0.9856086159070804, 1.111427094948162
4.068768896251708, 56.875055322873905, 0.9856086159070804, 1.111427094948162
4.038391491149856, 56.789208723213, 0.9856086159070804, 1.111427094948162
4.007997967796897, 56.703367792786814, 0.9856086159070804, 1.111427094948162
3.9775887981778, 56.61753236510252, 0.9856086159070804, 1.111427094948162
3.9471644542774813, 56.53170227366721, 0.9856086159070804, 1.111427094948162
3.9167254080808567, 56.445877351987924, 0.9856086159070804, 1.111427094948162
3.886272131572897, 56.36005743357189, 0.9856086159070804, 1.111427094948162
3.8558050967385173, 56.27424235192614, 0.9856086159070804, 1.111427094948162
3.8253247755626334, 56.18843194055777, 0.9856086159070804, 1.111427094948162
3.7948316400302153, 56.10262603297394, 0.9856086159070804, 1.111427094948162
3.7643261621261623, 56.0168244626817, 0.9856086159070804, 1.111427094948162
3.7338088138354406, 55.93102706318821, 0.9856086159070804, 1.111427094948162
3.7032800671429693, 55.84523366800058, 0.9856086159070804, 1.111427094948162
3.672740394033665, 55.75944411062586, 0.9856086159070804, 1.111427094948162
3.6421902664924946, 55.67365822457121, 0.9856086159070804, 1.111427094948162
3.611630156504358, 55.58787584334367, 0.9856086159070804, 1.111427094948162
3.581060536054224, 55.502096800450474, 0.9856086159070804, 1.111427094948162
3.5504818771270084, 55.416320929398616, 0.9856086159070804, 1.111427094948162
3.519894651707631, 55.33054806369523, 0.9856086159070804, 1.111427094948162
3.4892993317810554, 55.24477803684746, 0.9856086159070804, 1.111427094948162
3.458696389332184, 55.15901068236235, 0.9856086159070804, 1.111427094948162
3.4280862963459837, 55.07324583374708, 0.9856086159070804, 1.111427094948162
3.3974695248073736, 54.987483324508744, 0.9856086159070804, 1.111427094948162
3.3668465467012676, 54.901722988154376, 0.9856086159070804, 1.111427094948162
3.336217834012635, 54.815964658191156, 0.9856086159070804, 1.111427094948162
3.3055838587263766, 54.73020816812617, 0.9856086159070804, 1.111427094948162
3.274945092827459, 54.64445335146655, 0.9856086159070804, 1.111427094948162
3.2443020083007994, 54.55870004171939, 0.9856086159070804, 1.111427094948162
3.2136550771313144, 54.472948072391745, 0.9856086159070804, 1.111427094948162
3.1830047713039735, 54.38719727699081, 0.9856086159070804, 1.111427094948162
3.1523515628036747, 54.301447489023616, 0.9856086159070804, 1.111427094948162
3.121695923615386, 54.21569854199733, 0.9856086159070804, 1.111427094948162
3.091038325724026, 54.12995026941907, 0.9856086159070804, 1.111427094948162
3.0603792411145108, 54.04420250479584, 0.9856086159070804, 1.111427094948162
3.0297191417718072, 53.95845508163487, 0.9856086159070804, 1.111427094948162
2.9990584996808156, 53.87270783344316, 0.9856086159070804, 1.111427094948162
2.968397786826504, 53.78696059372791, 0.9856086159070804, 1.111427094948162
2.9377374751937904, 53.70121319599621, 0.9856086159070804, 1.111427094948162
2.907078036767591, 53.6154654737551, 0.9856086159070804, 1.111427094948162
2.8764199435328726, 53.529717260511774, 0.9856086159070804, 1.111427094948162
2.845763667474537, 53.44396838977327, 0.9856086159070804, 1.111427094948162
2.8151096805775495, 53.35821869504675, 0.9856086159070804, 1.111427094948162
2.78445845482683, 53.27246800983931, 0.9856086159070804, 1.111427094948162
2.753810462207294, 53.186716167658005, 0.9856086159070804, 1.111427094948162
2.7231661747039086, 53.10096300201003, 0.9856086159070804, 1.111427094948162
2.692526064301575, 53.015208346402396, 0.9856086159070804, 1.111427094948162
2.6618906029852605, 52.929452034342305, 0.9856086159070804, 1.111427094948162
2.631260262739883, 52.84369389933684, 0.9856086159070804, 1.111427094948162
2.600635515550358, 52.757933774893026, 0.9856086159070804, 1.111427094948162
2.570016833401653, 52.67217149451808, 0.9856086159070804, 1.111427094948162
2.53940468827867, 52.58640689171903, 0.9856086159070804, 1.111427094948162
2.5087995521663746, 52.500639800003064, 0.9856086159070804, 1.111427094948162
2.4782018970496855, 52.41487005287724, 0.9856086159070804, 1.111427094948162
2.4476121949135194, 52.32909748384862, 0.9856086159070804, 1.111427094948162
2.4170308395950175, 52.24332195400527, 0.9856086159070804, 1.111427094948162
2.3864578783677, 52.157543446748384, 0.9856086159070804, 1.111427094948162
2.3558932624680273, 52.07176197937391, 0.9856086159070804, 1.111427094948162
2.32533694312889, 51.98597756917891, 0.9856086159070804, 1.111427094948162
2.294788871583176, 51.90019023346041, 0.9856086159070804, 1.111427094948162
2.264248999063824, 51.81439998951561, 0.9856086159070804, 1.111427094948162
2.2337172768037057, 51.728606854641534, 0.9856086159070804, 1.111427094948162
2.203193656035761, 51.642810846135355, 0.9856086159070804, 1.111427094948162
2.172678087992877, 51.557011981294124, 0.9856086159070804, 1.111427094948162
2.142170523907943, 51.47121027741488, 0.9856086159070804, 1.111427094948162
2.111670915013898, 51.38540575179483, 0.9856086159070804, 1.111427094948162
2.081179212543631, 51.29959842173103, 0.9856086159070804, 1.111427094948162
2.05069536773003, 51.21378830452052, 0.9856086159070804, 1.111427094948162
2.0202193318060355, 51.127975417460476, 0.9856086159070804, 1.111427094948162
1.989751056004518, 51.042159777847935, 0.9856086159070804, 1.111427094948162
1.9592904915584162, 50.95634140298006, 0.9856086159070804, 1.111427094948162
1.9288375897006191, 50.87052031015391, 0.9856086159070804, 1.111427094948162
1.8983923016640158, 50.78469651666654, 0.9856086159070804, 1.111427094948162
1.8679545786815441, 50.69887003981515, 0.9856086159070804, 1.111427094948162
1.8375243719860772, 50.613040896896706, 0.9856086159070804, 1.111427094948162
1.807101632810554, 50.527209105208435, 0.9856086159070804, 1.111427094948162
1.7766863123878622, 50.44137468204739, 0.9856086159070804, 1.111427094948162
1.7462783619508908, 50.355537644710594, 0.9856086159070804, 1.111427094948162
1.7158777327325787, 50.26969801049524, 0.9856086159070804, 1.111427094948162
1.685484375965798, 50.18385579669837, 0.9856086159070804, 1.111427094948162
1.6550982428834882, 50.09801102061713, 0.9856086159070804, 1.111427094948162
1.6247192847185365, 50.0121636995486, 0.9856086159070804, 1.111427094948162
1.5943474527038328, 49.92631385078982, 0.9856086159070804, 1.111427094948162
1.563982698072315, 49.84046149163796, 0.9856086159070804, 1.111427094948162
1.5336249720568558, 49.75460663939005, 0.9856086159070804, 1.111427094948162
1.5032742258903942, 49.66874931134327, 0.9856086159070804, 1.111427094948162
1.4729304108058183, 49.58288952479467, 0.9856086159070804, 1.111427094948162
1.4425934780360177, 49.497027297041335, 0.9856086159070804, 1.111427094948162
1.4122633788139298, 49.41116264538041, 0.9856086159070804, 1.111427094948162
1.3819400643724267, 49.32529558710889, 0.9856086159070804, 1.111427094948162
1.3516234859444491, 49.23942613952401, 0.9856086159070804, 1.111427094948162
1.321313594762884, 49.15355431992279, 0.9856086159070804, 1.111427094948162
1.2910103420606205, 49.06768014560232, 0.9856086159070804, 1.111427094948162
1.2607136790705982, 48.981803633859734, 0.9856086159070804, 1.111427094948162
1.2304235570256876, 48.89592480199207, 0.9856086159070804, 1.111427094948162
1.2001399271588287, 48.810043667296505, 0.9856086159070804, 1.111427094948162
1.1698627407029096, 48.72416024707009, 0.9856086159070804, 1.111427094948162
1.1395919488908193, 48.63827455860988, 0.9856086159070804, 1.111427094948162
1.109327502955497, 48.552386619213095, 0.9856086159070804, 1.111427094948162
1.079069354129814, 48.466496446176684, 0.9856086159070804, 1.111427094948162
1.0488174536467092, 48.380604056797885, 0.9856086159070804, 1.111427094948162
1.0185717527390716, 48.29470946837372, 0.9856086159070804, 1.111427094948162
0.9883322026397898, 48.20881269820124, 0.9856086159070804, 1.111427094948162
0.9580987545818028, 48.12291376357765, 0.9856086159070804, 1.111427094948162
0.9278713597979821, 48.037012681799936, 0.9856086159070804, 1.111427094948162
0.897649969521267, 47.95110947016533, 0.9856086159070804, 1.111427094948162
0.8674345349845461, 47.865204145970814, 0.9856086159070804, 1.111427094948162
0.8372250074207078, 47.779296726513486, 0.9856086159070804, 1.111427094948162
0.8070213380626912, 47.693387229090526, 0.9856086159070804, 1.111427094948162
0.7768234781433685, 47.607475670998944, 0.9856086159070804, 1.111427094948162
0.7466313788956781, 47.521562069535925, 0.9856086159070804, 1.111427094948162
0.7164449915525087, 47.43564644199851, 0.9856086159070804, 1.111427094948162
0.6862642673467496, 47.349728805683775, 0.9856086159070804, 1.111427094948162
0.6560891575113389, 47.26380917788889, 0.9856086159070804, 1.111427094948162
0.6259196132791491, 47.17788757591086, 0.9856086159070804, 1.111427094948162
0.5957555858831187, 47.091964017046884, 0.9856086159070804, 1.111427094948162
0.5655970265561365, 47.006038518593996, 0.9856086159070804, 1.111427094948162
0.5354438865310914, 46.920111097849265, 0.9856086159070804, 1.111427094948162
0.505296117040922, 46.83418177210988, 0.9856086159070804, 1.111427094948162
0.4751536693185002, 46.74825055867283, 0.9856086159070804, 1.111427094948162
0.4450164945967655, 46.66231747483532, 0.9856086159070804, 1.111427094948162
0.41488454410860526, 46.576382537894396, 0.9856086159070804, 1.111427094948162
0.38475776908690973, 46.4904457651471, 0.9856086159070804, 1.111427094948162
0.35463612076461665, 46.404507173890636, 0.9856086159070804, 1.111427094948162
0.3245195503746148, 46.31856678142205, 0.9856086159070804, 1.111427094948162
0.29440800914979376, 46.232624605038396, 0.9856086159070804, 1.111427094948162
0.26430144832309094, 46.14668066203685, 0.9856086159070804, 1.111427094948162
0.23419981912738028, 46.06073496971443, 0.9856086159070804, 1.111427094948162
0.20410307279559858, 45.974787545368315, 0.9856086159070804, 1.111427094948162
0.17401116056063548, 45.88883840629557, 0.9856086159070804, 1.111427094948162
0.14392403365537998, 45.80288756979324, 0.9856086159070804, 1.111427094948162
0.11384164331277047, 45.716935053158515, 0.9856086159070804, 1.111427094948162
0.08376394076567892, 45.630980873688394, 0.9856086159070804, 1.111427094948162
0.053690877247044466, 45.54502504868007, 0.9856086159070804, 1.111427094948162
0.02362240398975554, 45.4590675954306, 0.9856086159070804, 1.111427094948162
-0.006441527773299108, 45.37310853123701, 0.9856086159070804, 1.111427094948162
-0.03650096680918105, 45.28714787339654, 0.9856086159070804, 1.111427094948162
-0.06655596188501671, 45.20118563920615, 0.9856086159070804, 1.111427094948162
-0.09660656176786993, 45.11522184596303, 0.9856086159070804, 1.111427094948162
-0.12665281522484928, 45.02925651096427, 0.9856086159070804, 1.111427094948162
-0.15669477102306795, 44.94328965150686, 0.9856086159070804, 1.111427094948162
-0.18673247792958622, 44.857321284888066, 0.9856086159070804, 1.111427094948162
-0.216765984711532, 44.77135142840481, 0.9856086159070804, 1.111427094948162
-0.24679534013596743, 44.68538009935436, 0.9856086159070804, 1.111427094948162
-0.27682059297000255, 44.599407315033716, 0.9856086159070804, 1.111427094948162
-0.3068417919807496, 44.51343309273995, 0.9856086159070804, 1.111427094948162
-0.3368589859352693, 44.42745744977024, 0.9856086159070804, 1.111427094948162
-0.36687222360068983, 44.34148040342159, 0.9856086159070804, 1.111427094948162
-0.39688155374407275, 44.255501970991205, 0.9856086159070804, 1.111427094948162
-0.4268870251325281, 44.16952216977611, 0.9856086159070804, 1.111427094948162
-0.4568886865331685, 44.083541017073394, 0.9856086159070804, 1.111427094948162
-0.4868865867130544, 43.997558530180214, 0.9856086159070804, 1.111427094948162
-0.516880774439314, 43.91157472639358, 0.9856086159070804, 1.111427094948162
-0.546871298479009, 43.8255896230107, 0.9856086159070804, 1.111427094948162
-0.5768582075992499, 43.73960323732861, 0.9856086159070804, 1.111427094948162
-0.6068415505671483, 43.65361558664435, 0.9856086159070804, 1.111427094948162
-0.6368213761497652, 43.56762668825513, 0.9856086159070804, 1.111427094948162
-0.6667977331142289, 43.481636559457954, 0.9856086159070804, 1.111427094948162
-0.6967706702276005, 43.395645217550005, 0.9856086159070804, 1.111427094948162
-0.7267402362569917, 43.30965267982833, 0.9856086159070804, 1.111427094948162
-0.7567064799695125, 43.22365896358997, 0.9856086159070804, 1.111427094948162
-0.7866694501322254, 43.137664086132155, 0.9856086159070804, 1.111427094948162
-0.8166291955122579, 43.051668064751844, 0.9856086159070804, 1.111427094948162
-0.846585764876671, 42.96567091674625, 0.9856086159070804, 1.111427094948162
-0.8765392069925764, 42.87967265941243, 0.9856086159070804, 1.111427094948162
-0.9064895706270854, 42.79367331004742, 0.9856086159070804, 1.111427094948162
-0.9364369045472584, 42.707672885948405, 0.9856086159070804, 1.111427094948162
-0.9663812575202247, 42.62167140441242, 0.9856086159070804, 1.111427094948162
-0.9963226783130443, 42.535668882736616, 0.9856086159070804, 1.111427094948162
-1.0262612156928292, 42.44966533821806, 0.9856086159070804, 1.111427094948162
-1.0561969184266906, 42.363660788153815, 0.9856086159070804, 1.111427094948162
-1.086129835281689, 42.27765524984106, 0.9856086159070804, 1.111427094948162
-1.1160600150249531, 42.19164874057679, 0.9856086159070804, 1.111427094948162
-1.1459875064235439, 42.10564127765822, 0.9856086159070804, 1.111427094948162
-1.1759123582445732, 42.01963287838238, 0.9856086159070804, 1.111427094948162
-1.205834619255151, 41.93362356004633, 0.9856086159070804, 1.111427094948162
-1.2357543382223402, 41.847613339947245, 0.9856086159070804, 1.111427094948162
-1.2656715639132505, 41.7616022353822, 0.9856086159070804, 1.111427094948162
-1.2955863450949943, 41.675590263648225, 0.9856086159070804, 1.111427094948162
-1.3254987305346324, 41.58957744204252, 0.9856086159070804, 1.111427094948162
-1.3554087689992924, 41.50356378786209, 0.9856086159070804, 1.111427094948162
-1.385316509256036, 41.41754931840412, 0.9856086159070804, 1.111427094948162
-1.4152220000719737, 41.33153405096566, 0.9856086159070804, 1.111427094948162
-1.4451252902142184, 41.24551800284376, 0.9856086159070804, 1.111427094948162
-1.47502642844983, 41.15950119133563, 0.9856086159070804, 1.111427094948162
-1.504925463545936, 41.07348363373824, 0.9856086159070804, 1.111427094948162
-1.5348224442696001, 40.987465347348824, 0.9856086159070804, 1.111427094948162
-1.564717419387931, 40.90144634946438, 0.9856086159070804, 1.111427094948162
-1.5946104376680403, 40.81542665738201, 0.9856086159070804, 1.111427094948162
-1.6245015478769904, 40.72940628839886, 0.9856086159070804, 1.111427094948162
-1.6543907987819082, 40.643385259811964, 0.9856086159070804, 1.111427094948162
-1.6842782391498559, 40.5573635889185, 0.9856086159070804, 1.111427094948162
-1.714163917747944, 40.47134129301552, 0.9856086159070804, 1.111427094948162
-1.744047883343284, 40.385318389400084, 0.9856086159070804, 1.111427094948162
-1.7739301847029374, 40.299294895369364, 0.9856086159070804, 1.111427094948162
-1.8038108705940314, 40.213270828220374, 0.9856086159070804, 1.111427094948162
-1.833689989783628, 40.12724620525031, 0.9856086159070804, 1.111427094948162
-1.8635675910388385, 40.04122104375621, 0.9856086159070804, 1.111427094948162
-1.8934437231267736, 39.955195361035145, 0.9856086159070804, 1.111427094948162
-1.9233184348144947, 39.86916917438428, 0.9856086159070804, 1.111427094948162
-1.9531917748691299, 39.78314250110063, 0.9856086159070804, 1.111427094948162
-1.9830637920577399, 39.69711535848139, 0.9856086159070804, 1.111427094948162
-2.012934535147437, 39.611087763823605, 0.9856086159070804, 1.111427094948162
-2.042804052905332, 39.52505973442434, 0.9856086159070804, 1.111427094948162
-2.072672394098486, 39.43903128758075, 0.9856086159070804, 1.111427094948162
-2.102539607494027, 39.353002440589876, 0.9856086159070804, 1.111427094948162
-2.132405741859016, 39.26697321074889, 0.9856086159070804, 1.111427094948162
-2.162270845960564, 39.180943615354856, 0.9856086159070804, 1.111427094948162
-2.192134968565784, 39.0949136717048, 0.9856086159070804, 1.111427094948162
-2.2219981584417345, 39.00888339709594, 0.9856086159070804, 1.111427094948162
-2.251860464355546, 38.92285280882527, 0.9856086159070804, 1.111427094948162
-2.2817219350742786, 38.83682192418996, 0.9856086159070804, 1.111427094948162
-2.3115826193650433, 38.75079076048709, 0.9856086159070804, 1.111427094948162
-2.341442565994953, 38.66475933501371, 0.9856086159070804, 1.111427094948162
-2.3713018237310655, 38.578727665066985, 0.9856086159070804, 1.111427094948162
-2.4011604413405125, 38.49269576794394, 0.9856086159070804, 1.111427094948162
-2.431018467590353, 38.40666366094175, 0.9856086159070804, 1.111427094948162
-2.460875951247699, 38.32063136135749, 0.9856086159070804, 1.111427094948162
-2.4907329410796617, 38.234598886488186, 0.9856086159070804, 1.111427094948162
-2.520589485853302, 38.14856625363104, 0.9856086159070804, 1.111427094948162
-2.5504456343357482, 38.06253348008305, 0.9856086159070804, 1.111427094948162
-2.5803014352940616, 37.97650058314141, 0.9856086159070804, 1.111427094948162
-2.6101569374953537, 37.89046758010318, 0.9856086159070804, 1.111427094948162
-2.6400121897067352, 37.80443448826538, 0.9856086159070804, 1.111427094948162
-2.669867240695268, 37.71840132492524, 0.9856086159070804, 1.111427094948162
-2.6997221392280784, 37.63236810737974, 0.9856086159070804, 1.111427094948162
-2.7295769340722296, 37.54633485292607, 0.9856086159070804, 1.111427094948162
-2.759431673994832, 37.4603015788613, 0.9856086159070804, 1.111427094948162
-2.7892864077629973, 37.37426830248245, 0.9856086159070804, 1.111427094948162
-2.819141184143786, 37.288235041086736, 0.9856086159070804, 1.111427094948162
-2.8489960519043267, 37.202201811971165, 0.9856086159070804, 1.111427094948162
-2.87885105981168, 37.1161686324329, 0.9856086159070804, 1.111427094948162
-2.908706256632958, 37.03013551976902, 0.9856086159070804, 1.111427094948162
-2.938561691135271, 36.944102491276546, 0.9856086159070804, 1.111427094948162
-2.9684174120856817, 36.85806956425268, 0.9856086159070804, 1.111427094948162
-2.9982734682512993, 36.772036755994506, 0.9856086159070804, 1.111427094948162
-3.0281299083992366, 36.686004083799034, 0.9856086159070804, 1.111427094948162
-3.0579867812965547, 36.59997156496346, 0.9856086159070804, 1.111427094948162
-3.087844135710381, 36.51393921678479, 0.9856086159070804, 1.111427094948162
-3.117702020407777, 36.427907056560244, 0.9856086159070804, 1.111427094948162
-3.1475604841558553, 36.34187510158683, 0.9856086159070804, 1.111427094948162
-3.177419575721724, 36.25584336916162, 0.9856086159070804, 1.111427094948162
-3.2072793438724467, 36.1698118765818, 0.9856086159070804, 1.111427094948162
-3.2371398373751505, 36.08378064114436, 0.9856086159070804, 1.111427094948162
-3.267001104996898, 35.997749680146526, 0.9856086159070804, 1.111427094948162
-3.2968631955047982, 35.911719010885314, 0.9856086159070804, 1.111427094948162
-3.3267261576659646, 35.8256886506578, 0.9856086159070804, 1.111427094948162
-3.3565900402474567, 35.739658616761155, 0.9856086159070804, 1.111427094948162
-3.3864548920164044, 35.653628926492395, 0.9856086159070804, 1.111427094948162
-3.416320761739866, 35.56759959714871, 0.9856086159070804, 1.111427094948162
-3.4461876981849557, 35.48157064602714, 0.9856086159070804, 1.111427094948162
-3.4760557501187836, 35.39554209042474, 0.9856086159070804, 1.111427094948162
-3.5059249663084104, 35.309513947638706, 0.9856086159070804, 1.111427094948162
-3.535795395520964, 35.223486234966025, 0.9856086159070804, 1.111427094948162
-3.565667086523507, 35.13745896970392, 0.9856086159070804, 1.111427094948162
-3.5955400880831503, 35.05143216914942, 0.9856086159070804, 1.111427094948162
-3.625414448967004, 34.96540585059958, 0.9856086159070804, 1.111427094948162
-3.655290217942129, 34.879380031351566, 0.9856086159070804, 1.111427094948162
-3.685167443775655, 34.793354728702425, 0.9856086159070804, 1.111427094948162
-3.715046175234644, 34.70732995994932, 0.9856086159070804, 1.111427094948162
-3.7449264610862043, 34.62130574238931, 0.9856086159070804, 1.111427094948162
-3.7748083500974485, 34.535282093319445, 0.9856086159070804, 1.111427094948162
-3.8046918910354384, 34.44925903003691, 0.9856086159070804, 1.111427094948162
-3.834577132667303, 34.363236569838726, 0.9856086159070804, 1.111427094948162
-3.8644641237601007, 34.27721473002206, 0.9856086159070804, 1.111427094948162
-3.894352913080944, 34.19119352788397, 0.9856086159070804, 1.111427094948162
-3.9242435493969436, 34.10517298072152, 0.9856086159070804, 1.111427094948162
-3.954136081475162, 34.01915310583187, 0.9856086159070804, 1.111427094948162
-3.9840305580827278, 33.93313392051206, 0.9856086159070804, 1.111427094948162
-4.0139270279867, 33.84711544205927, 0.9856086159070804, 1.111427094948162
-4.043825539954191, 33.76109768777054, 0.9856086159070804, 1.111427094948162
-4.073726142752312, 33.675080674942926, 0.9856086159070804, 1.111427094948162
-4.103628885148124, 33.58906442087362, 0.9856086159070804, 1.111427094948162
-4.133533815908756, 33.503048942859614, 0.9856086159070804, 1.111427094948162
-4.163440983801267, 33.417034258198115, 0.9856086159070804, 1.111427094948162
-4.19335043759277, 33.33102038418617, 0.9856086159070804, 1.111427094948162
-4.223262226050376, 33.245007338120814, 0.9856086159070804, 1.111427094948162
-4.253176397941146, 33.15899513729926, 0.9856086159070804, 1.111427094948162
-4.283093002032208, 33.072983799018495, 0.9856086159070804, 1.111427094948162
-4.313012087090624, 32.986973340575716, 0.9856086159070804, 1.111427094948162
-4.3429337018835055, 32.90096377926799, 0.9856086159070804, 1.111427094948162
-4.37285789517796, 32.81495513239234, 0.9856086159070804, 1.111427094948162
-4.4027847157410545, 32.728947417245976, 0.9856086159070804, 1.111427094948162
-4.4327142123399135, 32.64294065112588, 0.9856086159070804, 1.111427094948162
-4.462646433741597, 32.55693485132926, 0.9856086159070804, 1.111427094948162
-4.492581428713219, 32.470930035153174, 0.9856086159070804, 1.111427094948162
-4.52251924602189, 32.384926219894645, 0.9856086159070804, 1.111427094948162
-4.552459934434671, 32.29892342285089, 0.9856086159070804, 1.111427094948162
-4.582403542718691, 32.2129216613189, 0.9856086159070804, 1.111427094948162
-4.612350119641008, 32.126920952595874, 0.9856086159070804, 1.111427094948162
-4.642299713968737, 32.04092131397885, 0.9856086159070804, 1.111427094948162
-4.672252374468987, 31.954922762764884, 0.9856086159070804, 1.111427094948162
-4.702208149908821, 31.868925316251172, 0.9856086159070804, 1.111427094948162
-4.732167089055348, 31.782928991734764, 0.9856086159070804, 1.111427094948162
-4.762129240675683, 31.696933806512696, 0.9856086159070804, 1.111427094948162
-4.792094653536882, 31.61093977788218, 0.9856086159070804, 1.111427094948162
-4.822063376406078, 31.5249469231402, 0.9856086159070804, 1.111427094948162
-4.8520354580481255, 31.438955259583174, 0.9856086159070804, 1.111427094948162
-4.882010930027464, 31.3529647984071, 0.9856086159070804, 1.111427094948162
-4.9119897652034235, 31.26697552998779, 0.9856086159070804, 1.111427094948162
-4.941971923921912, 31.1809874402632, 0.9856086159070804, 1.111427094948162
-4.971957366528921, 31.095000515171144, 0.9856086159070804, 1.111427094948162
-5.0019460533703635, 31.00901474064961, 0.9856086159070804, 1.111427094948162
-5.031937944792206, 30.92303010263643, 0.9856086159070804, 1.111427094948162
-5.061933001140416, 30.837046587069462, 0.9856086159070804, 1.111427094948162
-5.091931182760913, 30.751064179886683, 0.9856086159070804, 1.111427094948162
-5.121932449999673, 30.66508286702589, 0.9856086159070804, 1.111427094948162
-5.151936763202619, 30.579102634425066, 0.9856086159070804, 1.111427094948162
-5.1819440827157175, 30.49312346802206, 0.9856086159070804, 1.111427094948162
-5.21195436888493, 30.407145353754714, 0.9856086159070804, 1.111427094948162
-5.241967582056179, 30.321168277561018, 0.9856086159070804, 1.111427094948162
-5.271983682575443, 30.23519222537875, 0.9856086159070804, 1.111427094948162
-5.302002630788645, 30.14921718314593, 0.9856086159070804, 1.111427094948162
-5.332024387041745, 30.063243136800374, 0.9856086159070804, 1.111427094948162
-5.362048911680714, 29.977270072279936, 0.9856086159070804, 1.111427094948162
-5.392076165051468, 29.891297975522605, 0.9856086159070804, 1.111427094948162
-5.422106107499986, 29.805326832466157, 0.9856086159070804, 1.111427094948162
-5.452138699372188, 29.7193566290486, 0.9856086159070804, 1.111427094948162
-5.482173901014044, 29.63338735120777, 0.9856086159070804, 1.111427094948162
-5.5122116727715165, 29.54741898488151, 0.9856086159070804, 1.111427094948162
-5.542251974990524, 29.461451516007813, 0.9856086159070804, 1.111427094948162
-5.572294768017048, 29.37548493052446, 0.9856086159070804, 1.111427094948162
-5.602340012197006, 29.289519214369463, 0.9856086159070804, 1.111427094948162
-5.6323876678763645, 29.20355435348063, 0.9856086159070804, 1.111427094948162
-5.662437695401091, 29.117590333795835, 0.9856086159070804, 1.111427094948162
-5.692490055117101, 29.03162714125305, 0.9856086159070804, 1.111427094948162
-5.72254470737038, 28.94566476179007, 0.9856086159070804, 1.111427094948162
-5.752601612506843, 28.859703181344894, 0.9856086159070804, 1.111427094948162
-5.782660730872455, 28.773742385855346, 0.9856086159070804, 1.111427094948162
-5.812722022813187, 28.687782361259284, 0.9856086159070804, 1.111427094948162
-5.842785448674951, 28.601823093494698, 0.9856086159070804, 1.111427094948162
-5.872850968803734, 28.515864568499367, 0.9856086159070804, 1.111427094948162
-5.902918543545451, 28.429906772211286, 0.9856086159070804, 1.111427094948162
-5.932988133246068, 28.343949690568305, 0.9856086159070804, 1.111427094948162
-5.963059698251554, 28.25799330950826, 0.9856086159070804, 1.111427094948162
-5.993133198907824, 28.17203761496914, 0.9856086159070804, 1.111427094948162
-6.023208595560861, 28.086082592888737, 0.9856086159070804, 1.111427094948162
-6.053285848556582, 28.000128229205046, 0.9856086159070804, 1.111427094948162
-6.083364918240954, 27.914174509855897, 0.9856086159070804, 1.111427094948162
-6.113445764959944, 27.828221420779137, 0.9856086159070804, 1.111427094948162
-6.1435283490594665, 27.742268947912763, 0.9856086159070804, 1.111427094948162
-6.173612630885509, 27.65631707719457, 0.9856086159070804, 1.111427094948162
-6.203698570783985, 27.570365794562534, 0.9856086159070804, 1.111427094948162
-6.233786129100862, 27.484415085954506, 0.9856086159070804, 1.111427094948162
-6.263875266182105, 27.398464937308315, 0.9856086159070804, 1.111427094948162
-6.293965942373634, 27.312515334561965, 0.9856086159070804, 1.111427094948162
-6.32405811802143, 27.22656626365325, 0.9856086159070804, 1.111427094948162
-6.354151753471412, 27.140617710520157, 0.9856086159070804, 1.111427094948162
-6.384246809069543, 27.054669661100515, 0.9856086159070804, 1.111427094948162
-6.414343245161791, 26.968722101332183, 0.9856086159070804, 1.111427094948162
-6.444441022094074, 26.88277501715313, 0.9856086159070804, 1.111427094948162
-6.474540100212362, 26.796828394501237, 0.9856086159070804, 1.111427094948162
-6.504640439862613, 26.710882219314296, 0.9856086159070804, 1.111427094948162
-6.5347420013907485, 26.624936477530323, 0.9856086159070804, 1.111427094948162
-6.564844745142754, 26.538991155087114, 0.9856086159070804, 1.111427094948162
-6.594948631464541, 26.45304623792265, 0.9856086159070804, 1.111427094948162
-6.62505362070208, 26.367101711974776, 0.9856086159070804, 1.111427094948162
-6.655159673201337, 26.281157563181335, 0.9856086159070804, 1.111427094948162
-6.685266749308228, 26.195213777480316, 0.9856086159070804, 1.111427094948162
-6.715374809368736, 26.10927034080951, 0.9856086159070804, 1.111427094948162
-6.74548381372878, 26.0233272391069, 0.9856086159070804, 1.111427094948162
-6.775593722734326, 25.937384458310344, 0.9856086159070804, 1.111427094948162
-6.805704496731337, 25.851441984357667, 0.9856086159070804, 1.111427094948162
-6.8358160960657335, 25.765499803186874, 0.9856086159070804, 1.111427094948162
-6.865928481083497, 25.679557900735745, 0.9856086159070804, 1.111427094948162
-6.896041612130547, 25.59361626294228, 0.9856086159070804, 1.111427094948162
-6.926155449552846, 25.50767487574431, 0.9856086159070804, 1.111427094948162
-6.956269953696362, 25.42173372507968, 0.9856086159070804, 1.111427094948162
-6.986385084907013, 25.335792796886388, 0.9856086159070804, 1.111427094948162
-7.016500803530782, 25.24985207710222, 0.9856086159070804, 1.111427094948162
-7.046617069913588, 25.163911551665173, 0.9856086159070804, 1.111427094948162
-7.076733844401392, 25.077971206513073, 0.9856086159070804, 1.111427094948162
-7.106851087340163, 24.99203102758377, 0.9856086159070804, 1.111427094948162
-7.136968759075821, 24.906091000815255, 0.9856086159070804, 1.111427094948162
-7.167086819954345, 24.82015111214532, 0.9856086159070804, 1.111427094948162
-7.197205230321655, 24.734211347511966, 0.9856086159070804, 1.111427094948162
-7.227323950523713, 24.648271692853008, 0.9856086159070804, 1.111427094948162
-7.2574429409064924, 24.56233213410631, 0.9856086159070804, 1.111427094948162
-7.287562161815905, 24.47639265720986, 0.9856086159070804, 1.111427094948162
-7.317681573597935, 24.390453248101437, 0.9856086159070804, 1.111427094948162
-7.347801136598499, 24.304513892719047, 0.9856086159070804, 1.111427094948162
-7.377920811163563, 24.21857457700051, 0.9856086159070804, 1.111427094948162
-7.408040557639097, 24.132635286883694, 0.9856086159070804, 1.111427094948162
-7.4381603363710145, 24.046696008306576, 0.9856086159070804, 1.111427094948162
-7.468280107705301, 23.96075672720695, 0.9856086159070804, 1.111427094948162
-7.4983998319878715, 23.8748174295228, 0.9856086159070804, 1.111427094948162
-7.52851946956469, 23.788878101191965, 0.9856086159070804, 1.111427094948162
-7.558638980781732, 23.702938728152315, 0.9856086159070804, 1.111427094948162
-7.588758325984905, 23.61699929634181, 0.9856086159070804, 1.111427094948162
-7.618877465520195, 23.531059791698247, 0.9856086159070804, 1.111427094948162
-7.6489963597335215, 23.44512020015962, 0.9856086159070804, 1.111427094948162
-7.679114968970847, 23.359180507663773, 0.9856086159070804, 1.111427094948162
-7.709233253578141, 23.273240700148556, 0.9856086159070804, 1.111427094948162
-7.739351173901322, 23.18730076355194, 0.9856086159070804, 1.111427094948162
-7.769468690286367, 23.101360683811723, 0.9856086159070804, 1.111427094948162
-7.7995857630792, 23.015420446865903, 0.9856086159070804, 1.111427094948162
-7.82970235262578, 22.92948003865231, 0.9856086159070804, 1.111427094948162
-7.859818419272082, 22.8435394451088, 0.9856086159070804, 1.111427094948162
-7.889933923364017, 22.757598652173353, 0.9856086159070804, 1.111427094948162
-7.92004882524757, 22.671657645783768, 0.9856086159070804, 1.111427094948162
-7.950163085268658, 22.585716411878025, 0.9856086159070804, 1.111427094948162
-7.980276663773244, 22.499774936393965, 0.9856086159070804, 1.111427094948162
-8.010389521107301, 22.413833205269444, 0.9856086159070804, 1.111427094948162
-8.04050161761674, 22.327891204442434, 0.9856086159070804, 1.111427094948162
-8.070612913647535, 22.241948919850802, 0.9856086159070804, 1.111427094948162
-8.100723369545644, 22.156006337432366, 0.9856086159070804, 1.111427094948162
-8.130832945656989, 22.070063443125125, 0.9856086159070804, 1.111427094948162
-8.160941602327553, 21.984120222866874, 0.9856086159070804, 1.111427094948162
-8.191049299903248, 21.898176662595592, 0.9856086159070804, 1.111427094948162
-8.221155998730048, 21.81223274824913, 0.9856086159070804, 1.111427094948162
-8.251261659153913, 21.726288465765336, 0.9856086159070804, 1.111427094948162
-8.281366241520765, 21.640343801082185, 0.9856086159070804, 1.111427094948162
-8.311469706176583, 21.55439874013747, 0.9856086159070804, 1.111427094948162
-8.341572013467283, 21.468453268869194, 0.9856086159070804, 1.111427094948162
-8.371673123738839, 21.38250737321519, 0.9856086159070804, 1.111427094948162
-8.401772997337211, 21.296561039113296, 0.9856086159070804, 1.111427094948162
-8.43187159460832, 21.210614252501518, 0.9856086159070804, 1.111427094948162
-8.461968875898144, 21.124666999317636, 0.9856086159070804, 1.111427094948162
-8.492064801552603, 21.038719265499633, 0.9856086159070804, 1.111427094948162
-8.522159331917663, 20.95277103698536, 0.9856086159070804, 1.111427094948162
-8.552252427339292, 20.866822299712666, 0.9856086159070804, 1.111427094948162
-8.582344048163405, 20.780873039619525, 0.9856086159070804, 1.111427094948162
-8.612434154735986, 20.694923242643743, 0.9856086159070804, 1.111427094948162
-8.642522707402954, 20.6089728947233, 0.9856086159070804, 1.111427094948162
-8.672609666510269, 20.52302198179604, 0.9856086159070804, 1.111427094948162
-8.702694992403904, 20.43707048979981, 0.9856086159070804, 1.111427094948162
-8.732778645429773, 20.35111840467259, 0.9856086159070804, 1.111427094948162
-8.762860585933863, 20.265165712352193, 0.9856086159070804, 1.111427094948162
-8.792940774262085, 20.179212398776578, 0.9856086159070804, 1.111427094948162
-8.823019170760407, 20.093258449883614, 0.9856086159070804, 1.111427094948162
-8.853095735774797, 20.007303851611123, 0.9856086159070804, 1.111427094948162
-8.883170429651175, 19.92134858989711, 0.9856086159070804, 1.111427094948162
-8.91324321273552, 19.83539265067936, 0.9856086159070804, 1.111427094948162
-8.94331404537375, 19.749436019895864, 0.9856086159070804, 1.111427094948162
-8.973382887911828, 19.663478683484463, 0.9856086159070804, 1.111427094948162
-9.003449700695727, 19.577520627383, 0.9856086159070804, 1.111427094948162
-9.033514444071358, 19.491561837529456, 0.9856086159070804, 1.111427094948162
-9.063577078384712, 19.40560229986165, 0.9856086159070804, 1.111427094948162
-9.093637563981698, 19.319642000317536, 0.9856086159070804, 1.111427094948162
-9.123695861208283, 19.233680924834978, 0.9856086159070804, 1.111427094948162
-9.15375193041044, 19.147719059351818, 0.9856086159070804, 1.111427094948162
-9.18380573193408, 19.061756389806035, 0.9856086159070804, 1.111427094948162
-9.213857226125185, 18.975792902135428, 0.9856086159070804, 1.111427094948162
-9.24390637332968, 18.889828582277985, 0.9856086159070804, 1.111427094948162
-9.273953133893524, 18.803863416171552, 0.9856086159070804, 1.111427094948162
-9.303997468162684, 18.717897389753965, 0.9856086159070804, 1.111427094948162
-9.334039336483082, 18.631930488963214, 0.9856086159070804, 1.111427094948162
-9.364078699200697, 18.5459626997371, 0.9856086159070804, 1.111427094948162
-9.394115516661445, 18.459994008013602, 0.9856086159070804, 1.111427094948162
-9.424149749211296, 18.374024399730562, 0.9856086159070804, 1.111427094948162
-9.454181357196216, 18.288053860825833, 0.9856086159070804, 1.111427094948162
-9.484210300962118, 18.202082377237396, 0.9856086159070804, 1.111427094948162
-9.514236540854991, 18.116109934903047, 0.9856086159070804, 1.111427094948162
-9.544260037220747, 18.03013651976077, 0.9856086159070804, 1.111427094948162
-9.574280750405354, 17.944162117748412, 0.9856086159070804, 1.111427094948162
-9.604298640754783, 17.858186714803814, 0.9856086159070804, 1.111427094948162
-9.634313668614942, 17.77221029686497, 0.9856086159070804, 1.111427094948162
-9.664325794331821, 17.68623284986966, 0.9856086159070804, 1.111427094948162
-9.694334978251335, 17.600254359755883, 0.9856086159070804, 1.111427094948162
-9.724341180719449, 17.514274812461483, 0.9856086159070804, 1.111427094948162
-9.754344362082133, 17.428294193924295, 0.9856086159070804, 1.111427094948162
-9.784344482685302, 17.34231249008231, 0.9856086159070804, 1.111427094948162
-9.81434150287492, 17.25632968687337, 0.9856086159070804, 1.111427094948162
-9.84433538299696, 17.170345770235325, 0.9856086159070804, 1.111427094948162
-9.87432608339733, 17.084360726106155, 0.9856086159070804, 1.111427094948162
-9.904313564422022, 16.998374540423654, 0.9856086159070804, 1.111427094948162
-9.934297786416947, 16.912387199125817, 0.9856086159070804, 1.111427094948162
-9.964278709728074, 16.82639868815048, 0.9856086159070804, 1.111427094948162
-9.99425629470137, 16.740408993435487, 0.9856086159070804, 1.111427094948162
-10.024230501682748, 16.654418100918825, 0.9856086159070804, 1.111427094948162
-10.054201291018199, 16.568425996538295, 0.9856086159070804, 1.111427094948162
-10.084168623053632, 16.482432666231873, 0.9856086159070804, 1.111427094948162
-10.114132458135014, 16.396438095937413, 0.9856086159070804, 1.111427094948162
-10.144092756608316, 16.31044227159275, 0.9856086159070804, 1.111427094948162
-10.174049478819452, 16.224445179135877, 0.9856086159070804, 1.111427094948162
-10.20400258511441, 16.13844680450459, 0.9856086159070804, 1.111427094948162
-10.2339520358391, 16.052447133636868, 0.9856086159070804, 1.111427094948162
-10.263897791339492, 15.966446152470562, 0.9856086159070804, 1.111427094948162
-10.293839811961554, 15.880443846943514, 0.9856086159070804, 1.111427094948162
-10.323778058051197, 15.794440202993702, 0.9856086159070804, 1.111427094948162
-10.353712489954411, 15.708435206558937, 0.9856086159070804, 1.111427094948162
-10.38364306801711, 15.622428843577191, 0.9856086159070804, 1.111427094948162
-10.413569752585257, 15.536421099986315, 0.9856086159070804, 1.111427094948162
-10.443492504004826, 15.450411961724154, 0.9856086159070804, 1.111427094948162
-10.47341128262173, 15.364401414728688, 0.9856086159070804, 1.111427094948162
-10.503326048781952, 15.27838944493772, 0.9856086159070804, 1.111427094948162
-10.533236762831406, 15.192376038289227, 0.9856086159070804, 1.111427094948162
-10.563143385116065, 15.106361180721063, 0.9856086159070804, 1.111427094948162
-10.59304587598189, 15.020344858171063, 0.9856086159070804, 1.111427094948162
-10.6229441957748, 14.93432705657722, 0.9856086159070804, 1.111427094948162
-10.652838304840778, 14.848307761877324, 0.9856086159070804, 1.111427094948162
-10.682728163525741, 14.762286960009366, 0.9856086159070804, 1.111427094948162
-10.712613732175658, 14.676264636911187, 0.9856086159070804, 1.111427094948162
-10.742494971136491, 14.590240778520633, 0.9856086159070804, 1.111427094948162
-10.772371840754161, 14.504215370775688, 0.9856086159070804, 1.111427094948162
-10.80224430137465, 14.418188399614149, 0.9856086159070804, 1.111427094948162
-10.83211231334387, 14.332159850973998, 0.9856086159070804, 1.111427094948162
-10.861975837007794, 14.246129710793081, 0.9856086159070804, 1.111427094948162
-10.891834832712386, 14.160097965009246, 0.9856086159070804, 1.111427094948162
-10.921689260803563, 14.074064599560478, 0.9856086159070804, 1.111427094948162
-10.95153908162731, 13.98802960038457, 0.9856086159070804, 1.111427094948162
-10.98138425552954, 13.901992953419509, 0.9856086159070804, 1.111427094948162
-11.011224742856221, 13.815954644603135, 0.9856086159070804, 1.111427094948162
-11.041060503953318, 13.729914659873296, 0.9856086159070804, 1.111427094948162
-11.070891499166756, 13.643872985167981, 0.9856086159070804, 1.111427094948162
-11.100717688842508, 13.557829606424978, 0.9856086159070804, 1.111427094948162
-11.130539033326496, 13.471784509582283, 0.9856086159070804, 1.111427094948162
-11.160355492964685, 13.38573768057773, 0.9856086159070804, 1.111427094948162
-11.190167028103044, 13.299689105349167, 0.9856086159070804, 1.111427094948162
-11.219973599087488, 13.213638769834581, 0.9856086159070804, 1.111427094948162
-11.249775166263998, 13.127586659971767, 0.9856086159070804, 1.111427094948162
-11.279571689978496, 13.041532761698711, 0.9856086159070804, 1.111427094948162
-11.309363130576944, 12.955477060953257, 0.9856086159070804, 1.111427094948162
-11.339149448405314, 12.86941954367325, 0.9856086159070804, 1.111427094948162
-11.368930603809513, 12.783360195796671, 0.9856086159070804, 1.111427094948162
-11.398706557135533, 12.697299003261321, 0.9856086159070804, 1.111427094948162
-11.428477268729285, 12.611235952005181, 0.9856086159070804, 1.111427094948162
-11.458242698936743, 12.525171027966103, 0.9856086159070804, 1.111427094948162
-11.488002808103872, 12.439104217081926, 0.9856086159070804, 1.111427094948162
-11.51775755657658, 12.353035505290634, 0.9856086159070804, 1.111427094948162
-11.54750690470084, 12.266964878530075, 0.9856086159070804, 1.111427094948162
-11.57725081282262, 12.180892322738085, 0.9856086159070804, 1.111427094948162
-11.606989241287838, 12.09481782385266, 0.9856086159070804, 1.111427094948162
-11.636722150442472, 12.008741367811588, 0.9856086159070804, 1.111427094948162
-11.666449500632439, 11.92266294055286, 0.9856086159070804, 1.111427094948162
-11.696171252203714, 11.836582528014322, 0.9856086159070804, 1.111427094948162
-11.725887365502249, 11.750500116133807, 0.9856086159070804, 1.111427094948162
-11.755597800873975, 11.664415690849312, 0.9856086159070804, 1.111427094948162
-11.785302518664867, 11.578329238098627, 0.9856086159070804, 1.111427094948162
-11.815001479220845, 11.492240743819739, 0.9856086159070804, 1.111427094948162
-11.844694642887873, 11.406150193950497, 0.9856086159070804, 1.111427094948162
-11.87438197001192, 11.320057574428732, 0.9856086159070804, 1.111427094948162
-11.904063420938904, 11.233962871192446, 0.9856086159070804, 1.111427094948162
-11.933738956014805, 11.147866070179425, 0.9856086159070804, 1.111427094948162
-11.963408535585542, 11.061767157327658, 0.9856086159070804, 1.111427094948162
-11.993072119997082, 10.97566611857499, 0.9856086159070804, 1.111427094948162
-12.022729669595389, 10.889562939859259, 0.9856086159070804, 1.111427094948162
-12.05238114472638, 10.803457607118457, 0.9856086159070804, 1.111427094948162
-12.08202650573604, 10.717350106290375, 0.9856086159070804, 1.111427094948162
-12.111665712970286, 10.631240423313004, 0.9856086159070804, 1.111427094948162
